,학원명,도로명주소,위도,경도
0,생명을살리는수학창의교육보습학원,서울특별시 광진구 구의강변로 106,37.5399001,127.0948193
1,시엘음악학원,서울특별시 광진구 용마산로21길 27,37.5634854,127.0859389
2,성신에듀학원,서울특별시 광진구 자양로22길 24,37.5394904,127.0846921
3,청람보습학원,서울특별시 광진구 용마산로 100,37.5626083,127.087319
4,상명보습학원,서울특별시 광진구 자양로 181-1,37.543898,127.0845631
5,위너스아카데미학원,서울특별시 광진구 뚝섬로64길 42,37.5317302,127.0888652
6,창조의아침미술학원,서울특별시 광진구 천호대로 566,37.5563402,127.0806204
7,성지미술학원,서울특별시 광진구 자양로50길 17,37.5521757,127.0933669
8,가람음악학원,서울특별시 광진구 뚝섬로36길 15,37.533733,127.0714588
9,한일컴퓨터학원,서울특별시 광진구 용마산로 93,37.5619087,127.0870137
10,조이학원,서울특별시 광진구 면목로 137,37.5656602,127.0808767
11,대진독서실,서울특별시 광진구 면목로 155,37.5673131,127.0817901
12,구의음악학원,서울특별시 광진구 자양로41길 7,37.5497219,127.0898572
13,포레음악학원,서울특별시 광진구 자양로13길 61,37.5337338,127.0814398
14,신글로리음악학원,서울특별시 광진구 자양로 294,37.5517515,127.0923627
15,자매음악학원,서울특별시 광진구 동일로24길 13,37.5439693,127.0660367
16,동부대일보습학원,서울특별시 광진구 영화사로 32,37.5567329,127.0903676
17,강북전문가집단보습학원,서울특별시 광진구 용마산로 111,37.5635935,127.0866729
18,서울필음악학원,서울특별시 광진구 뚝섬로 587,37.5335228,127.0754315
19,예원음악학원,서울특별시 광진구 자양로 282-1,37.5509934,127.0917623
20,포일스독서실,서울특별시 광진구 아차산로 623,37.548496,127.106796
21,스터디뱅크독서실,서울특별시 광진구 뚝섬로33길 45,37.5370226,127.0700899
22,군자스터디뱅크독서실,서울특별시 광진구 군자로 100,37.5519103,127.0714764
23,지니음악학원,서울특별시 광진구 영화사로 29-1,37.5570335,127.0905629
24,유니버설발레학원,서울특별시 광진구 천호대로 670,37.55104770000001,127.0895364
25,엘림보습학원,서울특별시 광진구 천호대로 616,37.5543504,127.0857568
26,GMstudy학원,서울특별시 광진구 아차산로 494,37.541154,127.0967128
27,서울학원,서울특별시 광진구 자양로42길 2,37.5493218,127.0904011
28,전문가집단보습학원,서울특별시 광진구 용마산로 111,37.5635935,127.0866729
29,유니크(Unique)보습학원,서울특별시 광진구 뚝섬로 590,37.5331067,127.0752992
30,위드스카이학원,서울특별시 광진구 뚝섬로56길 21,37.5304977,127.0827277
31,올림피아드보습학원,서울특별시 광진구 아차산로 376,37.5364443,127.0844799
32,광개토아카데미보습학원,서울특별시 광진구 용마산로 114,37.5638778,127.0871117
33,성심보습학원,서울특별시 광진구 능동로13길 102,37.5460087,127.0682278
34,이드미술학원,서울특별시 광진구 아차산로 191,37.5420462,127.0651456
35,공신보습학원,서울특별시 광진구 동일로 274,37.5557399,127.0719634
36,한국보습학원,서울특별시 광진구 아차산로 201,37.5417904,127.0660431
37,진학학원,서울특별시 광진구 군자로 138,37.553954,127.0746597
38,혜민병원부설간호조무사학원,서울특별시 광진구 자양로 81,37.5350613,127.0838543
39,탑(Top)고려보습학원,서울특별시 광진구 능동로 373,37.5627248,127.0822682
40,서울관악보습학원,서울특별시 광진구 아차산로 635,37.55052450000001,127.1065516
41,해강학원,서울특별시 광진구 광나루로 621,37.5407819,127.0967829
42,가주수학학원,서울특별시 광진구 자양번영로 26,37.5319521,127.0755506
43,서울제과제빵조리학원,서울특별시 광진구 아차산로 201,37.5417904,127.0660431
44,청운독서실,서울특별시 광진구 자양로26길 31,37.5415764,127.0857397
45,스터디엔카페건대입구센터독서실,서울특별시 광진구 능동로 49,37.5358139,127.0683342
46,퍼스트요리아카데미건대점학원,서울특별시 광진구 아차산로 238,37.53998,127.0695528
47,새이화음악학원,서울특별시 광진구 군자로 138,37.553954,127.0746597
48,집중스터디카페앤독서실,서울특별시 광진구 아차산로70길 22,37.5420899,127.1013675
49,중앙보습학원,서울특별시 광진구 영화사로 34,37.55659010000001,127.0905058
50,이엠보습학원,서울특별시 광진구 영화사로 59-1,37.5552465,127.0931079
51,씨원수학학원,서울특별시 광진구 아차산로 499,37.5424654,127.0962926
52,하이스트자양보습학원,서울특별시 광진구 뚝섬로 587,37.5335228,127.0754315
53,에페슈즈앤백디자인학원,서울특별시 광진구 아차산로 187,37.5423197,127.0646508
54,J.B음악학원,서울특별시 광진구 뚝섬로 489,37.5364865,127.0648626
55,샤인영어학원,서울특별시 광진구 아차산로65길 14,37.5410475,127.0940895
56,비젼아카데미보습학원,서울특별시 광진구 군자로 80,37.5502628,127.0711262
57,와이즈만영재보습학원,서울특별시 광진구 광나루로 556,37.5442671,127.0911709
58,최고수보습학원,서울특별시 광진구 아차산로 621,37.5484962,127.1072266
59,대치동에듀케이션보습학원,서울특별시 광진구 긴고랑로13길 47,37.5645849,127.0826232
60,한국사관보습학원,서울특별시 광진구 용마산로24길 6,37.5651108,127.0871832
61,YBM잉글루자양제1학습관보습학원,서울특별시 광진구 뚝섬로36길 15,37.533733,127.0714588
62,올림피아드영재센터보습학원,서울특별시 광진구 자양로 90,37.5358295,127.084207
63,제스트영수학원,서울특별시 광진구 광나루로 588,37.5426814,127.0938172
64,피아노리음악교습소,서울특별시 광진구 아차산로55길 43-1,37.5393809,127.0863237
65,신연세보습학원,서울특별시 광진구 자양로 294-1,37.5518417,127.0924505
66,애니벅스미술학원,서울특별시 광진구 능동로 161,37.5452955,127.0727509
67,엘림피아노교습소,서울특별시 광진구 아차산로21길 50,37.5440955,127.0661041
68,잉글리쉬무무자양보습학원,서울특별시 광진구 뚝섬로 558,37.5340724,127.0718277
69,HK수학교습소,서울특별시 광진구 구의강변로 45,37.5349817,127.0912558
70,최용훈국어광진광장학원,서울특별시 광진구 광나루로54길 6,37.5405539,127.0958609
71,더노엠워커힐어학학원,서울특별시 광진구 아차산로 623,37.548496,127.106796
72,메아리음악교습소,서울특별시 광진구 아차산로44길 36,37.5364604,127.0789832
73,이화이레음악학원,서울특별시 광진구 동일로72길 46,37.5653083,127.0799294
74,한양음악학원,서울특별시 광진구 아차산로 503,37.5425096,127.0977483
75,엠플러스광진학원,서울특별시 광진구 아차산로 494,37.541154,127.0967128
76,THN최상위영수학원,서울특별시 광진구 자양로 186,37.5440106,127.0851259
77,음악천사피아노교습소,서울특별시 광진구 광나루로40길 93,37.5405466,127.0887217
78,에듀프라임학원,서울특별시 광진구 영화사로 64-1,37.5547344,127.0932663
79,우리들학원,서울특별시 광진구 용마산로 96,37.5623037,127.0873816
80,베스트최현숙학원,서울특별시 광진구 광나루로 620,37.5407033,127.0960559
81,피아주르음악교습소,서울특별시 광진구 동일로56길 38,37.5555332,127.0740922
82,하모니음악교습소,서울특별시 광진구 구의로16길 68,37.5422944,127.0934762
83,수피아노교습소,서울특별시 광진구 뚝섬로36가길 8,37.5321307,127.0710209
84,아르떼피아노교습소,서울특별시 광진구 천호대로129길 48,37.5535568,127.0919635
85,이화멜로디음악교습소,서울특별시 광진구 뚝섬로56가길 13,37.5285792,127.0834469
86,위드맴버스학원,서울특별시 광진구 광나루로 582,37.5430855,127.0933652
87,TOP명문보습학원,서울특별시 광진구 뚝섬로 657,37.5316633,127.0826361
88,더상승플러스학원,서울특별시 광진구 용마산로 112,37.5636979,127.087144
89,구의감각학원,서울특별시 광진구 자양로 162,37.5421002,127.0842633
90,세움수학교습소,서울특별시 광진구 능동로13길 70-1,37.544865,127.0692173
91,헬리오수학교습소,서울특별시 광진구 아차산로 499,37.5424654,127.0962926
92,명장보습학원,서울특별시 광진구 자양번영로 42,37.5333293,127.0759792
93,유니센스일대일영어통역학원,서울특별시 광진구 능동로 333,37.5593981,127.0804083
94,강한수학교습소,서울특별시 광진구 구의강변로 96,37.5384981,127.0946643
95,브레인학원,서울특별시 광진구 능동로47길 7,37.5629294,127.0821809
96,참조은예일보습학원,서울특별시 광진구 광나루로 531,37.54512649999999,127.088676
97,JLS일본어교습소,서울특별시 광진구 아차산로 498,37.5412812,127.0968001
98,모노아트미술교습소,서울특별시 광진구 광나루로 635,37.5406205,127.0986045
99,표현영어학원,서울특별시 광진구 구의로16길 93,37.5414759,127.0945981
100,뿌리깊은수학나무보습학원,서울특별시 광진구 구의로16길 91,37.5415644,127.0945118
101,바스키즈미술학원,서울특별시 광진구 구의강변로 106,37.5399001,127.0948193
102,써니이스턴(Sunny EST)영어학원,서울특별시 광진구 자양로 160,37.5418772,127.0842465
103,아트센터173미술교습소,서울특별시 광진구 천호대로117길 62,37.5576523,127.0853206
104,삼성음악교습소,서울특별시 광진구 아차산로70길 17-17,37.5414998,127.1032682
105,경희제일피아노음악교습소,서울특별시 광진구 광나루로30길 35,37.5436828,127.0817666
106,뉴프라임피아노교습소,서울특별시 광진구 광나루로56길 29,37.53739729999999,127.0976212
107,구의이화음악교습소,서울특별시 광진구 아차산로59길 42,37.5402908,127.0908091
108,유토피아수학교습소,서울특별시 광진구 군자로12길 16,37.5510068,127.0719873
109,한국가야금교습소,서울특별시 광진구 능동로19길 35,37.5470672,127.071841
110,라라피아노교습소,서울특별시 광진구 자양번영로11길 35-10,37.5369922,127.0745209
111,이미선음악교습소,서울특별시 광진구 자양번영로1길 23,37.5307087,127.0735819
112,예림피아노교습소,서울특별시 광진구 광나루로38길 73,37.54160150000001,127.0873097
113,비인피아노교습소,서울특별시 광진구 자양로4나길 47,37.530536,127.0888448
114,디지털컴퓨터교습소,서울특별시 광진구 아차산로 530,37.5419395,127.0996713
115,명성피아노교습소,서울특별시 광진구 뚝섬로32길 4,37.5353741,127.0672602
116,린음악교습소,서울특별시 광진구 자양로13길 87-1,37.5328441,127.0803767
117,모짜르트음악교습소,서울특별시 광진구 뚝섬로32길 23,37.5344676,127.0670898
118,예성음악교습소,서울특별시 광진구 자양로30길 14,37.5436321,127.0857079
119,새쇼팽피아노교습소,서울특별시 광진구 뚝섬로54길 35,37.5299791,127.0803246
120,슬기피아노교습소,서울특별시 광진구 뚝섬로37길 11,37.5350143,127.0716811
121,모마미술교습소,서울특별시 광진구 아차산로 522,37.5419395,127.0996713
122,소해서예교습소,서울특별시 광진구 광나루로 606,37.5413415,127.0951373
123,프레이즈뮤직음악교습소,서울특별시 광진구 천호대로119길 26,37.5560021,127.0862428
124,라음피아노음악교습소,서울특별시 광진구 아차산로 549,37.5441452,127.1015274
125,양혜원피아노교습소,서울특별시 광진구 자양로32길 72,37.5439803,127.0891598
126,송현서당교습소,서울특별시 광진구 영화사로9길 63,37.5571024,127.0940141
127,베르디음악교습소,서울특별시 광진구 능동로4길 65,37.5317681,127.0705094
128,이성희피아노교습소,서울특별시 광진구 아차산로 552,37.5431583,127.1041888
129,위드성신피아노교습소,서울특별시 광진구 자양로22길 24,37.5394904,127.0846921
130,다빈치미술교습소,서울특별시 광진구 아차산로44길 35,37.5362959,127.0790291
131,메이저수학학원,서울특별시 광진구 자양로3길 59,37.5295743,127.0834717
132,박선생과학교습소,서울특별시 광진구 아차산로 464,37.5396198,127.0936261
133,덴간호조무사학원,서울특별시 광진구 아차산로 201,37.5417904,127.0660431
134,메타스콜레광진학원,서울특별시 광진구 광나루로 590,37.5425759,127.0939174
135,매쓰피아수학학원,서울특별시 광진구 광나루로 584,37.54305129999999,127.0935523
136,리틀모짜르트피아노교습소,서울특별시 광진구 천호대로136길 43,37.547655,127.0902789
137,아주특별한미술시간교습소,서울특별시 광진구 아차산로69길 36,37.5436783,127.0986921
138,그림이야기미술교습소,서울특별시 광진구 뚝섬로33길 20,37.5356572,127.0700386
139,뉴스트학원,서울특별시 광진구 용마산로5길 47,37.5573412,127.0851373
140,국풍2000풀무국어학원,서울특별시 광진구 용마산로 92,37.5618479,127.0874695
141,스터디엔카페독서실,서울특별시 광진구 자양로9길 5,37.53367739999999,127.0841031
142,비발디피아노음악교습소,서울특별시 광진구 자양로40길 40,37.5472419,127.0908503
143,이엔아이음악학원,서울특별시 광진구 구의강변로 88,37.5383844,127.0941201
144,광진일관정상어학원,서울특별시 광진구 아차산로 462,37.539496,127.0934178
145,은혜피아노학원,서울특별시 광진구 아차산로 499,37.5424654,127.0962926
146,발레미학무용학원,서울특별시 광진구 뚝섬로 558,37.5340724,127.0718277
147,라온제나반올림음악학원,서울특별시 광진구 뚝섬로 541,37.5349189,127.0703778
148,BLS에듀센터영어(Edu Center English)학원,서울특별시 광진구 광나루로 607,37.5419607,127.095718
149,에듀뱅크과학국어영어학원,서울특별시 광진구 용마산로 89,37.5615905,127.0870752
150,다금바이올린교습소,서울특별시 광진구 광나루로 635,37.5406205,127.0986045
151,지엘이씨어학학원,서울특별시 광진구 자양로 90,37.5358295,127.084207
152,비바체음악교습소,서울특별시 광진구 자양로 317-1,37.553793,127.0935918
153,온탑(ONTOP)학원,서울특별시 광진구 자양번영로 48,37.5337708,127.0761036
154,소원서예교습소,서울특별시 광진구 뚝섬로 649,37.5316229,127.0818249
155,프리연기학원,서울특별시 광진구 아차산로30길 39,37.53889059999999,127.0673902
156,1095보습학원,서울특별시 광진구 광나루로 588,37.5426814,127.0938172
157,하늘구름피아노교습소,서울특별시 광진구 뚝섬로58가길 26,37.5304114,127.0833957
158,강한학원,서울특별시 광진구 뚝섬로 646,37.5313977,127.0811578
159,생각하는미술교습소,서울특별시 광진구 자양로3길 68,37.5295734,127.0829834
160,꿈꾸는현대미술교습소,서울특별시 광진구 능동로6길 16,37.5340972,127.0690377
161,윤선생영어숲광진보습학원,서울특별시 광진구 뚝섬로 545,37.5347885,127.0712566
162,유톡영어교습소,서울특별시 광진구 동일로72길 46,37.5653083,127.0799294
163,명인독서실,서울특별시 광진구 뚝섬로56길 29,37.530134,127.0827905
164,엠아이파라다이스아트(MIParadiseArt)미술교습소,서울특별시 광진구 광장로3길 2,37.5472723,127.1032178
165,네오매쓰수학학원,서울특별시 광진구 구의강변로3길 11,37.5356917,127.0914002
166,뉴튼의어깨과학교습소,서울특별시 광진구 뚝섬로 552,37.5342435,127.0712757
167,문성중국어교습소,서울특별시 광진구 긴고랑로7길 64,37.5660746,127.0806666
168,오채미술학원,서울특별시 광진구 자양로 251,37.5490121,127.0892921
169,오름수학교습소,서울특별시 광진구 뚝섬로35길 9,37.5356572,127.0700386
170,피엠피(PMP)영어학원,서울특별시 광진구 광나루로 606,37.5413415,127.0951373
171,신명음악교습소,서울특별시 광진구 뚝섬로56길 44,37.5294443,127.0825831
172,그레이스음악교습소,서울특별시 광진구 자양로51길 59,37.5550462,127.0907077
173,샤론피아노교습소,서울특별시 광진구 뚝섬로52라길 36,37.5293246,127.0805285
174,홍피아노교습소,서울특별시 광진구 군자로 165,37.5555904,127.076958
175,일러스트만화학원,서울특별시 광진구 능동로 347-1,37.5605894,127.0811042
176,다솜음악학원,서울특별시 광진구 용마산로7길 30,37.5595393,127.0861376
177,에이스원영어학원,서울특별시 광진구 뚝섬로 541,37.5349189,127.0703778
178,아트피플미술학원,서울특별시 광진구 광나루로 580,37.5432411,127.0932438
179,이황학원,서울특별시 광진구 영화사로 64,37.5548726,127.0930904
180,눈높이러닝센터중곡보습학원,서울특별시 광진구 능동로38길 39,37.5572097,127.0819886
181,렛츠에듀편입학원,서울특별시 광진구 능동로13길 39,37.5435023,127.0699004
182,자성학원,서울특별시 광진구 뚝섬로 552,37.5342435,127.0712757
183,베베궁광진어학원,서울특별시 광진구 아차산로 478,37.540312,127.095016
184,홍수현의생각하는아이논술교습소,서울특별시 광진구 광나루로52길 41,37.54036560000001,127.0934778
185,윤선생영어숲자양보습학원,서울특별시 광진구 뚝섬로56길 38-1,37.5296497,127.0825596
186,GBS학습속독교습소,서울특별시 광진구 뚝섬로 539,37.5350424,127.0700693
187,파랑키즈어학원,서울특별시 광진구 동일로20길 20,37.5411181,127.0647455
188,올림픽심슨어학원,서울특별시 광진구 광나루로 603,37.5420151,127.0955975
189,아발론랭콘광진어학원,서울특별시 광진구 광나루로 602,37.5417868,127.0946996
190,에듀코치개별지도구의학원,서울특별시 광진구 광나루로 600,37.5419375,127.0945505
191,센띠아모음악학원,서울특별시 광진구 능동로6길 22,37.534056,127.0692057
192,자양에듀플렉스보습학원,서울특별시 광진구 자양번영로 46,37.5336367,127.0760645
193,음악에끌림음악교습소,서울특별시 광진구 자양번영로 47-3,37.5338199,127.0754885
194,광진ELC어학원,서울특별시 광진구 광나루로 608,37.541167,127.0953041
195,아트인마인드미술교습소,서울특별시 광진구 아차산로 552,37.5431583,127.1041888
196,선진영어학원,서울특별시 광진구 용마산로 85,37.5612688,127.0871376
197,중곡예화음악학원,서울특별시 광진구 능동로49길 19,37.5644802,127.0822388
198,리더스영어학원,서울특별시 광진구 아차산로 461,37.5398941,127.0932358
199,체리힐아카데미어학원,서울특별시 광진구 아차산로 431,37.538653,127.0901794
200,광진커피바리스타학원,서울특별시 광진구 아차산로 431,37.538653,127.0901794
201,티에스과학교습소,서울특별시 광진구 아차산로65길 9,37.54070859999999,127.0941005
202,하트앤아트미술교습소,서울특별시 광진구 아차산로42길 31,37.5360708,127.0789478
203,탑브레인보습학원,서울특별시 광진구 자양로 242,37.5479471,127.0888685
204,초중자기주도학습학원,서울특별시 광진구 광나루로 602,37.5417868,127.0946996
205,강샘우샘영수보습학원,서울특별시 광진구 천호대로 698,37.5491667,127.0916109
206,에콜로지에미술교습소,서울특별시 광진구 아차산로70길 26,37.54196659999999,127.1011914
207,강의하는아이들수학교습소,서울특별시 광진구 광나루로 608,37.541167,127.0953041
208,강선생수학교습소,서울특별시 광진구 동일로72길 30,37.5655542,127.0792109
209,팝콘수학교습소,서울특별시 광진구 긴고랑로30길 45,37.5577447,127.087232
210,잼실용음악학원,서울특별시 광진구 능동로 259,37.5533554,127.0770477
211,이챕터스보습학원,서울특별시 광진구 아차산로 477,37.540732,127.094682
212,YBM시사주니어영어교습소,서울특별시 광진구 천호대로113길 7,37.5576532,127.0831378
213,군자해법수학교습소,서울특별시 광진구 군자로12길 46,37.5512693,127.0726281
214,카페플래닝커피학원,서울특별시 광진구 자양로 124,37.5387558,127.0835682
215,명문고려보습학원,서울특별시 광진구 능동로 372,37.56239670000001,127.0826701
216,광진전문가집단보습학원,서울특별시 광진구 용마산로 111,37.5635935,127.0866729
217,닥터엠수학교습소,서울특별시 광진구 아차산로 552,37.5431583,127.1041888
218,광진영재보습학원,서울특별시 광진구 자양번영로 18,37.5311623,127.0753313
219,시그마보습학원,서울특별시 광진구 아차산로 479,37.5408115,127.0948355
220,모네의정원미술교습소,서울특별시 광진구 자양로22길 24,37.5394904,127.0846921
221,위드써니보습학원,서울특별시 광진구 광나루로54길 6,37.5405539,127.0958609
222,제이아카데미학원,서울특별시 광진구 아차산로69길 8,37.5425891,127.0984974
223,소리엘음악학원,서울특별시 광진구 능동로6길 16,37.5340972,127.0690377
224,디딤돌미술학원,서울특별시 광진구 자양번영로 23-1,37.5318399,127.0750585
225,동그라미미술교습소,서울특별시 광진구 뚝섬로36가길 6,37.5322217,127.0709095
226,매썬스수학과학보습학원,서울특별시 광진구 아차산로69길 8,37.5425891,127.0984974
227,와이비엠건대어학원,서울특별시 광진구 아차산로 229,37.54081559999999,127.0690315
228,웅진씽크빅중곡학원,서울특별시 광진구 용마산로24길 14,37.5651577,127.0876054
229,광진구주이배수학보습학원,서울특별시 광진구 광나루로 603,37.5420151,127.0955975
230,독카실용음악학원,서울특별시 광진구 뚝섬로 523,37.5355675,127.0681911
231,와이리더스컴퓨터학원,서울특별시 광진구 능동로 339,37.5599223,127.0807312
232,자양신양해법수학교습소,서울특별시 광진구 능동로6길 22,37.534056,127.0692057
233,레인메이커보습학원,서울특별시 광진구 뚝섬로 539,37.5350424,127.0700693
234,시냇가에심은나무미술학원,서울특별시 광진구 광나루로54길 9,37.5402018,127.095901
235,생각또질문철학논술교습소,서울특별시 광진구 구의강변로 96,37.5384981,127.0946643
236,이튼클래스보습학원,서울특별시 광진구 뚝섬로 541,37.5349189,127.0703778
237,아담리즈수학광진직영학원,서울특별시 광진구 구의강변로 106,37.5399001,127.0948193
238,서림학원,서울특별시 광진구 면목로 149,37.5667137,127.0815406
239,에프엑스수학교습소,서울특별시 광진구 아차산로 530,37.5419395,127.0996713
240,광진이은재어학학원,서울특별시 광진구 아차산로 478,37.540312,127.095016
241,엠아이실용음악학원,서울특별시 광진구 광나루로56길 63,37.53739729999999,127.0976212
242,브랜뉴실용음악학원,서울특별시 광진구 아차산로 360,37.5364337,127.0826331
243,비더원영어학원,서울특별시 광진구 광나루로 582,37.5430855,127.0933652
244,하이클래스영어보습학원,서울특별시 광진구 뚝섬로58길 5,37.5316134,127.0842526
245,행복한제자들수학교습소,서울특별시 광진구 용마산로 160,37.5678471,127.0863908
246,튜터링랩(TutoringLAB)학원,서울특별시 광진구 자양로 163,37.5422422,127.0837783
247,드림아트우리들미술교습소,서울특별시 광진구 뚝섬로 541,37.5349189,127.0703778
248,아이노미술학원,서울특별시 광진구 아차산로69길 6,37.5423625,127.098436
249,해법중마영어교습소,서울특별시 광진구 동일로72길 42,37.5653782,127.0797526
250,안티영어학원,서울특별시 광진구 아차산로 491,37.5418283,127.0959883
251,일등수학뮤엠영어학원,서울특별시 광진구 동일로72길 10,37.5659496,127.0781452
252,늘봄미술교습소,서울특별시 광진구 용마산로7길 30,37.5595393,127.0861376
253,논리&표현논술교습소,서울특별시 광진구 천호대로113길 5,37.5575368,127.0830728
254,비엠에스(BMS)수학보습학원,서울특별시 광진구 용마산로 46,37.5576487,127.0882603
255,연세법학원,서울특별시 광진구 천호대로 590,37.555382,127.0830775
256,밸런스뮤직실용음악학원,서울특별시 광진구 천호대로 553,37.5573989,127.0799164
257,블루버드아트미술학원,서울특별시 광진구 능동로6길 16,37.5340972,127.0690377
258,위너스영어학원,서울특별시 광진구 군자로 84,37.5505216,127.071161
259,오디션벨아카데미학원,서울특별시 광진구 광나루로 496,37.5448591,127.0844899
260,그린미술교습소,서울특별시 광진구 아차산로36길 35,37.5363514,127.0745967
261,빡쎈위드교육학원,서울특별시 광진구 광나루로 580,37.5432411,127.0932438
262,차선생영어교습소,서울특별시 광진구 아차산로 522,37.5419395,127.0996713
263,구의미술로생각하기학원,서울특별시 광진구 광나루로 584,37.54305129999999,127.0935523
264,해법삼성보습학원,서울특별시 광진구 용마산로3길 98,37.5573684,127.0829801
265,셀파우등생보습학원,서울특별시 광진구 군자로 83,37.5505861,127.0708846
266,비상매쓰캔수학교습소,서울특별시 광진구 용마산로3길 98,37.5573684,127.0829801
267,크레버스영재교육센터광진제1지점학원,서울특별시 광진구 광나루로 603,37.5420151,127.0955975
268,뮤엘음악교습소,서울특별시 광진구 뚝섬로52가길 42,37.5307311,127.0814715
269,지원수학교습소,서울특별시 광진구 뚝섬로37길 11,37.5350143,127.0716811
270,푸른꿈보습학원,서울특별시 광진구 천호대로111길 35,37.557918,127.0825732
271,에듀플러스보습학원,서울특별시 광진구 뚝섬로 535,37.5351115,127.0696917
272,광진심슨어학보습학원,서울특별시 광진구 광나루로 604,37.5415728,127.0949101
273,김은미수학교습소,서울특별시 광진구 자양로26길 61,37.5409948,127.0874042
274,해법영어교습소,서울특별시 광진구 자양번영로2길 26,37.5301694,127.0763777
275,광진뮤엠영어학원,서울특별시 광진구 자양로50길 8,37.5518766,127.0927995
276,더피아노교습소,서울특별시 광진구 용마산로22길 11-5,37.5638394,127.0875682
277,다빈치키드미술교습소,서울특별시 광진구 뚝섬로37길 11,37.5350143,127.0716811
278,런던인예술미술교습소,서울특별시 광진구 아차산로70길 61,37.5397145,127.1000979
279,책과크는아이들논술교습소,서울특별시 광진구 뚝섬로35길 9,37.5356572,127.0700386
280,생생중국어교습소,서울특별시 광진구 아차산로 499,37.5424654,127.0962926
281,델타수학교습소,서울특별시 광진구 면목로 141-1,37.566157,127.0811999
282,나룰음악학원,서울특별시 광진구 뚝섬로36길 18,37.5334492,127.0704997
283,강남컴퓨터학원,서울특별시 광진구 자양로50길 33-1,37.5524022,127.0941511
284,참수학교습소,서울특별시 광진구 뚝섬로36길 14,37.53376069999999,127.0712458
285,자양어린이바둑교습소,서울특별시 광진구 자양번영로 44,37.5335142,127.0760091
286,국풀국어다올학원,서울특별시 광진구 광나루로 590,37.5425759,127.0939174
287,조이피아노음악교습소,서울특별시 광진구 아차산로 530,37.5419395,127.0996713
288,점프업수학교습소,서울특별시 광진구 자양번영로6길 26,37.5320493,127.0769525
289,제이든팝송영어교습소,서울특별시 광진구 광나루로32길 5,37.5448069,127.0837707
290,해법광장아카데미영어교습소,서울특별시 광진구 아차산로 499,37.5424654,127.0962926
291,청구이화어학원,서울특별시 광진구 아차산로 503-23,37.5424654,127.0962926
292,수인비초중등관학원,서울특별시 광진구 용마산로 114,37.5638778,127.0871117
293,상상공간미술이야기미술학원,서울특별시 광진구 능동로4길 71,37.5317118,127.0707183
294,오성컴퓨터교습소,서울특별시 광진구 뚝섬로36가길 15,37.5322136,127.0716289
295,더랩(THE LAB)100℃영어교습소,서울특별시 광진구 자양로 245,37.54851,127.0887796
296,자양심슨어학학원,서울특별시 광진구 뚝섬로 552,37.5342435,127.0712757
297,밀알국어교습소,서울특별시 광진구 광나루로54길 83,37.5376527,127.0944389
298,음악숲음악교습소,서울특별시 광진구 뚝섬로46길 53,37.5303763,127.0764387
299,M2M수학교습소,서울특별시 광진구 뚝섬로56길 14,37.5308633,127.0824316
300,열리는수학교습소,서울특별시 광진구 뚝섬로 520-1,37.5353025,127.0679524
301,라온국어보습학원,서울특별시 광진구 아차산로 471,37.5404134,127.0939444
302,닥터정이클래스광진구의보습학원,서울특별시 광진구 아차산로69길 8,37.5425891,127.0984974
303,상상스튜디오미술교습소,서울특별시 광진구 긴고랑로1길 39,37.5657316,127.078063
304,엘리트랭귀지센터어학원,서울특별시 광진구 능동로 239,37.55171199999999,127.0763045
305,기틀수학보습학원,서울특별시 광진구 뚝섬로52길 13,37.5313052,127.0794528
306,범연기학원,서울특별시 광진구 능동로13길 39,37.5435023,127.0699004
307,보이스코드실용음악학원,서울특별시 광진구 면목로 32,37.55686499999999,127.0764746
308,바라크미술교습소,서울특별시 광진구 용마산로3길 95,37.5571534,127.0829477
309,영어종결자학원,서울특별시 광진구 자양번영로 20,37.531379,127.0753883
310,튼튼영어마스터클럽광진중곡보습학원,서울특별시 광진구 영화사로 27,37.5572099,127.0903069
311,한울독서실,서울특별시 광진구 천호대로137길 9,37.5494558,127.0928372
312,댄스필리아댄스스포츠학원,서울특별시 광진구 천호대로 571,37.5566995,127.0816783
313,동심음악교습소,서울특별시 광진구 천호대로111길 57,37.5588055,127.083054
314,해법구의아카데미보습학원,서울특별시 광진구 광나루로30길 37,37.5435372,127.0816888
315,거짓말같은기적연기학원,서울특별시 광진구 능동로 338,37.5594924,127.0810349
316,늘푸른수학원,서울특별시 광진구 아차산로 471,37.5404134,127.0939444
317,홍익화실미술학원,서울특별시 광진구 뚝섬로 510,37.53551580000001,127.0669432
318,더프라임(The Prime)수학학원,서울특별시 광진구 아차산로 461,37.5398941,127.0932358
319,예지원음악교습소,서울특별시 광진구 용마산로3길 82,37.5570503,127.0838135
320,폴린뮤직학원,서울특별시 광진구 능동로13길 39,37.5435023,127.0699004
321,고릴라잉글리쉬영어교습소,서울특별시 광진구 자양로3길 68,37.5295734,127.0829834
322,고릴라크루댄스학원,서울특별시 광진구 구의로 6,37.538514,127.0893773
323,웅진씽크빅학습센터대원학원,서울특별시 광진구 용마산로 116,37.5640446,127.087083
324,토즈스터디센터광장독서실,서울특별시 광진구 광나루로 620,37.5407033,127.0960559
325,(Poly)광진폴리어학원,서울특별시 광진구 자양로 113,37.5378865,127.0829817
326,대원킨더아카데미어학원,서울특별시 광진구 용마산로22길 28,37.5639248,127.0884984
327,광진피케이독학학원,서울특별시 광진구 아차산로 457,37.5396506,127.0928649
328,진음악교습소,서울특별시 광진구 용마산로3길 19,37.5560598,127.086913
329,선과색미술학원,서울특별시 광진구 천호대로 677,37.5508152,127.0907388
330,진명보습학원,서울특별시 광진구 광나루로 590,37.5425759,127.0939174
331,멘토링수학교습소,서울특별시 광진구 영화사로3길 18,37.5576478,127.0910869
332,제스트연기학원,서울특별시 광진구 자양로 149,37.5411537,127.0833362
333,써밋뮤지션음악학원,서울특별시 광진구 긴고랑로29길 39,37.5616697,127.0863785
334,엘리트영재보습학원,서울특별시 광진구 광나루로46길 3,37.5434518,127.0929563
335,이지에이아카데미학원,서울특별시 광진구 능동로 264,37.5535051,127.0778422
336,물고기미술교습소,서울특별시 광진구 구의강변로 87,37.5384956,127.0936405
337,혜윰국어교습소,서울특별시 광진구 자양로 246,37.5483357,127.0892117
338,청담이레수학교습소,서울특별시 광진구 뚝섬로 504-1,37.5357644,127.0662048
339,빅토리미술교습소,서울특별시 광진구 광나루로56길 32,37.5386271,127.0958742
340,노꿈아주산교습소,서울특별시 광진구 아차산로70길 62,37.5406205,127.0986045
341,문제해결수학교습소,서울특별시 광진구 광나루로38길 73,37.54160150000001,127.0873097
342,이승문의언어의발견학원,서울특별시 광진구 아차산로49길 41-5,37.5387246,127.0839647
343,스카이영어수학학원,서울특별시 광진구 군자로 85-1,37.55091530000001,127.0709417
344,톡톡학원,서울특별시 광진구 아차산로 294,37.5382134,127.0755469
345,광장영어교습소,서울특별시 광진구 아차산로65길 9,37.54070859999999,127.0941005
346,그라쯔음악교습소,서울특별시 광진구 자양로3길 61,37.5295231,127.083325
347,창조수학학원,서울특별시 광진구 광나루로 584,37.54305129999999,127.0935523
348,건대위드피아노학원,서울특별시 광진구 아차산로 191,37.5420462,127.0651456
349,메이킹학원,서울특별시 광진구 아차산로 294,37.5382134,127.0755469
350,자올독서논술교습소,서울특별시 광진구 자양로3길 68,37.5295734,127.0829834
351,라임(Lime)학원,서울특별시 광진구 자양로15길 46,37.5354942,127.0811465
352,에이피(A?P)아트센터미술학원,서울특별시 광진구 광나루로 590,37.5425759,127.0939174
353,광진델타수학보습학원,서울특별시 광진구 아차산로 345,37.5377045,127.0815286
354,생각하는황소광진학원,서울특별시 광진구 구의강변로 106,37.5399001,127.0948193
355,수학의신학원,서울특별시 광진구 광나루로 621,37.5407819,127.0967829
356,이쌤수학교습소,서울특별시 광진구 용마산로22길 11-5,37.5638394,127.0875682
357,더쎈수학교습소,서울특별시 광진구 천호대로138길 52,37.547018,127.0917055
358,토크스테이션원격학원,서울특별시 광진구 능동로 275-1,37.5546997,127.077762
359,수캠프수학학원,서울특별시 광진구 광나루로 584,37.54305129999999,127.0935523
360,한국모델리스트패턴학원,서울특별시 광진구 아차산로 431,37.538653,127.0901794
361,더채움수학전문학원,서울특별시 광진구 아차산로73길 44,37.5466961,127.1026265
362,쇼타임스쿨학원,서울특별시 광진구 아차산로 324,37.5373962,127.0787717
363,박희영수학교습소,서울특별시 광진구 능동로4길 38,37.5321852,127.0690312
364,능동e해법수학교습소,서울특별시 광진구 천호대로116길 14,37.5545176,127.0838038
365,해법엘리트영어교습소,서울특별시 광진구 동일로72길 42,37.5653782,127.0797526
366,더(THE)칸트수학고등학습관학원,서울특별시 광진구 아차산로 484,37.540724,127.0956717
367,더클래스(Theclass)영어교습소,서울특별시 광진구 광나루로36길 72,37.5418065,127.085491
368,더(THE)칸트수학학원,서울특별시 광진구 아차산로 484,37.540724,127.0956717
369,수학의달인구의점수학교습소,서울특별시 광진구 천호대로136길 46,37.54776349999999,127.0900713
370,아트그로우미술교습소,서울특별시 광진구 아차산로 549,37.5441452,127.1015274
371,유병환애견미용학원,서울특별시 광진구 아차산로 621,37.5484962,127.1072266
372,리딩오션광진&중국어학원,서울특별시 광진구 광나루로 608,37.541167,127.0953041
373,노리미술교습소,서울특별시 광진구 긴고랑로29길 39,37.5616697,127.0863785
374,아이비티영어교습소,서울특별시 광진구 천호대로119길 57,37.5574184,127.0857811
375,위(We)양쌤수학교습소,서울특별시 광진구 광나루로 606,37.5413415,127.0951373
376,아그네스영어교습소,서울특별시 광진구 아차산로21길 47,37.54450629999999,127.0658448
377,에스투(S2)솔루션수학과학학원,서울특별시 광진구 광나루로 582,37.5430855,127.0933652
378,라이즈더네이처아카데미학원,서울특별시 광진구 자양로50길 84,37.5530283,127.0969846
379,그린램프라이브러리광장캠퍼스독서실,서울특별시 광진구 아차산로 471,37.5404134,127.0939444
380,이투스247서울광진점학원,서울특별시 광진구 아차산로 471,37.5404134,127.0939444
381,뉴옥스포드보습학원,서울특별시 광진구 뚝섬로36길 53,37.5320996,127.0703949
382,광장동해법중국어학원,서울특별시 광진구 아차산로 493,37.5417983,127.0961971
383,한우리논술교습소,서울특별시 광진구 뚝섬로46길 67,37.5298034,127.0762667
384,4%사회탐구사회교습소,서울특별시 광진구 아차산로 484,37.540724,127.0956717
385,메이리피아노음악교습소,서울특별시 광진구 아차산로70길 61,37.5397145,127.1000979
386,플랜에이카페와독서실,서울특별시 광진구 아차산로 613,37.5478084,127.106495
387,매쏘드(Mathod)수학교습소,서울특별시 광진구 천호대로129길 48,37.5535568,127.0919635
388,카이스트수학교습소,서울특별시 광진구 자양번영로3길 38-21,37.532629,127.0735216
389,비전영수학원,서울특별시 광진구 뚝섬로41길 6,37.5338368,127.0750659
390,케이에스(KS)수학교습소,서울특별시 광진구 광나루로44길 44,37.5423315,127.0910845
391,뉴런(NewLearn)과학교습소,서울특별시 광진구 뚝섬로36길 61,37.5318946,127.0701161
392,연세권샘학원,서울특별시 광진구 아차산로 477,37.540732,127.094682
393,튼튼영어마스터클럽푸른꿈영어교습소,서울특별시 광진구 천호대로111길 36,37.55793430000001,127.0828806
394,밸류인수학학원,서울특별시 광진구 아차산로 491,37.5418283,127.0959883
395,윈윈학원,서울특별시 광진구 긴고랑로29길 75,37.5633043,127.0861148
396,스위트피아노(SWEETPIANO)음악교습소,서울특별시 광진구 뚝섬로33길 34,37.5365712,127.0701466
397,선화아트스토리미술교습소,서울특별시 광진구 광나루로56길 29,37.53739729999999,127.0976212
398,한가람어학원,서울특별시 광진구 영화사로 19,37.557691,127.0896293
399,토즈스터디센터중곡독서실,서울특별시 광진구 용마산로 107,37.5631871,127.0867088
400,하우스터디광장센터독서실,서울특별시 광진구 광나루로 607,37.5419607,127.095718
401,WD에듀학원,서울특별시 광진구 자양번영로 38,37.5328543,127.0758789
402,천만스토리연출학원,서울특별시 광진구 천호대로 579,37.5564322,127.0826217
403,더해수학학원,서울특별시 광진구 광나루로 600,37.5419375,127.0945505
404,세움입시전문학원,서울특별시 광진구 용마산로 93,37.5619087,127.0870137
405,해법영어뉴욕영어교습소,서울특별시 광진구 아차산로42길 29,37.5361509,127.0789733
406,웅진씽크빅학습센터광장학원,서울특별시 광진구 광나루로 607,37.5419607,127.095718
407,마이티마우스(MightyMouth)영어수학멘토링학원,서울특별시 광진구 천호대로 689,37.5500087,127.0915023
408,대치스터디학원,서울특별시 광진구 자양로 241,37.5481982,127.0883905
409,튼튼영어마스터클럽광진자양학원,서울특별시 광진구 능동로6길 14,37.5341565,127.0687766
410,잉글리시에티카(EnglishETHICA)영어교습소,서울특별시 광진구 광나루로54길 38,37.5392467,127.0950927
411,플래뮤미술학원,서울특별시 광진구 아차산로 502,37.5413438,127.097272
412,토론하는아이들논술교습소,서울특별시 광진구 광나루로56길 34,37.5386271,127.0958742
413,그림공미술교습소,서울특별시 광진구 뚝섬로56길 60-1,37.5286545,127.0826467
414,언어의시작/ 양미선국어논술국어교습소,서울특별시 광진구 광나루로 606,37.5413415,127.0951373
415,아카데미라운지구의독서실,서울특별시 광진구 천호대로 661,37.552016,127.0904104
416,정현국어학원,서울특별시 광진구 자양번영로 33,37.5326691,127.075258
417,플레이팩토사고력수학교습소,서울특별시 광진구 용마산로3길 95,37.5571534,127.0829477
418,김가베수학교습소,서울특별시 광진구 광나루로 635,37.5406205,127.0986045
419,수리수학교습소,서울특별시 광진구 광나루로 635,37.5406205,127.0986045
420,영재들의미술상자미술교습소,서울특별시 광진구 자양로13가길 13,37.5346736,127.0812009
421,노마드아트미술학원,서울특별시 광진구 아차산로 530,37.5419395,127.0996713
422,최선생수학본영어학원,서울특별시 광진구 광나루로 602,37.5417868,127.0946996
423,디보스댄스학원,서울특별시 광진구 자양로26길 50,37.5410171,127.086652
424,라단사발레아카데미학원,서울특별시 광진구 자양로 261,37.5495997,127.0899961
425,쁘띠주원미술교습소,서울특별시 광진구 천호대로113길 6,37.5574285,127.0832838
426,숙명현음악교습소,서울특별시 광진구 광나루로56길 34,37.5386271,127.0958742
427,한국자전거기술학원,서울특별시 광진구 구의로 67,37.5440664,127.0903506
428,수인비고등관학원,서울특별시 광진구 용마산로 101-1,37.5627561,127.0867835
429,퍼스트수학닥터윤영어&영어도서관학원,서울특별시 광진구 아차산로70길 26,37.54196659999999,127.1011914
430,참다운수학교습소,서울특별시 광진구 천호대로117길 59,37.5576171,127.085114
431,리딩버디영어교습소,서울특별시 광진구 용마산로3길 95,37.5571534,127.0829477
432,아가파오수학교습소,서울특별시 광진구 아차산로65길 78,37.5427613,127.0914141
433,아트(ART)530미술교습소,서울특별시 광진구 뚝섬로55길 11,37.5321267,127.0823137
434,클린스터디(Clean Study)독서실,서울특별시 광진구 용마산로 104,37.56289719999999,127.0872705
435,C&C미술학원,서울특별시 광진구 천호대로 579,37.5564322,127.0826217
436,오르다샘앤클래스광진광장학원,서울특별시 광진구 광나루로 586,37.5428623,127.0937426
437,씽크인아트미술학원,서울특별시 광진구 용마산로3길 99,37.5572179,127.0827824
438,뿌리미술교습소,서울특별시 광진구 아차산로59길 42,37.5402908,127.0908091
439,수피아노음악교습소,서울특별시 광진구 용마산로16길 5,37.56219189999999,127.0875772
440,FTA독서실,서울특별시 광진구 광나루로56길 85,37.5356993,127.095765
441,책읽어주는미술교습소,서울특별시 광진구 영화사로7길 24,37.5566238,127.0921941
442,스튜디오(studio)미술학원,서울특별시 광진구 천호대로 590,37.555382,127.0830775
443,몬스터어학원,서울특별시 광진구 아차산로 459,37.5444761,127.0897654
444,솔로몬음악교습소,서울특별시 광진구 뚝섬로52마길 66,37.5285887,127.0820298
445,원클래스라이브러리구의점독서실,서울특별시 광진구 구의강변로 86,37.5381389,127.0939329
446,엠제이영어리딩영어교습소,서울특별시 광진구 자양로 319,37.554008,127.0938192
447,은섬학원,서울특별시 광진구 용마산로 116,37.5640446,127.087083
448,나랏말씀국어학원,서울특별시 광진구 광나루로 602,37.5417868,127.0946996
449,봄(Bom)구름영어교습소,서울특별시 광진구 영화사로7길 24,37.5566238,127.0921941
450,키즈파라다이스(KIZPARADISE)영어교습소,서울특별시 광진구 자양로3길 46-10,37.5304003,127.0838391
451,뮤엠구의영어교습소,서울특별시 광진구 자양로28길 88,37.5414803,127.089061
452,광장스터디뱅크독서실,서울특별시 광진구 아차산로70길 26,37.54196659999999,127.1011914
453,일대일수학교습소,서울특별시 광진구 광나루로 635,37.5406205,127.0986045
454,스타댄스학원,서울특별시 광진구 동일로22길 49,37.5419356,127.067116
455,토즈스터디센터자양사거리독서실,서울특별시 광진구 자양로 109,37.5374247,127.0830692
456,클랑음악교습소,서울특별시 광진구 군자로 65,37.5491149,127.0705476
457,반석학원,서울특별시 광진구 아차산로 530,37.5419395,127.0996713
458,플레이잉글리쉬(Play English)영어교습소,서울특별시 광진구 동일로72길 30,37.5655542,127.0792109
459,모난돌국어역사학원,서울특별시 광진구 아차산로 461,37.5398941,127.0932358
460,라온슬옹학원,서울특별시 광진구 아차산로 471,37.5404134,127.0939444
461,뮤엠영어학원,서울특별시 광진구 아차산로 493,37.5417983,127.0961971
462,바짝독서실,서울특별시 광진구 자양로 35,37.5310828,127.0860834
463,닥터엠고등수학교습소,서울특별시 광진구 아차산로 552,37.5431583,127.1041888
464,한밀러(HanMiller)영어교습소,서울특별시 광진구 영화사로7길 45,37.5572345,127.0931632
465,장희승영어교습소,서울특별시 광진구 자양로 165,37.5423781,127.0838417
466,리차드잉글리쉬학원,서울특별시 광진구 아차산로 484,37.540724,127.0956717
467,드림다락방학원,서울특별시 광진구 구의강변로 45,37.5349817,127.0912558
468,KAL수학교습소,서울특별시 광진구 광나루로 635,37.5406205,127.0986045
469,이태운수학교습소,서울특별시 광진구 광나루로 635,37.5406205,127.0986045
470,몽아뜰리에미술학원,서울특별시 광진구 광나루로54길 83,37.5376527,127.0944389
471,노리터미술교습소,서울특별시 광진구 군자로 86-1,37.5508336,127.0712307
472,혜자영어교습소,서울특별시 광진구 자양번영로5길 37-2,37.5329246,127.0731947
473,키즈플레이아트미술교습소,서울특별시 광진구 자양번영로4길 42-22,37.5302135,127.0772179
474,수운미술학원,서울특별시 광진구 자양로45길 18,37.5520971,127.0913622
475,비트믹스댄스학원,서울특별시 광진구 동일로 130,37.5438284,127.0652417
476,글로벌전인교육명품학원,서울특별시 광진구 자양로50길 18,37.5519443,127.0933075
477,열방영어교습소,서울특별시 광진구 긴고랑로36길 71,37.556703,127.0918727
478,비트믹스온더탑학원,서울특별시 광진구 동일로 130,37.5438284,127.0652417
479,켈리잉글리시영어교습소,서울특별시 광진구 뚝섬로64길 38,37.5319338,127.0888464
480,라벨비음악교습소,서울특별시 광진구 용마산로3길 104,37.5574636,127.0826587
481,제이투(JTWO)영어학원,서울특별시 광진구 용마산로 95,37.5621386,127.0869761
482,엠스트학원,서울특별시 광진구 자양로 249,37.5487509,127.0891058
483,차오름미술학원,서울특별시 광진구 광나루로56길 34,37.5386271,127.0958742
484,바라크그린미술교습소,서울특별시 광진구 천호대로117길 58,37.5575462,127.0853412
485,JK영어교습소,서울특별시 광진구 자양번영로 32,37.5324322,127.0757102
486,솔루니논술교습소,서울특별시 광진구 용마산로21길 27,37.5634854,127.0859389
487,호아미술교습소,서울특별시 광진구 능동로31길 8-1,37.5557601,127.0780072
488,드림영어학원,서울특별시 광진구 광나루로54길 32,37.5394662,127.0951348
489,조아뜰리에미술교습소,서울특별시 광진구 천호대로 666,37.5513556,127.089346
490,광진구주이배고등관학원,서울특별시 광진구 광나루로 603,37.5420151,127.0955975
491,서울강변작심독서실,서울특별시 광진구 광나루로56길 29,37.53739729999999,127.0976212
492,블루밍영어교습소,서울특별시 광진구 광나루로36길 28,37.5437193,127.0863141
493,MbM영어교습소,서울특별시 광진구 아차산로 345,37.5377045,127.0815286
494,푸른꿈과당신의기타교습소,서울특별시 광진구 뚝섬로40길 15,37.5331521,127.0729333
495,웨일즈어학원,서울특별시 광진구 광나루로 619,37.5410525,127.0964511
496,더뉴스타운(The NEWS Town)영어교습소,서울특별시 광진구 자양로 282-1,37.5509934,127.0917623
497,탑클래스잉글리쉬(Top Class English)영어교습소,서울특별시 광진구 용마산로3길 43,37.5561168,127.0856149
498,깊은생각광진학원,서울특별시 광진구 광나루로 602,37.5417868,127.0946996
499,아가페음악학원,서울특별시 광진구 자양로7길 42,37.5324798,127.0824716
500,멘토스수학교습소,서울특별시 광진구 구의강변로 96,37.5384981,127.0946643
501,필즈수학학원,서울특별시 광진구 용마산로 95,37.5621386,127.0869761
502,이엠플러스(EM+)영수학원,서울특별시 광진구 아차산로 623,37.548496,127.106796
503,광진에이닷영어학원,서울특별시 광진구 광나루로 590,37.5425759,127.0939174
504,임팩트학원,서울특별시 광진구 자양로37길 4,37.5478687,127.0878439
505,수학의달인해법영어학원,서울특별시 광진구 뚝섬로37길 11,37.5350143,127.0716811
506,엘리트서울미술교습소,서울특별시 광진구 광나루로 635,37.5406205,127.0986045
507,뮤엠영어해법수학학원,서울특별시 광진구 자양번영로 46,37.5336367,127.0760645
508,책독서논술교습소,서울특별시 광진구 자양번영로 47-3,37.5338199,127.0754885
509,책이랑글이랑논술교습소,서울특별시 광진구 군자로 84,37.5505216,127.071161
510,더베스트영어교습소,서울특별시 광진구 광나루로 635,37.5406205,127.0986045
511,하이클래스영어전문2관영어교습소,서울특별시 광진구 뚝섬로56길 34,37.5298767,127.0825684
512,즐거운예람음악교습소,서울특별시 광진구 용마산로 160,37.5678471,127.0863908
513,마스터입시전문연기학원,서울특별시 광진구 아차산로 453,37.5394007,127.0923951
514,제이미영어독서클럽교습소,서울특별시 광진구 동일로38길 13,37.551465,127.0701933
515,크로체꽃예술학원,서울특별시 광진구 능동로 251,37.55265050000001,127.0767212
516,베리타스에듀학원,서울특별시 광진구 천호대로 666,37.5513556,127.089346
517,한밀러(Hanmiller)수학교습소,서울특별시 광진구 영화사로7길 45,37.5572345,127.0931632
518,예술창작미술교습소,서울특별시 광진구 아차산로 634,37.5489219,127.1083668
519,리더스해법에듀학원,서울특별시 광진구 용마산로22길 16,37.5634767,127.0879136
520,제이케이모델입시학원,서울특별시 광진구 뚝섬로 468,37.5367436,127.0621483
521,제이케이모델전문학원,서울특별시 광진구 뚝섬로 468,37.5367436,127.0621483
522,김주영수학교습소,서울특별시 광진구 광나루로 635,37.5406205,127.0986045
523,문연기학원,서울특별시 광진구 자양번영로 71,37.5359522,127.0762701
524,스택업러닝센터학원,서울특별시 광진구 광나루로 602,37.5417868,127.0946996
525,셀파영어교습소,서울특별시 광진구 뚝섬로52라길 69,37.5294279,127.0824397
526,달그린미술창작소미술교습소,서울특별시 광진구 동일로72길 46,37.5653083,127.0799294
527,3030영어교습소,서울특별시 광진구 구의강변로 96,37.5384981,127.0946643
528,엠수학학원,서울특별시 광진구 뚝섬로 558,37.5340724,127.0718277
529,와와학습코칭학원,서울특별시 광진구 광나루로 584,37.54305129999999,127.0935523
530,시몽?SM미술학원,서울특별시 광진구 자양로50길 18,37.5519443,127.0933075
531,구의수학의달인수학교습소,서울특별시 광진구 광나루로30나길 28,37.5432545,127.0831681
532,POS과학전문학원&Fim수학학원,서울특별시 광진구 광나루로 602,37.5417868,127.0946996
533,트리니티잉글리쉬영어교습소,서울특별시 광진구 용마산로3길 102,37.5574222,127.082833
534,코람데오미술교습소,서울특별시 광진구 아차산로66길 92,37.5421538,127.1015045
535,즐거운창작소미술교습소,서울특별시 광진구 광나루로39길 11,37.5454994,127.0887779
536,솔루니독서논술교습소,서울특별시 광진구 아차산로 493,37.5417983,127.0961971
537,자양독서논술교습소,서울특별시 광진구 뚝섬로38길 18,37.5333035,127.0729445
538,장미피아노교습소,서울특별시 광진구 광장로 58-1,37.5470767,127.1035953
539,플랜비(PlanB)영어교습소,서울특별시 광진구 천호대로136길 52,37.5475001,127.0897954
540,어썸팩토리자양플레이스독서실,서울특별시 광진구 능동로 21,37.5335019,127.0672835
541,예스독서실,서울특별시 광진구 영화사로 32,37.5567329,127.0903676
542,탑티어영어학원,서울특별시 광진구 뚝섬로54길 13,37.5309274,127.0807712
543,로봇&코딩학원,서울특별시 광진구 광나루로56길 29,37.53739729999999,127.0976212
544,플라톤아카데미자양건대독서논술교습소,서울특별시 광진구 능동로8길 19,37.5364801,127.0702824
545,김선생국어교습소,서울특별시 광진구 뚝섬로41길 8,37.5339368,127.0751097
546,꼭두미술교습소,서울특별시 광진구 뚝섬로64길 50,37.5314369,127.0888456
547,광진스즈키바이올린교습소,서울특별시 광진구 아차산로 522,37.5419395,127.0996713
548,깊은생각광진2관학원,서울특별시 광진구 광나루로 600,37.5419375,127.0945505
549,A+메타수학교습소,서울특별시 광진구 천호대로119길 57,37.5574184,127.0857811
550,광진고스(GOS)에듀학원,서울특별시 광진구 광나루로 602,37.5417868,127.0946996
551,리드체인지학원,서울특별시 광진구 천호대로 602,37.5548979,127.0843216
552,라움미술교습소,서울특별시 광진구 광나루로 635,37.5406205,127.0986045
553,해법영어교실용마영어교습소,서울특별시 광진구 용마산로3길 98,37.5573684,127.0829801
554,타파하댄스학원,서울특별시 광진구 뚝섬로 645,37.5317075,127.0813974
555,매스랩(MathLab)전문수학교습소,서울특별시 광진구 광나루로54길 38,37.5392467,127.0950927
556,상상수학학원,서울특별시 광진구 자양번영로 32,37.5324322,127.0757102
557,이상윤기타교습소,서울특별시 광진구 자양로28길 85,37.541675,127.0890236
558,광진비바키즈어학원,서울특별시 광진구 아차산로 502,37.5413438,127.097272
559,라온국어학원,서울특별시 광진구 뚝섬로 587,37.5335228,127.0754315
560,예림음악교습소,서울특별시 광진구 용마산로5길 71,37.5572072,127.0838532
561,비트믹스스튜디오본점학원,서울특별시 광진구 아차산로 235,37.5407382,127.069586
562,아이엠수학교습소,서울특별시 광진구 자양로 319,37.554008,127.0938192
563,플라톤아카데미구의아르테나논술교습소,서울특별시 광진구 아차산로 464,37.5396198,127.0936261
564,중곡용마플라톤아카데미논술교습소,서울특별시 광진구 천호대로119길 61,37.5575874,127.0857588
565,해성수학교습소,서울특별시 광진구 능동로 30,37.5340047,127.0681498
566,에스제이발레학원,서울특별시 광진구 구의강변로 92,37.5386051,127.0941519
567,파크빌바이올린교습소,서울특별시 광진구 아차산로 549,37.5441452,127.1015274
568,자양융합국어교습소,서울특별시 광진구 자양번영로 15,37.5310469,127.0748037
569,날개달기국어수학학원,서울특별시 광진구 아차산로 345,37.5377045,127.0815286
570,시티힐아카데미학원,서울특별시 광진구 광나루로 494,37.5448686,127.0842049
571,이라라피아노교습소,서울특별시 광진구 천호대로113길 5,37.5575368,127.0830728
572,허윤호수학학원,서울특별시 광진구 광나루로 604,37.5415728,127.0949101
573,시매쓰수학학원,서울특별시 광진구 뚝섬로 558,37.5340724,127.0718277
574,라라미술교습소,서울특별시 광진구 자양로28길 18-1,37.5421287,127.0852846
575,조앤아카데미학원,서울특별시 광진구 천호대로 578,37.5557559,127.0819894
576,라하잉글리시광장영어교습소,서울특별시 광진구 아차산로 530,37.5419395,127.0996713
577,진성피아노교습소,서울특별시 광진구 구의강변로 47,37.53508739999999,127.0916479
578,줄리음악교습소,서울특별시 광진구 자양로 88,37.5356026,127.0842975
579,정직한153수학학원,서울특별시 광진구 아차산로 532,37.54239889999999,127.1004627
580,더플랙과학학원,서울특별시 광진구 아차산로 484,37.540724,127.0956717
581,파랑피아노교습소,서울특별시 광진구 동일로20길 20,37.5411181,127.0647455
582,새움보습학원,서울특별시 광진구 자양번영로 18,37.5311623,127.0753313
583,한몽한국어교습소,서울특별시 광진구 자양로 259,37.5493627,127.089732
584,스펀지영어교습소,서울특별시 광진구 아차산로 549,37.5441452,127.1015274
585,국어논술이안학원,서울특별시 광진구 아차산로 502,37.5413438,127.097272
586,왕지로열발레학원,서울특별시 광진구 능동로 267,37.5539176,127.0773765
587,아트구루미술교습소,서울특별시 광진구 자양로42길 38,37.5484381,127.0919762
588,아라미술학원,서울특별시 광진구 동일로70길 53,37.5639927,127.0797587
589,이기옥논술교습소,서울특별시 광진구 뚝섬로36가길 15,37.5322136,127.0716289
590,문쌔미국어교습소,서울특별시 광진구 광나루로 635,37.5406205,127.0986045
591,대원킨더아카데미제2관어학원,서울특별시 광진구 용마산로22길 24,37.56357819999999,127.0884451
592,예화수학교습소,서울특별시 광진구 능동로49길 19,37.5644802,127.0822388
593,플로라음악학원(Flora Music Academy),서울특별시 광진구 천호대로111길 36,37.55793430000001,127.0828806
594,신예음음악교습소,서울특별시 광진구 광나루로 635,37.5406205,127.0986045
595,광장앤스마일학원,서울특별시 광진구 광장로 47,37.5470571,127.1024621
596,E.I.E학원,서울특별시 광진구 영화사로 34,37.55659010000001,127.0905058
597,리딩오션독서논술광진직영학원,서울특별시 광진구 아차산로70길 26,37.54196659999999,127.1011914
598,제니스잉글리쉬부띠끄(Jenny`s English Boutique)영어교습소,서울특별시 광진구 광나루로 635,37.5406205,127.0986045
599,이투학원,서울특별시 광진구 광나루로36길 76,37.5416807,127.0854372
600,이투원격교습학원,서울특별시 광진구 광나루로36길 76,37.5416807,127.0854372
601,블럭마을영어교습소,서울특별시 광진구 용마산로1길 96,37.556559,127.0834991
602,올림피아드대입관학원,서울특별시 광진구 자양로 90,37.5358295,127.084207
603,채움미래학원,서울특별시 광진구 용마산로16길 9,37.5622133,127.0877449
604,석선생영어전문학원,서울특별시 광진구 아차산로 480,37.540456,127.0952326
605,공간프리미엄독서실,서울특별시 광진구 면목로 161,37.5677311,127.0820199
606,빛샘국어독서논술학원,서울특별시 광진구 용마산로 95,37.5621386,127.0869761
607,광진고스(GOS)에듀2관학원,서울특별시 광진구 구의로16길 89,37.5416947,127.0943838
608,어린음악대조이원음악학원,서울특별시 광진구 뚝섬로 558,37.5340724,127.0718277
609,아르떼음악학원,서울특별시 광진구 동일로 256-1,37.5541423,127.0712633
610,별타쌤솔루션수학교습소,서울특별시 광진구 뚝섬로37길 11,37.5350143,127.0716811
611,심슨어학보습학원,서울특별시 광진구 아차산로 506,37.5414171,127.0976337
612,너의/미술교습소,서울특별시 광진구 자양번영로2길 33,37.53029350000001,127.076874
613,서림제2관학원,서울특별시 광진구 면목로 136,37.565423,127.0811798
614,줄탁동시수학교습소,서울특별시 광진구 구의강변로 96,37.5384981,127.0946643
615,소리엘피아노교습소,서울특별시 광진구 천호대로117길 62,37.5576523,127.0853206
616,창조수학제2관학원,서울특별시 광진구 광나루로 582,37.5430855,127.0933652
617,장문원격교습학원,서울특별시 광진구 아차산로65길 24,37.541358,127.0936841
618,나무수학학원,서울특별시 광진구 군자로 109,37.5528718,127.0719913
619,로이뮤직실용음악교습소,서울특별시 광진구 자양로 282-1,37.5509934,127.0917623
620,드림아트미술학원,서울특별시 광진구 아차산로 493,37.5417983,127.0961971
621,아이루체몬테소리학원,서울특별시 광진구 자양로5길 36,37.531206,127.0837497
622,서울디자인기술아카데미학원,서울특별시 광진구 능동로 339,37.5599223,127.0807312
623,민선피아노교습소,서울특별시 광진구 광나루로56길 63,37.53739729999999,127.0976212
624,앤수학영어학원,서울특별시 광진구 자양로9길 77,37.5317775,127.0812127
625,뷰티인강원격학원,서울특별시 광진구 광나루로 436,37.545554,127.0777267
626,리드인독서논술광장점교습소,서울특별시 광진구 아차산로76길 31,37.5470808,127.1085548
627,블루밍잉글리쉬영어교습소,서울특별시 광진구 광나루로36길 28,37.5437193,127.0863141
628,오!잉글리시랩(Oh!English Lab)영어교습소,서울특별시 광진구 뚝섬로 533,37.5351805,127.0694982
629,유리발레스튜디오학원,서울특별시 광진구 뚝섬로 587,37.5335228,127.0754315
630,박쌤독서&논술교습소,서울특별시 광진구 아차산로 549,37.5441452,127.1015274
631,자람미술학원,서울특별시 광진구 뚝섬로36길 15,37.533733,127.0714588
632,예다움음악교습소,서울특별시 광진구 광나루로35길 38,37.5463033,127.0879807
633,비더원영어교습소,서울특별시 광진구 아차산로65길 14,37.5410475,127.0940895
634,생각날기논슬교습소,서울특별시 광진구 천호대로119길 58,37.55744139999999,127.085998
635,THE상승학원,서울특별시 광진구 자양로 46,37.5322381,127.0859794
636,광진위드영어교습소,서울특별시 광진구 능동로34길 91,37.5539762,127.0841856
637,아트앤하트구의미술교습소,서울특별시 광진구 광나루로39길 11,37.5454994,127.0887779
638,광진최강푸르넷수학교습소,서울특별시 광진구 영화사로 37-1,37.5565573,127.0912276
639,매쓰홍수학전문학원,서울특별시 광진구 아차산로 493,37.5417983,127.0961971
640,최선해법영어학원,서울특별시 광진구 광나루로56길 34,37.5386271,127.0958742
641,그리네미술학원,서울특별시 광진구 능동로 403,37.5652171,127.0836785
642,매쓰플랜수학학원,서울특별시 광진구 자양번영로 56,37.5344736,127.0763255
643,글로리음악교습소,서울특별시 광진구 용마산로 41,37.5572812,127.0876908
644,C&A논술학원,서울특별시 광진구 광나루로 635,37.5406205,127.0986045
645,위즈덤독서논술교습소,서울특별시 광진구 능동로49길 24,37.5647746,127.0820222
646,K-English영어교습소,서울특별시 광진구 광나루로 606,37.5413415,127.0951373
647,플라톤아카데미자양성자독서논술교습소,서울특별시 광진구 뚝섬로54길 49,37.5294543,127.0800874
648,지혜담은국어교습소,서울특별시 광진구 아차산로 493,37.5417983,127.0961971
649,유니크수학블랙라벨학원,서울특별시 광진구 자양번영로 28,37.5321601,127.0756141
650,플랜에이치헤어아카데미학원,서울특별시 광진구 동일로30길 52,37.5473969,127.0702269
651,김안나키즈싱어2호점음악교습소,서울특별시 광진구 광나루로56길 32,37.5386271,127.0958742
652,다온해법학원,서울특별시 광진구 뚝섬로52라길 39-3,37.5296052,127.0808128
653,엑터스프로젝트연기학원,서울특별시 광진구 천호대로 604,37.5548434,127.0844602
654,뮤트디오댄스학원,서울특별시 광진구 아차산로 192,37.5414999,127.0648134
655,메종드발레학원,서울특별시 광진구 아차산로 431,37.538653,127.0901794
656,스마트쿠키즈영어학원,서울특별시 광진구 천호대로111길 20,37.5572403,127.0824914
657,아소비자양센터학원,서울특별시 광진구 자양로3길 70,37.5295085,127.0828485
658,광진구의자라다남아미술학원,서울특별시 광진구 아차산로 453,37.5394007,127.0923951
659,너머섬미술학원,서울특별시 광진구 자양로 253,37.5491049,127.0894397
660,아이꿈틀미술교육학원,서울특별시 광진구 뚝섬로 590,37.5331067,127.0752992
661,청출어람보습학원,서울특별시 광진구 아차산로 479,37.5408115,127.0948355
662,광진크라센고등관영어학원,서울특별시 광진구 아차산로 552,37.5431583,127.1041888
663,월드클래스커피바리스타학원,서울특별시 광진구 군자로 43,37.547115,127.0700222
664,새미준학원,서울특별시 광진구 뚝섬로33길 34,37.5365712,127.0701466
665,독션학원,서울특별시 광진구 천호대로 691,37.5499264,127.0916943
666,신지원국어학원,서울특별시 광진구 구의로16길 91,37.5415644,127.0945118
667,클라비스수학학원,서울특별시 광진구 구의로16길 89,37.5416947,127.0943838
668,순수미술학원,서울특별시 광진구 천호대로131길 7,37.5517336,127.0905436
669,본스타성동광진캠퍼스연기학원,서울특별시 광진구 능동로 267,37.5539176,127.0773765
670,분석수학교습소,서울특별시 광진구 용마산로3길 93,37.5571008,127.0830786
671,다움국어교습소,서울특별시 광진구 아차산로36길 35,37.5363514,127.0745967
672,한솔플라톤아카데미자양독서논술학원,서울특별시 광진구 자양번영로 38,37.5328543,127.0758789
673,웅진프라임학원,서울특별시 광진구 광나루로 590,37.5425759,127.0939174
674,레나바이올린아카데미음악교습소,서울특별시 광진구 광나루로56길 29,37.53739729999999,127.0976212
675,기파랑문해원광진학원,서울특별시 광진구 광나루로54길 6,37.5405539,127.0958609
676,열방수학교습소,서울특별시 광진구 영화사로7길 24,37.5566238,127.0921941
677,리샤김영어교습소,서울특별시 광진구 아차산로 552,37.5431583,127.1041888
678,리드인독서논술광진센터학원,서울특별시 광진구 광나루로46길 3,37.5434518,127.0929563
679,리도토음악학원,서울특별시 광진구 아차산로69길 6,37.5423625,127.098436
680,주스보이스스터디교습소,서울특별시 광진구 구의강변로 95,37.5391005,127.0937621
681,그림명상미술교습소,서울특별시 광진구 광나루로56길 63,37.53739729999999,127.0976212
682,아트티움창의미술교습소,서울특별시 광진구 자양로40길 48,37.5470308,127.0911931
683,광진시소국어교습소,서울특별시 광진구 능동로36길 91,37.5547082,127.0839242
684,벡터수학학원,서울특별시 광진구 자양번영로 38,37.5328543,127.0758789
685,스마트올클래스구의학원,서울특별시 광진구 광나루로30다길 3,37.5433657,127.0816977
686,뮤엠광진초점영어교습소,서울특별시 광진구 광나루로39길 11,37.5454994,127.0887779
687,정직한153수학프리미엄관학원,서울특별시 광진구 아차산로 511,37.5421511,127.0981542
688,수학지능학원,서울특별시 광진구 광나루로 586,37.5428623,127.0937426
689,에이블영어학원,서울특별시 광진구 구의강변로 106,37.5399001,127.0948193
690,이지수학교습소,서울특별시 광진구 아차산로 530,37.5419395,127.0996713
691,주지은수학교습소,서울특별시 광진구 뚝섬로 631-1,37.5320639,127.0800011
692,뉴런과학학원,서울특별시 광진구 뚝섬로35길 9,37.5356572,127.0700386
693,놀작자양아트센터미술학원,서울특별시 광진구 능동로4길 38,37.5321852,127.0690312
694,에스제이발레2관학원,서울특별시 광진구 아차산로 461,37.5398941,127.0932358
695,유니온국어논술학원,서울특별시 광진구 아차산로 459,37.5444761,127.0897654
696,사계절아뜰리에미술학원,서울특별시 광진구 뚝섬로33길 34,37.5365712,127.0701466
697,한수연유니온수학학원,서울특별시 광진구 아차산로 459,37.5444761,127.0897654
698,리드앤톡영어도서관학원,서울특별시 광진구 구의강변로 106,37.5399001,127.0948193
699,아트스테이무용학원,서울특별시 광진구 천호대로 805,37.5457426,127.1032685
700,형이랑미술학원,서울특별시 광진구 자양로43길 57,37.5531401,127.089906
701,오성호영어채널원격학원,서울특별시 광진구 천호대로 536,37.5574963,127.0776573
702,T.M수학교습소,서울특별시 광진구 용마산로3길 93,37.5571008,127.0830786
703,뮤엠영어강변교습소,서울특별시 광진구 광나루로56길 29,37.53739729999999,127.0976212
704,소시오툰즈원격학원,서울특별시 광진구 능동로 266,37.5537013,127.0778977
705,역사박사원격학원,서울특별시 광진구 아차산로49길 103,37.5415536,127.0844919
706,코딩하루교습소,서울특별시 광진구 천호대로111길 35,37.557918,127.0825732
707,숨뮤직아카데미학원,서울특별시 광진구 능동로 442,37.5680238,127.0857309
708,하이탑수학학원,서울특별시 광진구 자양로5길 36,37.531206,127.0837497
709,바른국어교습소,서울특별시 광진구 동일로72길 30,37.5655542,127.0792109
710,해랑미술교습소,서울특별시 광진구 자양로 259,37.5493627,127.089732
711,티쿤올람수학교습소,서울특별시 광진구 군자로 67,37.5492615,127.0705598
712,이룸국영수학원,서울특별시 광진구 뚝섬로56길 23,37.5303566,127.0827718
713,샤론클라비어음악학원,서울특별시 광진구 뚝섬로64길 10,37.5331,127.0886974
714,비피엠댄스학원,서울특별시 광진구 능동로 267,37.5539176,127.0773765
715,참나무교육원격학원,서울특별시 광진구 아차산로78길 75,37.5516182,127.1109471
716,한수학교습소,서울특별시 광진구 광나루로39길 11,37.5454994,127.0887779
717,모네미술교습소,서울특별시 광진구 자양번영로 48,37.5337708,127.0761036
718,크림슨영어교습소,서울특별시 광진구 자양로 246,37.5483357,127.0892117
719,필립영어교습소,서울특별시 광진구 아차산로70길 62,37.5406205,127.0986045
720,에이플러스수학전문학원,서울특별시 광진구 뚝섬로 668,37.5315414,127.0837348
721,밸류인수학광진2관학원,서울특별시 광진구 아차산로 484,37.540724,127.0956717
722,수학공간수학교습소,서울특별시 광진구 동일로38길 15,37.5514184,127.0703291
723,보컬플래닛실용음악학원,서울특별시 광진구 천호대로 576,37.5558723,127.0818222
724,러닝메이트원격학원,서울특별시 광진구 능동로 68,37.53691269999999,127.0696803
725,아트블룸미술학원,서울특별시 광진구 자양로 170,37.5427953,127.084605
726,삼성영어보습학원,서울특별시 광진구 뚝섬로56길 59,37.5288562,127.0829213
727,좋은소리음악교습소,서울특별시 광진구 동일로72길 34,37.5655233,127.0793634
728,씨앤씨애니스타미술학원,서울특별시 광진구 천호대로 579,37.5564322,127.0826217
729,품격일본어교습소,서울특별시 광진구 자양로3가길 3,37.5299102,127.084201
730,퓨즈광진실용음악학원,서울특별시 광진구 아차산로 306,37.5378948,127.0768343
731,잉글리쉬잇업보습학원,서울특별시 광진구 능동로4길 17,37.533423,127.0688046
732,광진구주이배카이관학원,서울특별시 광진구 광나루로 604,37.5415728,127.0949101
733,에스독학재수학원,서울특별시 광진구 광나루로 582,37.5430855,127.0933652
734,진영어교습소,서울특별시 광진구 아차산로 522,37.5419395,127.0996713
735,감각영어교습소,서울특별시 광진구 자양로23길 83,37.5439705,127.0838323
736,수능콘서트보습학원,서울특별시 광진구 아차산로 445,37.5390167,127.0918539
737,청담클루빌보습학원,서울특별시 광진구 천호대로113길 5,37.5575368,127.0830728
738,눈높이러닝센타아차산보습학원,서울특별시 광진구 영화사로 47,37.5560566,127.0919585
739,에스에이치보습학원,서울특별시 광진구 광나루로 586,37.5428623,127.0937426
740,더아트미술학원,서울특별시 광진구 아차산로 499,37.5424654,127.0962926
741,윤선생영어광장보습학원,서울특별시 광진구 아차산로 499,37.5424654,127.0962926
742,키즈칼리지워커힐어학학원,서울특별시 광진구 아차산로 494,37.541154,127.0967128
743,애니포스미술학원,서울특별시 광진구 광나루로 416,37.54649510000001,127.0755874
744,153수학학원,서울특별시 광진구 광나루로54길 32,37.5394662,127.0951348
745,알파트리학원,서울특별시 광진구 자양번영로 17,37.5312533,127.0748645
746,광진ECC어학학원,서울특별시 광진구 아차산로 471,37.5404134,127.0939444
747,매쓰플랜보습학원,서울특별시 광진구 뚝섬로 558,37.5340724,127.0718277
748,베리타스탑영어보습학원,서울특별시 광진구 광나루로 606,37.5413415,127.0951373
749,애플트리센클영어학원,서울특별시 광진구 능동로4길 61,37.5319578,127.0704582
750,상상미술교습소,서울특별시 광진구 용마산로3길 104,37.5574636,127.0826587
751,두앤비수학보습학원,서울특별시 광진구 광나루로 601,37.5420969,127.0952129
752,해오름미술학원,서울특별시 광진구 영화사로 47,37.5560566,127.0919585
753,국풍2000광진관학원,서울특별시 광진구 아차산로 478,37.540312,127.095016
754,소마사고력수학학원,서울특별시 광진구 아차산로 478,37.540312,127.095016
755,미주음악교습소,서울특별시 광진구 군자로 92-1,37.5513664,127.0712917
756,그림아트스튜디오미술교습소,서울특별시 광진구 뚝섬로37길 11,37.5350143,127.0716811
757,탑클래스수학보습학원,서울특별시 광진구 아차산로 478,37.540312,127.095016
758,학연학원,서울특별시 광진구 뚝섬로 558,37.5340724,127.0718277
759,수좌보습학원,서울특별시 광진구 광나루로 580,37.5432411,127.0932438
760,푸른솔컴퓨터학원,서울특별시 광진구 뚝섬로 681,37.5324975,127.0849993
761,이손음악교습소,서울특별시 광진구 군자로 82,37.550391,127.0711679
762,GT수학교습소,서울특별시 광진구 광나루로36길 42,37.5430909,127.0860012
763,명문주산교습소,서울특별시 광진구 능동로6길 22,37.534056,127.0692057
764,멘토보습학원,서울특별시 광진구 자양로 170,37.5427953,127.084605
765,한우리국어교습소,서울특별시 광진구 구의강변로 96,37.5384981,127.0946643
766,아이네클라이네음악학원,서울특별시 광진구 구의강변로 106,37.5399001,127.0948193
767,열린이화음악교습소,서울특별시 광진구 용마산로2길 31,37.5553877,127.0900643
768,고운빛독서실,서울특별시 광진구 자양번영로 52,37.5340871,127.0760397
769,New예일피아노교습소,서울특별시 광진구 뚝섬로37길 11,37.5350143,127.0716811
770,매쓰플랜자양2관학원,서울특별시 광진구 뚝섬로36길 18,37.5334492,127.0704997
771,임박사의일본가자통역학원,서울특별시 광진구 구의강변로 83,37.5381481,127.0935026
772,꿈꾸는화가미술교습소,서울특별시 광진구 자양로6길 40,37.53269239999999,127.0880208
773,엘리트뮤지션피아노교습소,서울특별시 광진구 능동로32길 53,37.5543731,127.0815934
774,꼭두일러스트학원,서울특별시 광진구 뚝섬로64길 50,37.5314369,127.0888456
775,아이러브음악교습소,서울특별시 광진구 천호대로136길 56,37.5474064,127.0896814
776,제임스영어학원,서울특별시 광진구 아차산로 477,37.540732,127.094682
777,준아카데미보습학원,서울특별시 광진구 아차산로 623,37.548496,127.106796
778,예아음악교습소,서울특별시 광진구 긴고랑로7길 70,37.5663567,127.080811
779,홍선생피아노교습소,서울특별시 광진구 뚝섬로56길 59,37.5288562,127.0829213
780,글렌피아노교습소,서울특별시 광진구 구의강변로3길 13,37.5357805,127.0911766
781,옵트미어영수학원,서울특별시 광진구 뚝섬로41길 8,37.5339368,127.0751097
782,하이클래스보습학원,서울특별시 광진구 뚝섬로 655,37.5315998,127.0823202
783,해법영어최선엘리트학원,서울특별시 광진구 천호대로 136길 46,37.54776349999999,127.0900713
784,에이스에듀케이션학원,서울특별시 광진구 아차산로 471,37.5404134,127.0939444
785,숨피아노교습소,서울특별시 광진구 동일로26길 46,37.5447084,127.0683161
786,한가람보습학원,서울특별시 광진구 영화사로 19,37.557691,127.0896293
