,도로명주소,업태구분명,좌표
0,서울특별시 광진구 뚝섬로 513 (자양동),커피숍,"37.5315073, 127.0805619"
1,"서울특별시 광진구 광나루로56길 85, 9층동 014호 (구의동,테크노마트)",커피숍,"37.5349372, 127.0957088"
2,"서울특별시 광진구 광나루로56길 85, 2층동 D082호 (구의동,테크노마트)",패스트푸드,"37.5349372, 127.0957088"
3,"서울특별시 광진구 광나루로56길 85, 7층동 D082호 (구의동,테크노마트)",패스트푸드,"37.5349372, 127.0957088"
4,"서울특별시 광진구 광나루로56길 85, A023호 (구의동, 테크노마트 지하1층)",패스트푸드,"37.5349372, 127.0957088"
5,"서울특별시 광진구 광나루로56길 85, 9층동 041호 (구의동,테크노마트)",패스트푸드,"37.5349372, 127.0957088"
6,서울특별시 광진구 아차산로51길 62 (구의동),편의점,"37.5397366, 127.0849675"
7,서울특별시 광진구 뚝섬로 617 (자양동),편의점,"37.5315073, 127.0805619"
8,"서울특별시 광진구 천호대로 665, 1,2층 (구의동)",패스트푸드,"37.5534728, 127.0884141"
9,"서울특별시 광진구 광나루로56길 85, 10층 (구의동)",커피숍,"37.5349372, 127.0957088"
10,서울특별시 광진구 능동로 216 (능동),패스트푸드,"37.55512, 127.07864"
11,서울특별시 광진구 군자로 111 (군자동),패스트푸드,"37.5551426, 127.0759466"
12,"서울특별시 광진구 아차산로78길 72 (광장동,(101호))",편의점,"37.5512134, 127.11048207590466"
13,"서울특별시 광진구 아차산로 471, 1층 (구의동)",커피숍,"37.538847, 127.0919729"
14,서울특별시 광진구 광나루로 416 (화양동),커피숍,"37.5479106, 127.0694072"
15,"서울특별시 광진구 광나루로 410, 104호 (화양동)",커피숍,"37.54006, 127.09724"
16,서울특별시 광진구 뚝섬로 630 (자양동),패스트푸드,"37.5315073, 127.0805619"
17,"서울특별시 광진구 아차산로 272, 1층 (자양동, 스타시티몰)",패스트푸드,"37.538418, 127.07323878135787"
18,"서울특별시 광진구 아차산로 262, 2층 (자양동, 스타시티 롯데시네마내)",커피숍,"37.538847, 127.0919729"
19,"서울특별시 광진구 아차산로 451, 지하1층 비1-2호 (구의동, 세림리오빌아파트)",패스트푸드,"37.538847, 127.0919729"
20,"서울특별시 광진구 아차산로 229, 1층 101,110호 (화양동)",커피숍,"37.538847, 127.0919729"
21,서울특별시 광진구 뚝섬로 480 (자양동),패스트푸드,"37.5315073, 127.0805619"
22,서울특별시 광진구 뚝섬로 606 (자양동),커피숍,"37.5315073, 127.0805619"
23,"서울특별시 광진구 아차산로 272, 1층 1호 (자양동, 스타시티 판매영업동)",편의점,"37.538418, 127.07323878135787"
24,"서울특별시 광진구 용마산로22길 12, 1층 (중곡동)",패스트푸드,"37.5636661, 127.0882127"
25,"서울특별시 광진구 아차산로76길 27, 광나루현대아파트 상가동 1층 112호 (광장동)",커피숍,"37.5467113, 127.1076358"
26,"서울특별시 광진구 자양번영로3길 54, 1층 103호 (자양동, 1층일부)",패스트푸드,"37.5321631, 127.0730672"
27,서울특별시 광진구 능동로 216 (능동),패스트푸드,"37.55512, 127.07864"
28,"서울특별시 광진구 광장로5길 6, 1층 (광장동)",커피숍,"37.5485964, 127.1048619"
29,"서울특별시 광진구 아차산로21길 15, 1층 (화양동)",커피숍,"37.5457864, 127.0669574"
30,"서울특별시 광진구 능동로 110, 스타시티영존빌딩 1층2층 (화양동)",패스트푸드,"37.5340314, 127.0678046"
31,"서울특별시 광진구 광장로 73, 1층 (광장동)",커피숍,"37.5473486, 127.1041974"
32,"서울특별시 광진구 뚝섬로 654 (자양동,(1층))",패스트푸드,"37.5315073, 127.0805619"
33,"서울특별시 광진구 구의로4길 2, 1층 (구의동)",패스트푸드,"37.540428, 127.0916351"
34,"서울특별시 광진구 광나루로 390 (화양동,(층))",커피숍,"37.5479106, 127.0694072"
35,"서울특별시 광진구 능동로13길 39, 1층 (화양동, GS슈퍼화양점)",패스트푸드,"37.543819, 127.0698061"
36,"서울특별시 광진구 자양로 128, 1층 (구의동)",커피숍,"37.5287142, 127.0883594"
37,"서울특별시 광진구 아차산로30길 8, 2층 (자양동)",커피숍,"37.539866, 127.0674768"
38,"서울특별시 광진구 자양로13길 16, 2층 (자양동)",패스트푸드,"37.5329309, 127.0804176"
39,"서울특별시 광진구 광나루로 392, 1,2층 (화양동)",패스트푸드,"37.5473263, 127.0731967"
40,"서울특별시 광진구 면목로 8, 1층 (군자동)",커피숍,"37.5671595, 127.0819519"
41,"서울특별시 광진구 천호대로143길 8-5, 1층 (광장동)",커피숍,"37.5463502, 127.1032694"
42,"서울특별시 광진구 천호대로119길 58, 1층 (중곡동)",커피숍,"37.555431, 127.0861418"
43,"서울특별시 광진구 광나루로 383, 1,2층 (군자동)",커피숍,"37.54006, 127.09724"
44,"서울특별시 광진구 아차산로 262, 1층 (자양동)",커피숍,"37.538847, 127.0919729"
45,"서울특별시 광진구 자양로13가길 2, 1층 101호 (자양동)",커피숍,"37.5346878, 127.0813712"
46,"서울특별시 광진구 아차산로 461, 지층 (구의동)",커피숍,"37.5398604, 127.0932221"
47,"서울특별시 광진구 자양로28길 12, 1층 (구의동)",커피숍,"37.541602, 127.0888944"
48,"서울특별시 광진구 능동로 290, 삼일빌딩 1층 (능동)",커피숍,"37.5340314, 127.0678046"
49,"서울특별시 광진구 아차산로 272, 2층 (자양동)",패스트푸드,"37.538418, 127.07323878135787"
50,"서울특별시 광진구 광장로5길 5, 1층 (광장동)",커피숍,"37.5485964, 127.1048619"
51,"서울특별시 광진구 자양번영로1길 6, 1층 (자양동)",커피숍,"37.5308138, 127.0734922"
52,"서울특별시 광진구 능동로 209, 1층 (군자동, 세종대학교 학술정보원)",커피숍,"37.5510717, 127.0752624"
53,"서울특별시 광진구 자양로13길 57, 1층 (자양동)",커피숍,"37.5329309, 127.0804176"
54,"서울특별시 광진구 아차산로 401, 지층 (구의동)",커피숍,"37.538847, 127.0919729"
55,"서울특별시 광진구 아차산로70길 26, 1층 (광장동)",커피숍,"37.5392797, 127.0983829"
56,"서울특별시 광진구 능동로 68, 102호 (자양동, 이튼타워리버1차)",커피숍,"37.5340314, 127.0678046"
57,"서울특별시 광진구 자양로43길 68, 1층 (중곡동)",커피숍,"37.5511317, 127.0910025"
58,"서울특별시 광진구 자양로26길 93, 1층 (구의동)",커피숍,"37.5410325, 127.086969"
59,"서울특별시 광진구 뚝섬로 635, 2층 (자양동)",커피숍,"37.53347, 127.0883"
60,"서울특별시 광진구 용마산로 25, 1층 (중곡동)",패스트푸드,"37.55587935, 127.08794205000001"
61,"서울특별시 광진구 자양로43길 28, 지1층 (구의동)",커피숍,"37.5511317, 127.0910025"
62,"서울특별시 광진구 광나루로 604, 진넥스 베르디엠 1층 101호 (구의동)",패스트푸드,"37.54006, 127.09724"
63,"서울특별시 광진구 동일로22길 25, 1층 (화양동)",편의점,"37.5416499, 127.0674994"
64,"서울특별시 광진구 광나루로 604, 1, 2층 (구의동, 진넥스베르디엠)",커피숍,"37.54006, 127.09724"
65,"서울특별시 광진구 동일로 170, 1층 (화양동)",커피숍,"37.5393636, 127.0624104"
66,"서울특별시 광진구 능동로15길 22, B동 101호 (화양동, 채움하우스)",커피숍,"37.5451479, 127.072113"
67,"서울특별시 광진구 천호대로 653, 지층 (중곡동)",커피숍,"37.5534728, 127.0884141"
68,"서울특별시 광진구 면목로 67-4, 1층 (중곡동)",커피숍,"37.5671595, 127.0819519"
69,"서울특별시 광진구 능동로13길 6, 1층 (화양동)",커피숍,"37.54449, 127.0694089"
70,"서울특별시 광진구 동일로22길 59, 1층 (화양동)",편의점,"37.5416499, 127.0674994"
71,"서울특별시 광진구 동일로18길 36, 에이동 105호 (자양동, 건대도시엔 )",편의점,"37.5390686, 127.0661496"
72,"서울특별시 광진구 구의로 10, 2층 (구의동)",커피숍,"37.537839, 127.089116"
73,"서울특별시 광진구 광나루로 614, 지하1층 (구의동)",편의점,"37.54006, 127.09724"
74,"서울특별시 광진구 뚝섬로37길 11 (자양동, 우성3차상가 311동108호)",커피숍,"37.5358171, 127.0717595"
75,"서울특별시 광진구 자양로 261, 1층 (구의동)",커피숍,"37.5287142, 127.0883594"
76,"서울특별시 광진구 능동로19길 9, 2층 (화양동)",커피숍,"37.5468693, 127.0727958"
77,"서울특별시 광진구 능동로 92, 9층 (자양동, 롯데백화점 건대스타시티점)",커피숍,"37.538956049999996, 127.07142585170553"
78,"서울특별시 광진구 광나루로17길 14-5, 1층 (군자동)",커피숍,"37.5487957, 127.0727108"
79,"서울특별시 광진구 자양로 92, 1층 (자양동)",커피숍,"37.5287142, 127.0883594"
80,"서울특별시 광진구 면목로 137-1, 1층 (중곡동)",커피숍,"37.5607168, 127.0784142"
81,"서울특별시 광진구 광나루로 380, 1층 (화양동, 외 1필지)",커피숍,"37.54006, 127.09724"
82,"서울특별시 광진구 천호대로137길 10, 1층 (구의동)",커피숍,"37.5499436, 127.0932787"
83,"서울특별시 광진구 자양로 85, 1층 (자양동)",커피숍,"37.5287142, 127.0883594"
84,"서울특별시 광진구 자양로 81, 1층 (자양동)",커피숍,"37.5287142, 127.0883594"
85,"서울특별시 광진구 군자로 96, 1층 (군자동)",패스트푸드,"37.5433395, 127.071636"
86,"서울특별시 광진구 자양로26길 15, 1층 (구의동)",커피숍,"37.5410325, 127.086969"
87,"서울특별시 광진구 동일로20길 72, 1층 (자양동)",커피숍,"37.5405118, 127.0668855"
88,"서울특별시 광진구 자양로 46, 101호 (자양동)",커피숍,"37.5287142, 127.0883594"
89,"서울특별시 광진구 용마산로21길 34, 지층 (중곡동)",커피숍,"37.5620507, 127.0850268"
90,"서울특별시 광진구 광나루로36길 68, 1층 (구의동)",커피숍,"37.5435491, 127.0864008"
91,"서울특별시 광진구 능동로 216, 1층 (능동, 서울상상나라)",커피숍,"37.5340314, 127.0678046"
92,"서울특별시 광진구 자양로 228, 1층 (구의동)",커피숍,"37.5287142, 127.0883594"
93,"서울특별시 광진구 아차산로78길 7, 지층 104호 (광장동)",커피숍,"37.5478992, 127.10863"
94,"서울특별시 광진구 뚝섬로32길 39, 1층 (자양동)",커피숍,"37.5346978, 127.067068"
95,"서울특별시 광진구 아차산로 291, 1층 (자양동)",커피숍,"37.538847, 127.0919729"
96,"서울특별시 광진구 강변역로4길 56, 1층 108호 (구의동)",커피숍,"37.53441, 127.09268"
97,"서울특별시 광진구 자양로3길 24, 1층 (자양동)",커피숍,"37.5305798, 127.0839974"
98,"서울특별시 광진구 아차산로 236, 1층,2층,3층,4층 (자양동)",커피숍,"37.538847, 127.0919729"
99,"서울특별시 광진구 워커힐로 177, 1층 (광장동)",커피숍,"37.5553271, 127.1101533"
100,"서울특별시 광진구 자양로26길 15, 1층 (구의동)",커피숍,"37.5410325, 127.086969"
101,"서울특별시 광진구 아차산로51길 98, 1층 (구의동)",커피숍,"37.5396332, 127.084892"
102,"서울특별시 광진구 용마산로7길 29, 1층 (중곡동)",커피숍,"37.5594652, 127.0859312"
103,"서울특별시 광진구 광나루로 385, 1층 (군자동)",패스트푸드,"37.54006, 127.09724"
104,"서울특별시 광진구 뚝섬로 585, 1층 (자양동)",커피숍,"37.53347, 127.0883"
105,"서울특별시 광진구 영화사로 75-1, 1층 (구의동)",커피숍,"37.5546912, 127.0962488"
106,"서울특별시 광진구 능동로 147-1, 3층 (화양동)",커피숍,"37.5424924, 127.071777"
107,"서울특별시 광진구 천호대로 798-8, 3층 (광장동)",커피숍,"37.5462006, 127.1011349"
108,"서울특별시 광진구 동일로20길 89, 2층 (자양동, 외1필지)",커피숍,"37.5405118, 127.0668855"
109,"서울특별시 광진구 뚝섬로 620, 1층 (자양동)",편의점,"37.53347, 127.0883"
110,"서울특별시 광진구 광장로 71-1, 1층 (광장동)",편의점,"37.5473486, 127.1041974"
111,"서울특별시 광진구 동일로34길 18, 1층 (군자동)",커피숍,"37.5504665, 127.0696606"
112,"서울특별시 광진구 긴고랑로22길 10, 1층 (중곡동)",커피숍,"37.5606438, 127.0842583"
113,"서울특별시 광진구 뚝섬로 633, 1층 (자양동)",커피숍,"37.53347, 127.0883"
114,"서울특별시 광진구 천호대로111길 15, 1층 101호 (중곡동)",커피숍,"37.55720435, 127.08219134531842"
115,"서울특별시 광진구 자양로18길 95, 1층 (구의동)",커피숍,"37.5381339, 127.0865345"
116,"서울특별시 광진구 구의로16길 68, 1층 (구의동)",커피숍,"37.5437397, 127.0915066"
117,"서울특별시 광진구 능동로 216, 지하1층 (능동, 어린이대공원 꿈마루)",커피숍,"37.5340314, 127.0678046"
118,"서울특별시 광진구 아차산로 607, 1층,2층 (광장동)",커피숍,"37.538847, 127.0919729"
119,"서울특별시 광진구 능동로17길 39, 1층 (화양동)",커피숍,"37.5467359, 127.0715085"
120,"서울특별시 광진구 능동로38길 23, 1층 (중곡동)",커피숍,"37.55743925, 127.0812674"
121,"서울특별시 광진구 아차산로 395, 1층 112호 (구의동)",커피숍,"37.538847, 127.0919729"
122,"서울특별시 광진구 천호대로115길 9, 1층 (중곡동)",편의점,"37.5564431, 127.0835668"
123,"서울특별시 광진구 광나루로 396, 1,2층 (화양동)",패스트푸드,"37.54006, 127.09724"
124,"서울특별시 광진구 뚝섬로52라길 69, 1층 (자양동)",커피숍,"37.5291933, 127.0813103"
125,"서울특별시 광진구 아차산로 403-6, 1층 (구의동)",커피숍,"37.538847, 127.0919729"
126,"서울특별시 광진구 광나루로38길 5, 1층 101호 (구의동, 퍼시픽 하이츠)",커피숍,"37.5431522, 127.0878508"
127,"서울특별시 광진구 동일로 278, 1층 (군자동)",커피숍,"37.5393636, 127.0624104"
128,"서울특별시 광진구 자양로23길 78, 1층 (구의동)",편의점,"37.5423228, 127.0831644"
129,"서울특별시 광진구 자양로 203-1, 1층 (구의동)",커피숍,"37.5446744, 127.0850192"
130,"서울특별시 광진구 능동로13길 73, 1층 (화양동)",커피숍,"37.54449, 127.0694089"
131,"서울특별시 광진구 아차산로30길 17, 1층 (자양동)",패스트푸드,"37.539866, 127.0674768"
132,"서울특별시 광진구 자양로13길 82, 1층 (자양동)",커피숍,"37.5329309, 127.0804176"
133,"서울특별시 광진구 동일로18길 11, 1층 (자양동)",편의점,"37.5390686, 127.0661496"
134,"서울특별시 광진구 광나루로56길 85, 8층 A-45호 (구의동, 테크노마트)",커피숍,"37.5349372, 127.0957088"
135,"서울특별시 광진구 천호대로 568, 1층 (능동)",커피숍,"37.5534728, 127.0884141"
136,"서울특별시 광진구 광나루로 430, 1층 (화양동)",커피숍,"37.54006, 127.09724"
137,"서울특별시 광진구 광나루로 404, 3층 (화양동)",커피숍,"37.54006, 127.09724"
138,"서울특별시 광진구 용마산로8길 81, 지하2층 (중곡동)",커피숍,"37.5596288, 127.0890954"
139,"서울특별시 광진구 아차산로 450, 1층 (구의동, 롯데슈퍼)",패스트푸드,"37.538847, 127.0919729"
140,"서울특별시 광진구 천호대로109길 10, 1층 (중곡동)",편의점,"37.5572961, 127.0811367"
141,"서울특별시 광진구 아차산로 229, 202호 (화양동, 한림타워)",커피숍,"37.538847, 127.0919729"
142,"서울특별시 광진구 능동로49길 18, 1층 (중곡동)",커피숍,"37.5646595, 127.082065"
143,"서울특별시 광진구 광나루로56길 85, 9층 30호 (구의동, 테크노마트21)",편의점,"37.5349372, 127.0957088"
144,"서울특별시 광진구 아차산로78길 165, 1층 (광장동)",커피숍,"37.5478992, 127.10863"
145,"서울특별시 광진구 구천면로 20, 1층 (광장동)",커피숍,"37.5457518, 127.1079984"
146,"서울특별시 광진구 뚝섬로52라길 56-1, 1층 (자양동)",편의점,"37.5291933, 127.0813103"
147,"서울특별시 광진구 군자로 155, 1층 (군자동)",커피숍,"37.5433395, 127.071636"
148,"서울특별시 광진구 자양로26길 31, 1층 (구의동)",커피숍,"37.5410325, 127.086969"
149,"서울특별시 광진구 아차산로39길 29, 1층 (자양동)",커피숍,"37.5390091, 127.0756831"
150,"서울특별시 광진구 능동로 120-1, 5층 (화양동)",커피숍,"37.540619750000005, 127.07231766310619"
151,"서울특별시 광진구 아차산로 229, 104,106,107,108호 (화양동)",커피숍,"37.538847, 127.0919729"
152,"서울특별시 광진구 용마산로3길 38, 1층 (중곡동)",커피숍,"37.5561306, 127.08601672295758"
153,"서울특별시 광진구 자양로26길 48, 1층 (구의동)",커피숍,"37.5410325, 127.086969"
154,"서울특별시 광진구 구의강변로 47, 1층 (구의동)",커피숍,"37.5368678, 127.0929112"
155,"서울특별시 광진구 능동로 92, 지하1층 (자양동, 판매시설동)",패스트푸드,"37.538956049999996, 127.07142585170553"
156,"서울특별시 광진구 자양로 328, 1층 (구의동)",커피숍,"37.5287142, 127.0883594"
157,"서울특별시 광진구 구의강변로 88-1, 1층 101호 (구의동, 혜강빌딩)",커피숍,"37.53552, 127.09211"
158,"서울특별시 광진구 광나루로 390, 2층 (화양동)",커피숍,"37.54006, 127.09724"
159,"서울특별시 광진구 자양번영로 34, 1층 104호,105호 (자양동, 제이원하이텔)",커피숍,"37.529737, 127.0746347"
160,"서울특별시 광진구 아차산로26길 19, 1층 (자양동)",커피숍,"37.5401872, 127.0657996"
161,"서울특별시 광진구 능동로 272, 1층 (능동)",커피숍,"37.5340314, 127.0678046"
162,"서울특별시 광진구 아차산로 229, 지하층 101호 (화양동, 한림타워)",커피숍,"37.538847, 127.0919729"
163,"서울특별시 광진구 긴고랑로 130, 지하층 (중곡동)",커피숍,"37.56369, 127.0782554"
164,"서울특별시 광진구 천호대로 548, 1,2층 (군자동)",커피숍,"37.5534728, 127.0884141"
165,"서울특별시 광진구 아차산로 224, 1층 (자양동)",커피숍,"37.538847, 127.0919729"
166,"서울특별시 광진구 천호대로 548, 1층,2층 (군자동)",패스트푸드,"37.5534728, 127.0884141"
167,"서울특별시 광진구 아차산로 549, 1017동 106호 (광장동, 광장현대파크빌상가동)",커피숍,"37.543909049999996, 127.10137487386176"
168,"서울특별시 광진구 광나루로 388, 1층,2층 (화양동)",커피숍,"37.54006, 127.09724"
169,"서울특별시 광진구 능동로 92, 지하1층 (자양동, 롯데백화점 건대스타시티점)",커피숍,"37.538956049999996, 127.07142585170553"
170,"서울특별시 광진구 능동로 92, 지하1층 (자양동, 롯데백화점 건대스타시티점)",커피숍,"37.538956049999996, 127.07142585170553"
171,"서울특별시 광진구 자양로42길 20, 1층 (구의동)",커피숍,"37.5487775, 127.0914096"
172,"서울특별시 광진구 면목로 37, 1층 (군자동)",커피숍,"37.5574822, 127.0763645"
173,"서울특별시 광진구 구의강변로 64, 109호 (구의동, 구의대림아크로리버)",커피숍,"37.5360055, 127.09280017241599"
174,"서울특별시 광진구 능동로 167, 1층 (화양동)",커피숍,"37.5340314, 127.0678046"
175,"서울특별시 광진구 뚝섬로 655, 1층 (자양동)",커피숍,"37.53347, 127.0883"
176,"서울특별시 광진구 군자로 128, 1층 (군자동)",커피숍,"37.5433395, 127.071636"
177,"서울특별시 광진구 뚝섬로 636, 2층 (자양동)",커피숍,"37.53347, 127.0883"
178,"서울특별시 광진구 광나루로 620, 1층 (구의동)",커피숍,"37.54006, 127.09724"
179,"서울특별시 광진구 면목로 161, 1층 (중곡동)",편의점,"37.5671595, 127.0819519"
180,"서울특별시 광진구 광나루로36길 40, 1층 (구의동)",커피숍,"37.5435491, 127.0864008"
181,"서울특별시 광진구 아차산로 272, 지하1층 (자양동, 더샵스타시티 이마트)",커피숍,"37.538418, 127.07323878135787"
182,"서울특별시 광진구 자양로 170, 1층 (구의동)",커피숍,"37.5287142, 127.0883594"
183,"서울특별시 광진구 구의로 39, 1층 (구의동)",편의점,"37.537839, 127.089116"
184,"서울특별시 광진구 능동로3다길 4, 2층 (자양동)",커피숍,"37.5332067, 127.0645064"
185,"서울특별시 광진구 광장로 79, 1층 (광장동)",커피숍,"37.5473486, 127.1041974"
186,"서울특별시 광진구 군자로3길 9, 1층 (화양동)",커피숍,"37.5442669, 127.0701056"
187,"서울특별시 광진구 천호대로 655, 1층 (중곡동)",커피숍,"37.5534728, 127.0884141"
188,"서울특별시 광진구 능동로 296, 호안빌딩 1층,2층 (능동)",커피숍,"37.5340314, 127.0678046"
189,"서울특별시 광진구 자양로13길 107, 1층 (자양동)",커피숍,"37.5329309, 127.0804176"
190,"서울특별시 광진구 자양로19길 8, 1층 (자양동)",커피숍,"37.5384403, 127.0813388"
191,"서울특별시 광진구 천호대로 666, 지하1층 B105-1호 (구의동)",편의점,"37.5534728, 127.0884141"
192,"서울특별시 광진구 군자로 156, 1층 (군자동)",커피숍,"37.5433395, 127.071636"
193,"서울특별시 광진구 능동로 120, 지하1층 (화양동, 건국대학교 쿨하우스 드림홀)",편의점,"37.54184695, 127.07711486219412"
194,"서울특별시 광진구 자양번영로 50-1, 101호 (자양동)",커피숍,"37.5356431, 127.0764146"
195,"서울특별시 광진구 용마산로1길 96, 1층 (중곡동)",커피숍,"37.5557233, 127.085395"
196,"서울특별시 광진구 아차산로44길 41, 1층 (자양동)",커피숍,"37.5364568, 127.0796924"
197,"서울특별시 광진구 동일로20길 94, 1층 (자양동)",커피숍,"37.5405118, 127.0668855"
198,"서울특별시 광진구 능동로 120, 1층 (화양동, 건국대학교 학생회관)",커피숍,"37.54184695, 127.07711486219412"
199,"서울특별시 광진구 광장로 77, 1층 (광장동)",패스트푸드,"37.5473486, 127.1041974"
200,"서울특별시 광진구 면목로 25, 101호 (군자동, 비아트리체빌딩)",패스트푸드,"37.5671595, 127.0819519"
201,"서울특별시 광진구 뚝섬로38길 8, 1층 (자양동)",커피숍,"37.533507, 127.0729383"
202,"서울특별시 광진구 능동로 216, 2층 (능동)",패스트푸드,"37.5340314, 127.0678046"
203,"서울특별시 광진구 능동로13길 39, 1층 (화양동)",패스트푸드,"37.543819, 127.0698061"
204,"서울특별시 광진구 용마산로 44, 1층 (중곡동)",커피숍,"37.5635008, 127.086939"
205,"서울특별시 광진구 강변역로4길 34, 109호 (구의동, 강변현대하이엘)",커피숍,"37.53441, 127.09268"
206,"서울특별시 광진구 능동로10길 109, 1층 (자양동)",패스트푸드,"37.5369534, 127.0711165"
207,"서울특별시 광진구 아차산로 463, 1층 (구의동)",편의점,"37.538847, 127.0919729"
208,"서울특별시 광진구 뚝섬로52라길 3, 1층 (자양동)",편의점,"37.5291933, 127.0813103"
209,"서울특별시 광진구 아차산로 224, 2층,3층 (자양동)",커피숍,"37.538847, 127.0919729"
210,"서울특별시 광진구 구의로4길 39, 1층 (구의동)",편의점,"37.540428, 127.0916351"
211,"서울특별시 광진구 아차산로 212, 1층 (자양동)",커피숍,"37.5400566, 127.0702592"
212,"서울특별시 광진구 광장로5길 8, 1층 (광장동)",커피숍,"37.5485964, 127.1048619"
213,"서울특별시 광진구 자양로 250, 1층 (구의동)",패스트푸드,"37.5287142, 127.0883594"
214,"서울특별시 광진구 아차산로55길 44-1, 1층 (구의동)",커피숍,"37.5397487, 127.0864326"
215,"서울특별시 광진구 아차산로 328, 1층 (자양동)",편의점,"37.538847, 127.0919729"
216,"서울특별시 광진구 능동로 330, 1층 (중곡동, 우진빌딩)",커피숍,"37.55898005, 127.08080120745471"
217,"서울특별시 광진구 천호대로143길 30, 1층 101호 (광장동)",커피숍,"37.5463502, 127.1032694"
218,"서울특별시 광진구 아차산로 503, 1층 (광장동, 매장내)",편의점,"37.538847, 127.0919729"
219,"서울특별시 광진구 능동로 18, 1층 119호 (자양동, 이튼타워리버3차)",커피숍,"37.5340314, 127.0678046"
220,"서울특별시 광진구 자양로 231, 1층 (구의동)",커피숍,"37.5287142, 127.0883594"
221,"서울특별시 광진구 자양로 234, 1층 (구의동)",편의점,"37.5287142, 127.0883594"
222,"서울특별시 광진구 천호대로129길 47-1, 1층 (중곡동)",커피숍,"37.553229, 127.0914259"
223,"서울특별시 광진구 능동로59길 31, 1층 (중곡동, 마트내코너)",편의점,"37.5688009, 127.0847014"
224,"서울특별시 광진구 아차산로 272, 5호 (자양동, 스타시티몰)",커피숍,"37.538418, 127.07323878135787"
225,"서울특별시 광진구 영화사로 20, 1층 (중곡동)",커피숍,"37.5525116, 127.0995989"
226,"서울특별시 광진구 아차산로 355, 109호 (자양동, 광진타워더모스트)",편의점,"37.537373450000004, 127.08264626068336"
227,"서울특별시 광진구 긴고랑로22길 10, 1층 (중곡동)",커피숍,"37.5606438, 127.0842583"
228,"서울특별시 광진구 긴고랑로14길 59, 1층 (중곡동)",커피숍,"37.5612197, 127.0809293"
229,"서울특별시 광진구 강변역로 50, 3층 (구의동, 동서울터미널)",커피숍,"37.5346195, 127.0941531"
230,"서울특별시 광진구 능동로13길 5, 1,2층 (화양동)",커피숍,"37.54449, 127.0694089"
231,"서울특별시 광진구 능동로19길 35, 206호 (화양동, 광진코지웰)",커피숍,"37.5468693, 127.0727958"
232,"서울특별시 광진구 능동로4길 88, 1층 (자양동)",커피숍,"37.5320251, 127.0701166"
233,"서울특별시 광진구 아차산로 355, 110호 (자양동, 타워더모스트광진아크로텔)",커피숍,"37.537373450000004, 127.08264626068336"
234,"서울특별시 광진구 자양번영로 29, 1층 (자양동)",편의점,"37.529737, 127.0746347"
235,"서울특별시 광진구 용마산로22길 27, 지1층 (중곡동)",커피숍,"37.5636661, 127.0882127"
236,"서울특별시 광진구 아차산로40길 24, 1층 (자양동)",편의점,"37.5363051, 127.0781832"
237,"서울특별시 광진구 광나루로 385, 1층 3호 (군자동)",커피숍,"37.54006, 127.09724"
238,"서울특별시 광진구 아차산로 481, 1층 (구의동)",커피숍,"37.538847, 127.0919729"
239,"서울특별시 광진구 자양로 116, 1층 (구의동)",편의점,"37.5287142, 127.0883594"
240,"서울특별시 광진구 자양로 116, 1층 108~9호 (구의동)",커피숍,"37.5287142, 127.0883594"
241,"서울특별시 광진구 영화사로 20, 1층 (중곡동)",커피숍,"37.5525116, 127.0995989"
242,"서울특별시 광진구 자양로53길 69, 1층 (중곡동)",커피숍,"37.5559072, 127.090805"
243,"서울특별시 광진구 군자로 108, 1층 110호 (군자동, 군자빌딩)",커피숍,"37.5433395, 127.071636"
244,"서울특별시 광진구 광나루로 533, 1층 (구의동)",커피숍,"37.54006, 127.09724"
245,"서울특별시 광진구 구의로 59, 1층 2호 (구의동)",커피숍,"37.537839, 127.089116"
246,"서울특별시 광진구 아차산로 272, 판매영업동 지하1층 (자양동, 더샵 스타시티)",패스트푸드,"37.538418, 127.07323878135787"
247,"서울특별시 광진구 뚝섬로 613, 3층 (자양동)",커피숍,"37.53347, 127.0883"
248,"서울특별시 광진구 자양로 154, 1층 103,104호 (구의동)",커피숍,"37.5287142, 127.0883594"
249,"서울특별시 광진구 천호대로 576, 1층 (능동)",커피숍,"37.5534728, 127.0884141"
250,"서울특별시 광진구 자양로 126, 2층 (구의동, 구의동 성지하이츠)",커피숍,"37.5287142, 127.0883594"
251,"서울특별시 광진구 구의로 28, 4층 (구의동)",패스트푸드,"37.537839, 127.089116"
252,"서울특별시 광진구 능동로 92, 지하1층 (자양동, 건대스타시티)",커피숍,"37.538956049999996, 127.07142585170553"
253,"서울특별시 광진구 자양로43길 48, 102호 (중곡동)",커피숍,"37.5511317, 127.0910025"
254,"서울특별시 광진구 광나루로 519, 1~2층 (구의동)",커피숍,"37.54006, 127.09724"
255,"서울특별시 광진구 군자로 109, 1층 (군자동)",커피숍,"37.5433395, 127.071636"
256,"서울특별시 광진구 아차산로 272, 지하1층 58호 (자양동)",패스트푸드,"37.538418, 127.07323878135787"
257,"서울특별시 광진구 군자로 179, 1층 (군자동)",커피숍,"37.5433395, 127.071636"
258,"서울특별시 광진구 능동로13길 26, 1~4층 (화양동)",커피숍,"37.54449, 127.0694089"
259,"서울특별시 광진구 구의강변로 106, 101동 1층 101호 (구의동, 삼성 쉐르빌)",커피숍,"37.53552, 127.09211"
260,"서울특별시 광진구 자양로13가길 18, 1층 (자양동)",커피숍,"37.5346878, 127.0813712"
261,"서울특별시 광진구 자양로 228, 1층 (구의동)",커피숍,"37.5287142, 127.0883594"
262,"서울특별시 광진구 동일로76길 17, 1층 (중곡동)",커피숍,"37.5671833, 127.0808627"
263,"서울특별시 광진구 광나루로 614, 1층 (구의동)",커피숍,"37.54006, 127.09724"
264,"서울특별시 광진구 아차산로49길 41-5, 101호 (구의동, 아스하임)",커피숍,"37.53702, 127.0846413"
265,"서울특별시 광진구 자양로5길 13-1, 1층 (자양동, 편의점내)",편의점,"37.53124, 127.0843194"
266,"서울특별시 광진구 면목로 151, 1층 (중곡동)",커피숍,"37.5671595, 127.0819519"
267,"서울특별시 광진구 뚝섬로 508-1, 1층 (자양동)",커피숍,"37.53453, 127.09191"
268,"서울특별시 광진구 아차산로55길 15, 1층 (구의동)",커피숍,"37.5397487, 127.0864326"
269,"서울특별시 광진구 능동로13길 60, 1층 (화양동)",커피숍,"37.54449, 127.0694089"
270,"서울특별시 광진구 구의강변로 45, 1층 106호 (구의동)",커피숍,"37.53552, 127.09211"
271,"서울특별시 광진구 자양로 206-1, 1층 (구의동)",커피숍,"37.5446744, 127.0850192"
272,"서울특별시 광진구 아차산로51길 86, 1층 (구의동)",편의점,"37.5396332, 127.084892"
273,"서울특별시 광진구 긴고랑로15길 16, 1층층 (중곡동)",편의점,"37.562648, 127.0833258"
274,"서울특별시 광진구 강변역로 2, 1층 (구의동, 광진우체국내)",커피숍,"37.53682595, 127.08991894058181"
275,"서울특별시 광진구 자양로 153, 1층 (구의동)",커피숍,"37.5287142, 127.0883594"
276,"서울특별시 광진구 긴고랑로22길 23, 1층 (중곡동, 편의점내)",커피숍,"37.5606438, 127.0842583"
277,"서울특별시 광진구 능동로 143, 1층 (화양동, 편의점내)",편의점,"37.5340314, 127.0678046"
278,"서울특별시 광진구 능동로 120, 1층 (화양동, 부동산학관)",커피숍,"37.54184695, 127.07711486219412"
279,"서울특별시 광진구 동일로24길 53-1, 1층 (화양동)",커피숍,"37.5431081, 127.0682804"
280,"서울특별시 광진구 천호대로 671, 1층 103호 (구의동)",커피숍,"37.5534728, 127.0884141"
281,"서울특별시 광진구 광나루로24길 13, 1층 (화양동)",커피숍,"37.5453422, 127.0791408"
282,"서울특별시 광진구 아차산로49길 36, 1층 (구의동)",커피숍,"37.53702, 127.0846413"
283,"서울특별시 광진구 능동로37길 17, 1층 (중곡동)",커피숍,"37.5583424, 127.0786277"
284,"서울특별시 광진구 구의강변로 106, 지하1층 (구의동)",커피숍,"37.53552, 127.09211"
285,"서울특별시 광진구 천호대로130길 30, 1층 (구의동)",커피숍,"37.5495265, 127.0878389"
286,"서울특별시 광진구 능동로13길 64, 1층 (화양동)",커피숍,"37.54449, 127.0694089"
287,"서울특별시 광진구 자양로18길 32, 1층 (구의동)",커피숍,"37.5381339, 127.0865345"
288,"서울특별시 광진구 천호대로143길 34, 1층 (광장동)",커피숍,"37.5463502, 127.1032694"
289,"서울특별시 광진구 아차산로 305, 1층 (자양동)",편의점,"37.538847, 127.0919729"
290,"서울특별시 광진구 천호대로125길 14, 1층 (중곡동)",편의점,"37.55495315, 127.08759180148957"
291,"서울특별시 광진구 능동로4길 78, 1층 101-102호 (자양동)",커피숍,"37.5320251, 127.0701166"
292,"서울특별시 광진구 아차산로29길 29, 1층 (화양동)",커피숍,"37.5425828, 127.0689288"
293,"서울특별시 광진구 아차산로73길 23, 까사나루 1층 (광장동)",커피숍,"37.5463502, 127.1032694"
294,"서울특별시 광진구 능동로13길 39, 1층 (화양동)",편의점,"37.543819, 127.0698061"
295,"서울특별시 광진구 아차산로33길 68, 1-2층 (화양동)",커피숍,"37.5418162, 127.0705566"
296,"서울특별시 광진구 자양로 278, 1층 (구의동)",커피숍,"37.5287142, 127.0883594"
297,"서울특별시 광진구 광나루로52길 41, 1층 (구의동)",커피숍,"37.5400271, 127.0927517"
298,"서울특별시 광진구 군자로 76, 1층 (군자동)",커피숍,"37.5433395, 127.071636"
299,"서울특별시 광진구 자양로 254, 1층 (구의동)",커피숍,"37.5287142, 127.0883594"
300,"서울특별시 광진구 아차산로39길 38-6, 지하1~4층 (자양동)",커피숍,"37.5381412, 127.0788822"
301,"서울특별시 광진구 능동로 18, 1층 104호 (자양동)",커피숍,"37.5340314, 127.0678046"
302,"서울특별시 광진구 구의강변로 38, 지2층 (구의동)",커피숍,"37.53552, 127.09211"
303,"서울특별시 광진구 긴고랑로44길 4, 지1층 (중곡동)",커피숍,"37.5591433, 127.0949558"
304,"서울특별시 광진구 아차산로33길 68, 지1층 (화양동)",커피숍,"37.5418162, 127.0705566"
305,"서울특별시 광진구 능동로 141, 1층 (화양동)",커피숍,"37.5340314, 127.0678046"
306,"서울특별시 광진구 아차산로 413, 1층 (구의동)",커피숍,"37.538847, 127.0919729"
307,"서울특별시 광진구 자양번영로 32, 1층 (자양동)",편의점,"37.529737, 127.0746347"
308,"서울특별시 광진구 광나루로 441, 1층 (능동)",커피숍,"37.5468262, 127.0766379"
309,"서울특별시 광진구 긴고랑로25길 29, 1층 (중곡동)",편의점,"37.5613848, 127.0861269"
310,"서울특별시 광진구 동일로24길 96, 지하1층 (화양동)",커피숍,"37.5431081, 127.0682804"
311,"서울특별시 광진구 아차산로 375, 1층 104호 (구의동)",커피숍,"37.538847, 127.0919729"
312,"서울특별시 광진구 뚝섬로 470, 1층 (자양동)",커피숍,"37.53347, 127.0883"
313,"서울특별시 광진구 뚝섬로38길 12, 1층 (자양동)",커피숍,"37.533507, 127.0729383"
314,"서울특별시 광진구 광나루로 432, 1층 (화양동)",패스트푸드,"37.54006, 127.09724"
315,"서울특별시 광진구 자양번영로 20, 1층 (자양동)",편의점,"37.529737, 127.0746347"
316,"서울특별시 광진구 뚝섬로 469, 1층 (자양동)",편의점,"37.53347, 127.0883"
317,"서울특별시 광진구 뚝섬로34길 67, 1층 105호 (자양동)",커피숍,"37.531672799999996, 127.06834664793004"
318,"서울특별시 광진구 아차산로 200, 3층 (자양동)",커피숍,"37.538847, 127.0919729"
319,"서울특별시 광진구 동일로52길 24, 1층 (군자동)",커피숍,"37.5545518, 127.0720904"
320,"서울특별시 광진구 동일로 391, 1층 (중곡동)",커피숍,"37.5393636, 127.0624104"
321,"서울특별시 광진구 자양로22길 23, 1층 (구의동)",커피숍,"37.5396939, 127.0857016"
322,"서울특별시 광진구 용마산로 111, 1층 (중곡동)",커피숍,"37.5678699, 127.0861846"
323,"서울특별시 광진구 아차산로34길 26, 2층 (자양동)",커피숍,"37.5392766, 127.0694021"
324,"서울특별시 광진구 아차산로 503-23, 상가동 지1층 23호 (광장동)",패스트푸드,"37.538847, 127.0919729"
325,"서울특별시 광진구 뚝섬로27길 55, 1층 (자양동)",패스트푸드,"37.536557, 127.0661265"
326,"서울특별시 광진구 면목로 192, 1층 (중곡동)",커피숍,"37.5671595, 127.0819519"
327,"서울특별시 광진구 자양로 177, 1층 (구의동)",커피숍,"37.5287142, 127.0883594"
328,"서울특별시 광진구 긴고랑로44길 6, 지1층 (중곡동)",커피숍,"37.5591433, 127.0949558"
329,"서울특별시 광진구 광장로1길 26, 1층 (광장동)",패스트푸드,"37.547471, 127.1030548"
330,"서울특별시 광진구 능동로 90, 1층 (자양동)",커피숍,"37.53833375, 127.07090505"
331,"서울특별시 광진구 자양번영로1길 22, 1층 (자양동)",커피숍,"37.5308138, 127.0734922"
332,"서울특별시 광진구 능동로13길 106, 1층 (화양동)",커피숍,"37.54449, 127.0694089"
333,"서울특별시 광진구 능동로 92, 지1층 (자양동)",커피숍,"37.538956049999996, 127.07142585170553"
334,"서울특별시 광진구 천호대로127길 44, 지1층 (중곡동)",커피숍,"37.5543393, 127.0909009"
335,"서울특별시 광진구 강변역로4길 10, 1층 110호 (구의동)",커피숍,"37.53441, 127.09268"
336,"서울특별시 광진구 동일로 114, 1층 (화양동)",커피숍,"37.5426714, 127.0646503"
337,"서울특별시 광진구 뚝섬로54길 46, 1층 (자양동)",커피숍,"37.5297019, 127.08053"
338,"서울특별시 광진구 군자로 166, 1층 (군자동)",커피숍,"37.5433395, 127.071636"
339,"서울특별시 광진구 동일로20길 64, 2층 (자양동)",커피숍,"37.5405118, 127.0668855"
340,"서울특별시 광진구 동일로18길 31, 1층 (자양동)",편의점,"37.5390686, 127.0661496"
341,"서울특별시 광진구 뚝섬로27길 37, 1층 (자양동)",커피숍,"37.536557, 127.0661265"
342,"서울특별시 광진구 구의로 4, 1층 (구의동)",커피숍,"37.537839, 127.089116"
343,"서울특별시 광진구 능동로 92, 지1층 (자양동)",커피숍,"37.538956049999996, 127.07142585170553"
344,"서울특별시 광진구 아차산로 205, 101-1호 (화양동)",커피숍,"37.538847, 127.0919729"
345,"서울특별시 광진구 능동로 216, 1층 (능동)",커피숍,"37.5340314, 127.0678046"
346,"서울특별시 광진구 능동로 216, 3층 (능동)",커피숍,"37.5340314, 127.0678046"
347,"서울특별시 광진구 뚝섬로 599, 1층 (자양동)",편의점,"37.53347, 127.0883"
348,"서울특별시 광진구 능동로13길 39, 1층 (화양동)",편의점,"37.543819, 127.0698061"
349,"서울특별시 광진구 아차산로76길 32, 1층 (광장동)",편의점,"37.5467113, 127.1076358"
350,"서울특별시 광진구 동일로70길 9, 1층 (중곡동)",커피숍,"37.5639791, 127.0785298"
351,"서울특별시 광진구 천호대로127길 13, 1층 (중곡동)",편의점,"37.5543393, 127.0909009"
352,"서울특별시 광진구 용마산로 162, 1층 (중곡동)",커피숍,"37.5678699, 127.0861846"
353,"서울특별시 광진구 면목로 59, 1층 (중곡동)",커피숍,"37.5671595, 127.0819519"
354,"서울특별시 광진구 면목로 151, 1층 (중곡동)",커피숍,"37.5671595, 127.0819519"
355,"서울특별시 광진구 천호대로111길 19, 1층 (중곡동, 우진빌딩)",커피숍,"37.557352550000004, 127.08231075"
356,"서울특별시 광진구 천호대로114길 15, 1층 (능동)",편의점,"37.5540775, 127.0821009"
357,"서울특별시 광진구 자양로50길 48, 1층 (구의동)",편의점,"37.552399, 127.0947325"
358,"서울특별시 광진구 능동로 153-1, 1층 (화양동)",커피숍,"37.5424924, 127.071777"
359,"서울특별시 광진구 아차산로 306, 1층 101호 (자양동)",커피숍,"37.538847, 127.0919729"
360,"서울특별시 광진구 능동로 209, 1층 (군자동, 학생회관)",패스트푸드,"37.5510717, 127.0752624"
361,"서울특별시 광진구 아차산로 272, 지하1층 (자양동)",커피숍,"37.538418, 127.07323878135787"
362,"서울특별시 광진구 면목로 104, 1층 (중곡동)",커피숍,"37.5671595, 127.0819519"
363,"서울특별시 광진구 아차산로25길 45, 1층 (화양동)",편의점,"37.5428985, 127.067241"
364,"서울특별시 광진구 아차산로29길 8, 1층 103호 (화양동)",커피숍,"37.5425828, 127.0689288"
365,"서울특별시 광진구 천호대로136길 16, 1층 (구의동)",편의점,"37.547771, 127.0902816"
366,"서울특별시 광진구 자양번영로 11, 1층 (자양동)",편의점,"37.529737, 127.0746347"
367,"서울특별시 광진구 뚝섬로34길 67, 1층 (자양동)",편의점,"37.531672799999996, 127.06834664793004"
368,"서울특별시 광진구 천호대로132길 8, 1층 (구의동)",커피숍,"37.5493735, 127.0891317"
369,"서울특별시 광진구 능동로13길 77, 1층 (화양동)",커피숍,"37.54449, 127.0694089"
370,"서울특별시 광진구 광나루로56길 29, 현대프라임중앙상가동 지1층 102호 (구의동)",커피숍,"37.53781, 127.09669"
371,"서울특별시 광진구 뚝섬로52나길 52, 1층 (자양동)",커피숍,"37.5296926, 127.0815628"
372,"서울특별시 광진구 능동로 18, 지하1층 B-02호 (자양동)",커피숍,"37.5340314, 127.0678046"
373,"서울특별시 광진구 아차산로78길 75, 1층 105호 (광장동)",커피숍,"37.5515555, 127.111145"
374,"서울특별시 광진구 자양로45길 93, 1층 (중곡동)",편의점,"37.5539045, 127.0904232"
375,"서울특별시 광진구 광장로5길 25-1, 3층 (광장동, 소양주기철기념관점)",커피숍,"37.5496799, 127.1043367"
376,"서울특별시 광진구 아차산로70길 22, 1층 (광장동)",커피숍,"37.5392797, 127.0983829"
377,"서울특별시 광진구 능동로32길 50, 1층 (능동)",커피숍,"37.5554482, 127.078579"
378,"서울특별시 광진구 강변역로 53, 1층 214-04호 (구의동)",편의점,"37.5351109, 127.0947415"
379,"서울특별시 광진구 능동로36길 168, 1층 (능동)",편의점,"37.5565026, 127.0790563"
380,"서울특별시 광진구 영화사로7길 4, 지1층 (중곡동)",편의점,"37.5570421, 127.0929613"
381,"서울특별시 광진구 뚝섬로 470, 에이동 1층 101호 (자양동)",커피숍,"37.53347, 127.0883"
382,"서울특별시 광진구 아차산로 200, 2층 (자양동)",커피숍,"37.538847, 127.0919729"
383,"서울특별시 광진구 아차산로70길 17-21, 1층 102호 (광장동)",커피숍,"37.5392797, 127.0983829"
384,"서울특별시 광진구 천호대로 642, 1-2층 (능동)",커피숍,"37.5534728, 127.0884141"
385,"서울특별시 광진구 아차산로 552, 상가동 지1층 B02호 (광장동)",커피숍,"37.538847, 127.0919729"
386,"서울특별시 광진구 능동로 216, 1층 (능동, 팔각당)",커피숍,"37.5340314, 127.0678046"
387,"서울특별시 광진구 광장로5길 24, 1층 (광장동)",커피숍,"37.5485964, 127.1048619"
388,"서울특별시 광진구 아차산로57길 41, 1층 (구의동)",편의점,"37.5398811, 127.0884729"
389,"서울특별시 광진구 능동로 216, 1층 (능동, 어린이대공원 모험의나라)",편의점,"37.5340314, 127.0678046"
390,"서울특별시 광진구 능동로 216, 1층 (능동, 어린이대공원정문)",편의점,"37.5340314, 127.0678046"
391,"서울특별시 광진구 자양로 113, 1층 105호 (자양동)",커피숍,"37.537900699999994, 127.0830614590785"
392,"서울특별시 광진구 천호대로 562, 1층 (능동)",편의점,"37.5534728, 127.0884141"
393,"서울특별시 광진구 천호대로 661, 1층 (구의동)",커피숍,"37.5534728, 127.0884141"
394,"서울특별시 광진구 자양로5길 19, 1층 (자양동)",커피숍,"37.53124, 127.0843194"
395,"서울특별시 광진구 아차산로 591, 1층 (광장동)",커피숍,"37.538847, 127.0919729"
396,"서울특별시 광진구 자양로 144, 1층 (구의동)",편의점,"37.5287142, 127.0883594"
397,"서울특별시 광진구 용마산로16길 18, 1층 (중곡동)",커피숍,"37.5621276, 127.0878949"
398,"서울특별시 광진구 능동로32길 11, 1층 (능동)",편의점,"37.5554482, 127.078579"
399,"서울특별시 광진구 아차산로 635, 상가동 1층 1호 (광장동)",커피숍,"37.538847, 127.0919729"
400,"서울특별시 광진구 영화사로 96, 1층 (구의동)",편의점,"37.5525116, 127.0995989"
401,"서울특별시 광진구 아차산로76가길 24, 1층 (광장동)",커피숍,"37.5471189, 127.1071945"
402,"서울특별시 광진구 용마산로1길 31, 1층 (중곡동)",커피숍,"37.55511805, 127.08670924198819"
403,"서울특별시 광진구 자양로22길 45, 1층 (구의동)",커피숍,"37.5396939, 127.0857016"
404,"서울특별시 광진구 군자로6길 50-5, 1층 (화양동)",커피숍,"37.5459313, 127.0717523"
405,"서울특별시 광진구 구의로4길 11, 1층 (구의동)",커피숍,"37.540428, 127.0916351"
406,"서울특별시 광진구 광나루로 532, 1층 (구의동)",편의점,"37.54006, 127.09724"
407,"서울특별시 광진구 천호대로 808, 제1202동 지하1층 101호 (광장동)",커피숍,"37.5534728, 127.0884141"
408,"서울특별시 광진구 아차산로51길 41, 1층 (구의동)",편의점,"37.5396332, 127.084892"
409,"서울특별시 광진구 천호대로112길 39, 1층 (능동)",커피숍,"37.5542428, 127.0800908"
410,"서울특별시 광진구 천호대로134길 2, 1층 (구의동)",패스트푸드,"37.5481493, 127.0897315"
411,"서울특별시 광진구 자양로 93, 1층 (자양동)",패스트푸드,"37.5287142, 127.0883594"
412,"서울특별시 광진구 동일로20길 116, 1층 (자양동)",커피숍,"37.5405118, 127.0668855"
413,"서울특별시 광진구 아차산로 397, 1층 (구의동)",커피숍,"37.538847, 127.0919729"
414,"서울특별시 광진구 용마산로4길 5, 1층 (중곡동)",커피숍,"37.5564476, 127.0896179"
415,"서울특별시 광진구 아차산로 230, 2층 (자양동)",커피숍,"37.538847, 127.0919729"
416,"서울특별시 광진구 광나루로20가길 21, 1층 (화양동)",커피숍,"37.5452096, 127.0749299"
417,"서울특별시 광진구 아차산로 205, 1층 101호 (화양동, 글로벌시티)",커피숍,"37.538847, 127.0919729"
418,"서울특별시 광진구 자양로53길 15, 1층 (구의동)",커피숍,"37.5559072, 127.090805"
419,"서울특별시 광진구 용마산로28길 9, 1층 (중곡동)",커피숍,"37.5675845, 127.0879974"
420,"서울특별시 광진구 아차산로30길 36, 1층 100호 (자양동, 여성창업보육센터)",커피숍,"37.539866, 127.0674768"
421,"서울특별시 광진구 광나루로36길 42, 1층 (구의동)",패스트푸드,"37.5435491, 127.0864008"
422,"서울특별시 광진구 용마산로21길 34, 1층 (중곡동)",편의점,"37.5620507, 127.0850268"
423,"서울특별시 광진구 자양로 163, 1층 101호 (구의동)",커피숍,"37.5287142, 127.0883594"
424,"서울특별시 광진구 자양로 167, 1층 (구의동)",커피숍,"37.5287142, 127.0883594"
425,"서울특별시 광진구 능동로6길 14, 1층 (자양동)",커피숍,"37.5338864, 127.0687964"
426,"서울특별시 광진구 군자로5길 22, 1층 (화양동)",커피숍,"37.5448549, 127.070369"
427,"서울특별시 광진구 능동로 92, 지하1층 (자양동, 롯데백화점 스타시티점)",패스트푸드,"37.538956049999996, 127.07142585170553"
428,"서울특별시 광진구 아차산로78길 7, 2층 B201호 (광장동, 유진스웰)",편의점,"37.5478992, 127.10863"
429,"서울특별시 광진구 용마산로4길 28, 1층 (중곡동)",편의점,"37.5564476, 127.0896179"
430,"서울특별시 광진구 천호대로 666, 지층 104호 (구의동, 그랜드파크오피스텔)",패스트푸드,"37.5534728, 127.0884141"
431,"서울특별시 광진구 광장로 56, 1층 (광장동)",커피숍,"37.5473486, 127.1041974"
432,"서울특별시 광진구 동일로52길 21, 1층 (군자동)",편의점,"37.5545518, 127.0720904"
433,"서울특별시 광진구 강변역로4길 10, 1층 104,105호 (구의동, 강변역지너스타워)",패스트푸드,"37.53441, 127.09268"
434,"서울특별시 광진구 면목로 104, 1층 (중곡동)",커피숍,"37.5671595, 127.0819519"
435,"서울특별시 광진구 면목로 127, 1층 103호 (중곡동, 신성그랜드타워)",커피숍,"37.5671595, 127.0819519"
436,"서울특별시 광진구 아차산로38길 5-1, 1층 (자양동)",패스트푸드,"37.5391706, 127.0765585"
437,"서울특별시 광진구 자양로37길 7, 1층 (구의동)",커피숍,"37.5483448, 127.0869937"
438,"서울특별시 광진구 강변역로 50, 1층 107호 (구의동)",편의점,"37.5346195, 127.0941531"
439,"서울특별시 광진구 능동로3길 54, 1층 1-4호 (자양동)",편의점,"37.5335692, 127.0665157"
440,"서울특별시 광진구 능동로 18, 1층 106호 (자양동, 이튼타워리버3차)",커피숍,"37.5340314, 127.0678046"
441,"서울특별시 광진구 능동로10길 109, 1층 103호 (자양동)",커피숍,"37.5369534, 127.0711165"
442,"서울특별시 광진구 아차산로75길 26-1, 1층 (광장동)",커피숍,"37.546228, 127.1042952"
443,"서울특별시 광진구 뚝섬로36길 63, 1층 (자양동)",커피숍,"37.5332843, 127.0711738"
444,"서울특별시 광진구 천호대로125길 5, 1층 102호 (중곡동)",커피숍,"37.5548021, 127.08726734101917"
445,"서울특별시 광진구 군자로 30, 1층 (화양동)",커피숍,"37.5433395, 127.071636"
446,"서울특별시 광진구 광나루로56길 85, 테크노마트 9층 25호 (구의동)",패스트푸드,"37.5349372, 127.0957088"
447,"서울특별시 광진구 자양로 165, 송곡회관 1층 (구의동)",패스트푸드,"37.5287142, 127.0883594"
448,"서울특별시 광진구 천호대로 667, 1층 (구의동)",커피숍,"37.5534728, 127.0884141"
449,"서울특별시 광진구 능동로51길 44, 1층 (중곡동)",패스트푸드,"37.5661935, 127.0827744"
450,"서울특별시 광진구 뚝섬로52길 66, 자양 문화체육센터 1층 (자양동)",커피숍,"37.5303492, 127.0788659"
451,"서울특별시 광진구 자양로50길 37, 샤론피아노학원 1층 (구의동)",커피숍,"37.552399, 127.0947325"
452,"서울특별시 광진구 용마산로 98, 1층 103호 (중곡동)",커피숍,"37.5678699, 127.0861846"
453,"서울특별시 광진구 자양로 301, 1층 (구의동, 나경타운)",편의점,"37.5287142, 127.0883594"
454,"서울특별시 광진구 천호대로122길 33, 1층 (능동)",편의점,"37.553069, 127.0878705"
455,"서울특별시 광진구 천호대로120길 15, 1층 (능동)",편의점,"37.5530599, 127.0862871"
456,"서울특별시 광진구 능동로 285, 1층 (군자동)",편의점,"37.5340314, 127.0678046"
457,"서울특별시 광진구 아차산로 480, 1층 (구의동)",패스트푸드,"37.538847, 127.0919729"
458,"서울특별시 광진구 긴고랑로 152, 1층 (중곡동)",커피숍,"37.56369, 127.0782554"
459,"서울특별시 광진구 아차산로30길 26, 1층 106호 (자양동)",커피숍,"37.539866, 127.0674768"
460,"서울특별시 광진구 구의로 25, 석천빌딩 1층 (구의동)",편의점,"37.537839, 127.089116"
461,"서울특별시 광진구 능동로 50, 1층 107호 (자양동, 이튼타워리버2차)",편의점,"37.5340314, 127.0678046"
462,"서울특별시 광진구 광나루로 486, 센트럴빌 1층 101호 (구의동)",커피숍,"37.54006, 127.09724"
463,"서울특별시 광진구 천호대로 512, 군자빌딩 1층 (군자동)",커피숍,"37.5584768, 127.0752377"
464,"서울특별시 광진구 천호대로 666, 지하1층 B105-1호 (구의동)",편의점,"37.5534728, 127.0884141"
465,"서울특별시 광진구 동일로18길 100, 1층 101호 (자양동)",커피숍,"37.5390686, 127.0661496"
466,"서울특별시 광진구 능동로 245, 1층 (군자동)",패스트푸드,"37.5340314, 127.0678046"
467,"서울특별시 광진구 아차산로21길 47, 화양동현대아파트 상가동 1층 (화양동)",편의점,"37.5457864, 127.0669574"
468,"서울특별시 광진구 아차산로 345, 101동 2층 202호 (자양동)",커피숍,"37.538847, 127.0919729"
469,"서울특별시 광진구 능동로 216, 어린이대공원내 팔각당 1층 (능동)",커피숍,"37.5340314, 127.0678046"
470,"서울특별시 광진구 아차산로30길 26, 1층 108-2호 (자양동)",커피숍,"37.539866, 127.0674768"
471,"서울특별시 광진구 용마산로22길 20, 1층 (중곡동)",편의점,"37.5636661, 127.0882127"
472,"서울특별시 광진구 구의강변로 93, 경복빌딩 1층 (구의동)",커피숍,"37.53552, 127.09211"
473,"서울특별시 광진구 자양로15길 51-1, 진덕빌딩 1층 (자양동)",편의점,"37.5340385, 127.0783474"
474,"서울특별시 광진구 긴고랑로25길 29, 종호빌딩 1층 (중곡동)",편의점,"37.5613848, 127.0861269"
475,"서울특별시 광진구 능동로 50, 상가동 1층 104호 (자양동, 이튼타워리버2차)",커피숍,"37.5340314, 127.0678046"
476,"서울특별시 광진구 자양로30길 79, 1층 (구의동)",편의점,"37.5431522, 127.0878508"
477,"서울특별시 광진구 동일로54길 19, 1층 (군자동)",커피숍,"37.5552881, 127.0725023"
478,"서울특별시 광진구 천호대로 655, 2층 (중곡동)",패스트푸드,"37.5534728, 127.0884141"
479,"서울특별시 광진구 능동로40길 19, 1층 101호 (중곡동, 유정아트빌)",커피숍,"37.55804605, 127.0812862522919"
480,"서울특별시 광진구 답십리로86길 16, 1층 (중곡동)",편의점,"37.5702885, 127.0844774"
481,"서울특별시 광진구 광나루로 531, 1층 (구의동)",커피숍,"37.54006, 127.09724"
482,"서울특별시 광진구 아차산로70길 26, 1층 101호 (광장동, 광희현대타워)",편의점,"37.5392797, 127.0983829"
483,"서울특별시 광진구 자양로22길 23, 1층 (구의동)",커피숍,"37.5396939, 127.0857016"
484,"서울특별시 광진구 뚝섬로 644, 1층 (자양동)",편의점,"37.53347, 127.0883"
485,"서울특별시 광진구 능동로6길 14, 1층 (자양동)",커피숍,"37.5338864, 127.0687964"
486,"서울특별시 광진구 능동로 420-1, 1층 (중곡동)",커피숍,"37.5424924, 127.071777"
487,"서울특별시 광진구 자양로22길 18, 1층 (구의동)",커피숍,"37.5396939, 127.0857016"
488,"서울특별시 광진구 능동로 117, 1층 2호 (화양동)",패스트푸드,"37.5340314, 127.0678046"
489,"서울특별시 광진구 자양로 319, 1층 101호 (구의동, 한가온 빌)",편의점,"37.5287142, 127.0883594"
490,"서울특별시 광진구 광나루로56길 66, 구의현대2단지아파트 1층 103호 (구의동)",커피숍,"37.53781, 127.09669"
491,"서울특별시 광진구 아차산로 345, 래미안프리미어팰리스 1층 122호 (자양동)",편의점,"37.538847, 127.0919729"
492,"서울특별시 광진구 능동로 120, 건국대학교 쿨하우스레이크홀 지하1층 (화양동)",커피숍,"37.54184695, 127.07711486219412"
493,"서울특별시 광진구 능동로21길 65, 1층 (군자동)",커피숍,"37.5518361, 127.0758261"
494,"서울특별시 광진구 자양로45길 18, 1층 101호 (구의동)",커피숍,"37.5539045, 127.0904232"
495,"서울특별시 광진구 아차산로 216-12, 1층 (자양동)",커피숍,"37.538847, 127.0919729"
496,"서울특별시 광진구 뚝섬로32길 62, 미래인테리어 1층 (자양동)",편의점,"37.5346978, 127.067068"
497,"서울특별시 광진구 구천면로 14, 광진구민체육센타 2층 (광장동)",커피숍,"37.5462597, 127.1085871"
498,"서울특별시 광진구 아차산로 200, 1층 (자양동)",커피숍,"37.538847, 127.0919729"
499,"서울특별시 광진구 동일로72길 9, 1층 (중곡동)",편의점,"37.5659826, 127.0791167"
500,"서울특별시 광진구 천호대로125길 72, 1층 (중곡동)",편의점,"37.5544466, 127.0871449"
501,"서울특별시 광진구 아차산로 200, 3층 (자양동)",커피숍,"37.538847, 127.0919729"
502,"서울특별시 광진구 동일로22길 117-26, 지하1,1,2,층 (화양동)",커피숍,"37.5416499, 127.0674994"
503,"서울특별시 광진구 자양번영로 56-1, 1층 (자양동)",편의점,"37.5356431, 127.0764146"
504,"서울특별시 광진구 능동로16길 54, 1층 (화양동)",커피숍,"37.545182100000005, 127.07603830631629"
505,"서울특별시 광진구 자양로 276, 지하1층 (구의동)",편의점,"37.5287142, 127.0883594"
506,"서울특별시 광진구 광장로 71-1, 1층 103호 (광장동)",커피숍,"37.5473486, 127.1041974"
507,"서울특별시 광진구 긴고랑로11길 29, 1층 (중곡동)",커피숍,"37.5646595, 127.082065"
508,"서울특별시 광진구 능동로38길 27, SUN S 빌딩 1층 (중곡동)",커피숍,"37.5573541, 127.0815126916385"
509,"서울특별시 광진구 동일로4길 43, 1층 (자양동)",커피숍,"37.5353403, 127.0643111"
510,"서울특별시 광진구 아차산로31길 28, 지하1층 (화양동)",커피숍,"37.5423219, 127.0698776"
511,"서울특별시 광진구 능동로 143, 지하1층 (화양동)",커피숍,"37.5340314, 127.0678046"
512,"서울특별시 광진구 천호대로136길 56, 1층 (구의동)",커피숍,"37.547771, 127.0902816"
513,"서울특별시 광진구 군자로 70, 동일흥업주식회사 나동 1층 104호 (군자동)",커피숍,"37.5433395, 127.071636"
514,"서울특별시 광진구 능동로 92, 롯데백화점 지하2층 201호 (자양동)",커피숍,"37.538956049999996, 127.07142585170553"
515,"서울특별시 광진구 영화사로 52, 1층 (중곡동)",편의점,"37.5525116, 127.0995989"
516,"서울특별시 광진구 자양번영로 76, 1층 (자양동)",커피숍,"37.529737, 127.0746347"
517,"서울특별시 광진구 능동로 284, 주2 1,2층 (능동)",커피숍,"37.5340314, 127.0678046"
518,"서울특별시 광진구 뚝섬로56길 34, 1층 (자양동)",편의점,"37.5298042, 127.0821658"
519,"서울특별시 광진구 아차산로78길 75, 지하1층 (광장동)",커피숍,"37.5515555, 127.111145"
520,"서울특별시 광진구 자양번영로1길 24, 1층 (자양동)",커피숍,"37.5308138, 127.0734922"
521,"서울특별시 광진구 자양로9길 70, 1층 (자양동)",편의점,"37.5327163, 127.0810967"
522,"서울특별시 광진구 면목로 161, 중곡빌딩 1층 (중곡동)",편의점,"37.5671595, 127.0819519"
523,"서울특별시 광진구 광나루로56길 85, 테크노-마트21 9층 21,22,23호 (구의동)",패스트푸드,"37.5349372, 127.0957088"
524,"서울특별시 광진구 천호대로123길 56, 1층 (중곡동)",커피숍,"37.55767005, 127.08665598523112"
525,"서울특별시 광진구 뚝섬로 625, 1층 (자양동)",커피숍,"37.53347, 127.0883"
526,"서울특별시 광진구 구의로4길 39, 1층 (구의동)",편의점,"37.540428, 127.0916351"
527,"서울특별시 광진구 능동로 120-1, 건국대학교병원 5층 (화양동)",커피숍,"37.540619750000005, 127.07231766310619"
528,"서울특별시 광진구 아차산로29길 33, 1층 (화양동)",패스트푸드,"37.5425828, 127.0689288"
529,"서울특별시 광진구 뚝섬로57길 40, 1층 101호 (자양동)",커피숍,"37.5331433, 127.0830009"
530,"서울특별시 광진구 자양로50길 32, 1층 (구의동)",커피숍,"37.552399, 127.0947325"
531,"서울특별시 광진구 뚝섬로27길 60, 1층 102호 (자양동)",커피숍,"37.536557, 127.0661265"
532,"서울특별시 광진구 동일로2길 13, 1층 (자양동)",편의점,"37.5355818, 127.061943"
533,"서울특별시 광진구 면목로17길 6, 1층 (중곡동)",편의점,"37.5705455, 127.0819938"
534,"서울특별시 광진구 뚝섬로 669, 1층 (자양동)",편의점,"37.53347, 127.0883"
535,"서울특별시 광진구 동일로 274, 광진빌딩 2층 (군자동)",패스트푸드,"37.5393636, 127.0624104"
536,"서울특별시 광진구 용마산로16길 18, 1층 (중곡동)",커피숍,"37.5621276, 127.0878949"
537,"서울특별시 광진구 용마산로22길 16, 동인빌딩 1층 (중곡동)",커피숍,"37.5636661, 127.0882127"
538,"서울특별시 광진구 자양로 109, 1층 108.109호 (자양동, 구의현대홈시티)",편의점,"37.5287142, 127.0883594"
539,"서울특별시 광진구 긴고랑로30길 10, 1층 (중곡동)",커피숍,"37.5591309, 127.08653865317831"
540,"서울특별시 광진구 아차산로 345, 3층 313호 (자양동)",커피숍,"37.538847, 127.0919729"
541,"서울특별시 광진구 구의로 10, 1층 (구의동)",편의점,"37.537839, 127.089116"
542,"서울특별시 광진구 광장로 71, 1층 (광장동)",커피숍,"37.5473486, 127.1041974"
543,"서울특별시 광진구 천호대로143길 27, 보성빌딩 1층 (광장동)",커피숍,"37.5463502, 127.1032694"
544,"서울특별시 광진구 아차산로 480, 강변비잔티움 1층 102호 (구의동)",커피숍,"37.538847, 127.0919729"
545,"서울특별시 광진구 아차산로 219, 삼영빌딩 2층 (화양동)",커피숍,"37.538847, 127.0919729"
546,"서울특별시 광진구 광나루로24길 20, 1층 (화양동)",커피숍,"37.5453422, 127.0791408"
547,"서울특별시 광진구 자양로 120, 1층 (구의동)",커피숍,"37.5287142, 127.0883594"
548,"서울특별시 광진구 아차산로 355, 타워더모스트광진아크로텔 1층 105호 (자양동)",편의점,"37.537373450000004, 127.08264626068336"
549,"서울특별시 광진구 능동로 275, 비전빌딩 1층 (군자동)",편의점,"37.5340314, 127.0678046"
550,"서울특별시 광진구 광장로 71-1, 1층 102호 (광장동)",편의점,"37.5473486, 127.1041974"
551,"서울특별시 광진구 용마산로 109, 1층 101호 (중곡동)",커피숍,"37.5678699, 127.0861846"
552,"서울특별시 광진구 능동로13길 81, 1층 3호 (화양동)",커피숍,"37.54449, 127.0694089"
553,"서울특별시 광진구 천호대로124길 20, 1층 (능동)",커피숍,"37.5522686, 127.0891866"
554,"서울특별시 광진구 용마산로 183, 1층 101호 (중곡동)",편의점,"37.5678699, 127.0861846"
555,"서울특별시 광진구 아차산로 272, 더샵스타시티 지하1층 B128, B129, B130, B131호 (자양동)",커피숍,"37.538418, 127.07323878135787"
556,"서울특별시 광진구 능동로 50, 1층 107호 (자양동, 이튼타워리버2차)",편의점,"37.5340314, 127.0678046"
557,"서울특별시 광진구 아차산로51길 77, 1층 (구의동)",커피숍,"37.5396332, 127.084892"
558,"서울특별시 광진구 구의로4길 16, 1층 (구의동)",커피숍,"37.540428, 127.0916351"
559,"서울특별시 광진구 자양로 96, 1층 (자양동)",편의점,"37.5287142, 127.0883594"
560,"서울특별시 광진구 면목로 4, 1층 (군자동)",커피숍,"37.557310900000004, 127.07625380175674"
561,"서울특별시 광진구 광나루로20가길 21, 1층 (화양동)",커피숍,"37.5452096, 127.0749299"
562,"서울특별시 광진구 아차산로78길 44, 크레스코빌딩 지하1층 5호 (광장동)",커피숍,"37.5478992, 127.10863"
563,"서울특별시 광진구 능동로 120-1, 건국대학교병원 1층 (화양동)",커피숍,"37.540619750000005, 127.07231766310619"
564,"서울특별시 광진구 능동로 92, 롯데백화점 10층 (자양동)",커피숍,"37.538956049999996, 127.07142585170553"
565,"서울특별시 광진구 광나루로 398, 1층 (화양동)",커피숍,"37.54006, 127.09724"
566,"서울특별시 광진구 아차산로65길 78, 1층 101호 (구의동, 바우하우스)",편의점,"37.5423162, 127.0924311"
567,"서울특별시 광진구 동일로 92-1, 1층 (자양동)",편의점,"37.5632661, 127.0760945"
568,"서울특별시 광진구 광나루로36길 69, 1층 (구의동, 대영주택)",편의점,"37.5435491, 127.0864008"
569,"서울특별시 광진구 아차산로65길 8, 1층 (구의동)",커피숍,"37.5423162, 127.0924311"
570,"서울특별시 광진구 자양로15길 43-1, 1층 (자양동)",커피숍,"37.5340385, 127.0783474"
571,"서울특별시 광진구 동일로20길 83, 2층 201호 (자양동)",커피숍,"37.5405118, 127.0668855"
572,"서울특별시 광진구 천호대로124길 72, 1층 (능동)",커피숍,"37.5522686, 127.0891866"
573,"서울특별시 광진구 능동로 141, 1층 (화양동)",커피숍,"37.5340314, 127.0678046"
574,"서울특별시 광진구 자양로 153, 1층 (구의동)",커피숍,"37.5287142, 127.0883594"
575,"서울특별시 광진구 광나루로56길 63, 현대프라임아파트 1층 106호 (구의동)",커피숍,"37.53781, 127.09669"
576,"서울특별시 광진구 긴고랑로 35, 1층 (중곡동)",커피숍,"37.56369, 127.0782554"
577,"서울특별시 광진구 능동로13길 39, 한아름건물 3층 (화양동)",커피숍,"37.543819, 127.0698061"
578,"서울특별시 광진구 긴고랑로22길 52, 1층 102호 (중곡동, 대영빌라트)",편의점,"37.5606438, 127.0842583"
579,"서울특별시 광진구 광나루로 604, 진넥스 베르디엠 1층 105호 (구의동)",패스트푸드,"37.54006, 127.09724"
580,"서울특별시 광진구 자양로43길 42, 1층 (구의동)",커피숍,"37.5511317, 127.0910025"
581,"서울특별시 광진구 뚝섬로52가길 31, 1층 104호 (자양동)",커피숍,"37.5305113, 127.080828"
582,"서울특별시 광진구 광나루로54길 83, 1층 102호 (구의동)",커피숍,"37.5391502, 127.0952275"
583,"서울특별시 광진구 아차산로 360, 서원빌딩 1층 (자양동)",커피숍,"37.538847, 127.0919729"
584,"서울특별시 광진구 천호대로 676, 1층 (구의동)",커피숍,"37.5534728, 127.0884141"
585,"서울특별시 광진구 자양로15길 100, 1층 (자양동)",커피숍,"37.5340385, 127.0783474"
586,"서울특별시 광진구 뚝섬로 541, 지하1층 (자양동)",커피숍,"37.53347, 127.0883"
587,"서울특별시 광진구 천호대로117길 58, 2층 (중곡동)",커피숍,"37.557545000000005, 127.0853606877907"
588,"서울특별시 광진구 동일로30길 28, 1층 (화양동)",편의점,"37.5475933, 127.0685291"
589,"서울특별시 광진구 광나루로 604, 진넥스 베르디엠 1층 104호 (구의동)",편의점,"37.54006, 127.09724"
590,"서울특별시 광진구 광나루로 410, KCC파크타운 1층 108호 (화양동)",편의점,"37.54006, 127.09724"
591,"서울특별시 광진구 구의로 4, 3층 2호 (구의동)",커피숍,"37.537839, 127.089116"
592,"서울특별시 광진구 아차산로 450-2, 1층 (구의동)",커피숍,"37.5374031, 127.0873679"
593,"서울특별시 광진구 아차산로70길 22, 1층 (광장동)",커피숍,"37.5392797, 127.0983829"
594,"서울특별시 광진구 아차산로25길 77, 1층 (화양동)",편의점,"37.5428985, 127.067241"
595,"서울특별시 광진구 능동로 36, 지하1층 (자양동)",커피숍,"37.5340314, 127.0678046"
596,"서울특별시 광진구 능동로47길 30, 광성시장 1층 (중곡동)",패스트푸드,"37.5633468, 127.0813451"
597,"서울특별시 광진구 자양로42길 20, 1층 (구의동)",커피숍,"37.5487775, 127.0914096"
598,"서울특별시 광진구 아차산로31길 54, 1층 (화양동)",커피숍,"37.5423219, 127.0698776"
599,"서울특별시 광진구 자양로11길 11-1, 1층 (자양동)",편의점,"37.5338846, 127.0824421"
600,"서울특별시 광진구 광나루로20가길 21, 1층 (화양동)",커피숍,"37.5452096, 127.0749299"
601,"서울특별시 광진구 구의강변로 106, 101동 1층 111호 (구의동, 구의동삼성쉐르빌)",커피숍,"37.53552, 127.09211"
602,"서울특별시 광진구 광나루로36길 20, 1층 (구의동)",커피숍,"37.5435491, 127.0864008"
603,"서울특별시 광진구 뚝섬로24길 26, 1층 (자양동)",커피숍,"37.5347614, 127.0630491"
604,"서울특별시 광진구 능동로3길 14, 1층 (자양동)",커피숍,"37.5335692, 127.0665157"
605,"서울특별시 광진구 구의로 59, 1층 103호 (구의동)",커피숍,"37.537839, 127.089116"
606,"서울특별시 광진구 능동로16길 35, 1층 (화양동)",편의점,"37.5447699, 127.0746877"
607,"서울특별시 광진구 아차산로65길 24, 1층 (구의동)",커피숍,"37.5423162, 127.0924311"
608,"서울특별시 광진구 용마산로 174, 상가동 1층 105호 (중곡동, 에스케이아파트)",편의점,"37.5678699, 127.0861846"
609,"서울특별시 광진구 광나루로 545, 상가A동 1층 3호 (구의동)",편의점,"37.54006, 127.09724"
610,"서울특별시 광진구 자양로50길 18, 1층 (구의동)",편의점,"37.552399, 127.0947325"
611,"서울특별시 광진구 동일로20길 114, 1층 (자양동)",편의점,"37.5405118, 127.0668855"
612,"서울특별시 광진구 능동로 36, 1층 (자양동)",커피숍,"37.5340314, 127.0678046"
613,"서울특별시 광진구 광나루로26길 28, 1층 (화양동)",커피숍,"37.5454108, 127.0773245"
614,"서울특별시 광진구 아차산로 272, 더샵스타시티 롯데시네마 2층 (자양동)",커피숍,"37.538418, 127.07323878135787"
615,"서울특별시 광진구 능동로 334, 경남빌딩 1층 (중곡동)",커피숍,"37.5593773, 127.08098113603998"
616,"서울특별시 광진구 긴고랑로9길 29, 1층 101호 (중곡동)",커피숍,"37.564859, 127.0814982"
617,"서울특별시 광진구 동일로 360, 우인아트홀 1층 (중곡동)",커피숍,"37.5393636, 127.0624104"
618,"서울특별시 광진구 구의로16길 30, 1층 101호 (구의동)",커피숍,"37.5437397, 127.0915066"
619,"서울특별시 광진구 자양로13길 103, 1층 (자양동)",커피숍,"37.5329309, 127.0804176"
620,"서울특별시 광진구 뚝섬로52라길 7, 1층 101호 (자양동, 라임팰리스)",커피숍,"37.5291933, 127.0813103"
621,"서울특별시 광진구 자양로 172, 1층 101호 (구의동, 솔렌시아2)",커피숍,"37.5287142, 127.0883594"
622,"서울특별시 광진구 능동로 366, 비버리캐슬 1층 101 일부호 (중곡동)",커피숍,"37.5340314, 127.0678046"
623,"서울특별시 광진구 자양로51길 22, 성보빌딩 1층 (구의동)",편의점,"37.5540112, 127.0923149"
624,"서울특별시 광진구 능동로13길 103, 1층 (화양동)",편의점,"37.54449, 127.0694089"
625,"서울특별시 광진구 용마산로24길 14, 1층 (중곡동)",편의점,"37.5652341, 127.087498"
626,"서울특별시 광진구 동일로18길 44, 1층 (자양동)",편의점,"37.5390686, 127.0661496"
627,"서울특별시 광진구 뚝섬로52라길 47, 1층 (자양동)",편의점,"37.5291933, 127.0813103"
628,"서울특별시 광진구 면목로 67-4, 1층 102호 (중곡동)",커피숍,"37.5671595, 127.0819519"
629,"서울특별시 광진구 능동로 258, 천지빌딩 1층 (능동)",편의점,"37.5340314, 127.0678046"
630,"서울특별시 광진구 자양번영로 32, 1층 102,103호 (자양동)",편의점,"37.529737, 127.0746347"
631,"서울특별시 광진구 아차산로 613, 1층 (광장동)",커피숍,"37.538847, 127.0919729"
632,"서울특별시 광진구 긴고랑로 78, 1층 (중곡동)",커피숍,"37.56369, 127.0782554"
633,"서울특별시 광진구 아차산로40길 62, 1층 (자양동)",편의점,"37.5363051, 127.0781832"
634,"서울특별시 광진구 군자로 162, 1층 (군자동)",커피숍,"37.5433395, 127.071636"
635,"서울특별시 광진구 천호대로 697, 1층 (구의동)",커피숍,"37.5534728, 127.0884141"
636,"서울특별시 광진구 천호대로 666, 1층 106-2호 (구의동)",커피숍,"37.5534728, 127.0884141"
637,"서울특별시 광진구 긴고랑로8길 60, 1층 (중곡동)",커피숍,"37.561565, 127.078102"
638,"서울특별시 광진구 광나루로56길 34, 구의현대2단지 종합상가동 4층 404호 (구의동)",커피숍,"37.53781, 127.09669"
639,"서울특별시 광진구 천호대로109길 18, 1층 (중곡동)",커피숍,"37.5575651, 127.08128275"
640,"서울특별시 광진구 자양로38길 25, 1층 (구의동)",편의점,"37.5464972, 127.0911124"
641,"서울특별시 광진구 능동로 18, 2층 207호 (자양동, 이튼타워리버3차)",커피숍,"37.5340314, 127.0678046"
642,"서울특별시 광진구 아차산로78길 75, 지층 02호 (광장동)",커피숍,"37.5515555, 127.111145"
643,"서울특별시 광진구 능동로 243, 1,2,3층 (군자동)",커피숍,"37.5520304, 127.07642"
644,"서울특별시 광진구 광나루로37길 24, 1층 (구의동)",커피숍,"37.5457324, 127.088457"
645,"서울특별시 광진구 광나루로24길 31-17, 1층 (화양동)",편의점,"37.5453422, 127.0791408"
646,"서울특별시 광진구 능동로24길 74, 1층 (능동)",편의점,"37.5530878, 127.0804477"
647,"서울특별시 광진구 광나루로 496, 3층 (구의동)",커피숍,"37.54006, 127.09724"
648,"서울특별시 광진구 광장로1길 26, 1층 (광장동)",편의점,"37.547471, 127.1030548"
649,"서울특별시 광진구 면목로 79, 1층 (중곡동)",편의점,"37.5671595, 127.0819519"
650,"서울특별시 광진구 자양로22길 51, 전진마트 1층 (구의동)",편의점,"37.5396939, 127.0857016"
651,"서울특별시 광진구 자양로 116, 1층 116호 (구의동, 웰츠타워)",편의점,"37.5287142, 127.0883594"
652,"서울특별시 광진구 능동로 268, 동산빌딩 1층 (능동)",커피숍,"37.5538164, 127.0779179"
653,"서울특별시 광진구 자양번영로3길 54, 1층 103 (1/2)호 (자양동)",커피숍,"37.5321631, 127.0730672"
654,"서울특별시 광진구 자양로 178, 동서빌딩 1층 (구의동)",커피숍,"37.5287142, 127.0883594"
655,"서울특별시 광진구 구의로16길 88, 지하1층 (구의동)",커피숍,"37.5437397, 127.0915066"
656,"서울특별시 광진구 아차산로 229, 한림타워 2층 202호 (화양동)",커피숍,"37.538847, 127.0919729"
657,"서울특별시 광진구 뚝섬로62길 12, 1층 (자양동)",편의점,"37.5318237, 127.0883931"
658,"서울특별시 광진구 능동로 120, 건국대학교 지층 101호 (화양동)",커피숍,"37.54184695, 127.07711486219412"
659,"서울특별시 광진구 능동로4길 3, 1층 (자양동)",커피숍,"37.5320251, 127.0701166"
660,"서울특별시 광진구 아차산로39길 28, 1층 (자양동)",편의점,"37.5381412, 127.0788822"
661,"서울특별시 광진구 용마산로 28, 1층 (중곡동)",커피숍,"37.5678699, 127.0861846"
662,"서울특별시 광진구 아차산로78길 72, 학산코스모스텔 1층 101-1호 (광장동)",편의점,"37.5512134, 127.11048207590466"
663,"서울특별시 광진구 구천면로 14, 광진구민체육센타 2층 (광장동)",커피숍,"37.5462597, 127.1085871"
664,"서울특별시 광진구 자양로 194, 1층 (구의동)",편의점,"37.5287142, 127.0883594"
665,"서울특별시 광진구 면목로 136-1, 1층 (중곡동)",편의점,"37.5607168, 127.0784142"
666,"서울특별시 광진구 자양번영로11길 31, 1층 (자양동)",편의점,"37.5369856, 127.0765146"
667,"서울특별시 광진구 능동로48길 77, 1층 101호 (중곡동)",커피숍,"37.5618735, 127.0858074"
668,"서울특별시 광진구 뚝섬로34길 25-19, 현대10차아파트 상가동 101호 (자양동)",편의점,"37.5329285, 127.0703885"
669,"서울특별시 광진구 능동로 92, 롯데백화점 지하1층 (자양동)",커피숍,"37.538956049999996, 127.07142585170553"
670,"서울특별시 광진구 능동로 337-1, 1층 (중곡동)",편의점,"37.5424924, 127.071777"
671,"서울특별시 광진구 광나루로 595, 상가동 지하1층 비07호 (광장동, 광장자이아파트)",커피숍,"37.54006, 127.09724"
672,"서울특별시 광진구 광나루로52길 98, 1층 (구의동)",편의점,"37.5400271, 127.0927517"
673,"서울특별시 광진구 능동로16길 51, 지층 (화양동)",커피숍,"37.5447699, 127.0746877"
674,"서울특별시 광진구 능동로 149, 1층 (화양동)",커피숍,"37.5340314, 127.0678046"
675,"서울특별시 광진구 아차산로44길 5, 1층 (자양동)",커피숍,"37.5364568, 127.0796924"
676,"서울특별시 광진구 광장로 75, 2층 (광장동)",커피숍,"37.5473486, 127.1041974"
677,"서울특별시 광진구 광나루로20길 13-10, 1층 (화양동)",편의점,"37.546084, 127.074361"
678,"서울특별시 광진구 용마산로8나길 17, 1층 (중곡동)",편의점,"37.560256, 127.0896388"
679,"서울특별시 광진구 자양로 35, 자양성모병원 1층 (자양동)",커피숍,"37.5287142, 127.0883594"
680,"서울특별시 광진구 광나루로 382, 1층 104호 (화양동, 아스하임)",커피숍,"37.54006, 127.09724"
681,"서울특별시 광진구 자양로 154, 1층 105,106호 (구의동, 솔렌시아)",편의점,"37.5287142, 127.0883594"
682,"서울특별시 광진구 자양로23길 65, 1층 1호 (구의동)",커피숍,"37.5423228, 127.0831644"
683,"서울특별시 광진구 광장로 53, 1층 102호 (광장동)",커피숍,"37.5473486, 127.1041974"
684,"서울특별시 광진구 뚝섬로 513, 1층 (자양동)",편의점,"37.53347, 127.0883"
685,"서울특별시 광진구 긴고랑로13길 34, 1층 (중곡동)",커피숍,"37.5631813, 127.0819859"
686,"서울특별시 광진구 능동로 18, 1층 104호 (자양동, 이튼타워리버3차)",편의점,"37.5340314, 127.0678046"
687,"서울특별시 광진구 아차산로 218, 성원빌딩 3층 302호 (자양동)",커피숍,"37.538847, 127.0919729"
688,"서울특별시 광진구 능동로13길 70-1, 1층 (화양동)",편의점,"37.54449, 127.0694089"
689,"서울특별시 광진구 광나루로52길 98, 1층 (구의동)",편의점,"37.5400271, 127.0927517"
690,"서울특별시 광진구 자양로 311, 1층 (구의동)",커피숍,"37.5287142, 127.0883594"
691,"서울특별시 광진구 강변역로4길 10, 강변역지너스타워 2층 202호 (구의동)",커피숍,"37.53441, 127.09268"
692,"서울특별시 광진구 용마산로7길 8, 천우빌딩 1층 (중곡동)",편의점,"37.5594652, 127.0859312"
693,"서울특별시 광진구 능동로 120, 건국대학교 기숙사 지하1층 (화양동)",편의점,"37.54184695, 127.07711486219412"
694,"서울특별시 광진구 뚝섬로49길 11-1, 1층 (자양동)",편의점,"37.5325199, 127.0792127"
695,"서울특별시 광진구 능동로13길 59, 1층 1호 (화양동)",편의점,"37.54449, 127.0694089"
696,"서울특별시 광진구 광나루로24길 29, 1층 (화양동)",커피숍,"37.5453422, 127.0791408"
697,"서울특별시 광진구 아차산로29길 28, 1층 1호 (화양동)",패스트푸드,"37.5425828, 127.0689288"
698,"서울특별시 광진구 뚝섬로52길 13, 1층 (자양동)",커피숍,"37.5303492, 127.0788659"
699,"서울특별시 광진구 강변북로 68, 뚝섬전망복합문화시설 1층 (자양동)",편의점,"37.5308541, 127.06600892972135"
700,"서울특별시 광진구 뚝섬로56길 59, 광운빌딩 1층 101호 (자양동)",편의점,"37.5298042, 127.0821658"
701,"서울특별시 광진구 아차산로78길 90, 1층 (광장동)",커피숍,"37.5506405, 127.110448"
702,"서울특별시 광진구 강변북로 68, 뚝섬전망복합문화시설 1층 (자양동)",커피숍,"37.5308541, 127.06600892972135"
703,"서울특별시 광진구 천호대로102길 9, 1층 (군자동)",커피숍,"37.55781555, 127.07403095415842"
704,"서울특별시 광진구 아차산로 375, 크레신타워3차 1층 101호 (구의동)",편의점,"37.538847, 127.0919729"
705,"서울특별시 광진구 동일로20길 91, 1층 (자양동)",커피숍,"37.5405118, 127.0668855"
706,"서울특별시 광진구 동일로60길 7, 1층 (군자동)",편의점,"37.5585872, 127.0739923"
707,"서울특별시 광진구 능동로 209, 세종대학교대양AI센터 1층 (군자동)",커피숍,"37.5510717, 127.0752624"
708,"서울특별시 광진구 뚝섬로27길 43, 1층 (자양동)",편의점,"37.536557, 127.0661265"
709,"서울특별시 광진구 아차산로30길 15, 1층 (자양동)",패스트푸드,"37.539866, 127.0674768"
710,"서울특별시 광진구 동일로28길 9, 1층 (화양동)",커피숍,"37.5458699, 127.0700341"
711,"서울특별시 광진구 아차산로33길 63, 1층 (화양동)",커피숍,"37.5418162, 127.0705566"
712,"서울특별시 광진구 구의로 39, 1층 (구의동)",편의점,"37.537839, 127.089116"
713,"서울특별시 광진구 뚝섬로26길 46, 1층 (자양동)",커피숍,"37.5344883, 127.0661053"
714,"서울특별시 광진구 광나루로36길 38, 1층 (구의동)",커피숍,"37.5435491, 127.0864008"
715,"서울특별시 광진구 동일로32길 18, 1층 (군자동)",편의점,"37.5496363, 127.0692652"
716,"서울특별시 광진구 능동로 216, 어린이대공원 놀이동산관리동 1층 (능동)",패스트푸드,"37.5340314, 127.0678046"
717,"서울특별시 광진구 천호대로 533, 동진빌딩 1층 (중곡동)",편의점,"37.5534728, 127.0884141"
718,"서울특별시 광진구 뚝섬로31길 43, 조양어린이집 1층 (자양동)",편의점,"37.5364436, 127.0679284"
719,"서울특별시 광진구 광장로 67, 라드빌 1층 (광장동)",커피숍,"37.5473486, 127.1041974"
720,"서울특별시 광진구 자양번영로2길 33, 1층 102호 (자양동, 마이하우스)",커피숍,"37.5304365, 127.0784288"
721,"서울특별시 광진구 아차산로 417, 1층 102호 (구의동)",편의점,"37.538847, 127.0919729"
722,"서울특별시 광진구 아차산로 471, CS PLAZA 1층 (구의동)",커피숍,"37.538847, 127.0919729"
723,"서울특별시 광진구 자양로5길 30, 나동 1층 102호 (자양동, 한양팰리스)",커피숍,"37.53124, 127.0843194"
724,"서울특별시 광진구 능동로 403-1, 1층 (중곡동)",커피숍,"37.5424924, 127.071777"
725,"서울특별시 광진구 동일로38길 15, 1층 (군자동)",커피숍,"37.5514729, 127.070474"
726,"서울특별시 광진구 자양로3길 6, 1층 (자양동)",커피숍,"37.5305798, 127.0839974"
727,"서울특별시 광진구 아차산로 345, 1층 126호 (자양동, 래미안프리미어팰리스)",커피숍,"37.538847, 127.0919729"
728,"서울특별시 광진구 뚝섬로54길 31, 1층 (자양동)",편의점,"37.5297019, 127.08053"
729,"서울특별시 광진구 자양로39길 22, 지하1층 (구의동)",커피숍,"37.5491236, 127.0883938"
730,"서울특별시 광진구 용마산로 4, 1층 (중곡동)",커피숍,"37.55827815, 127.08750348138338"
731,"서울특별시 광진구 뚝섬로55길 7, 1층 (자양동)",커피숍,"37.5326809, 127.0819095"
732,"서울특별시 광진구 능동로 21, 1층 (자양동)",커피숍,"37.5634496, 127.0834399"
733,"서울특별시 광진구 긴고랑로 162-1, 1층 (중곡동)",편의점,"37.56369, 127.0782554"
734,"서울특별시 광진구 능동로 123, 1층 (화양동)",커피숍,"37.5340314, 127.0678046"
735,"서울특별시 광진구 뚝섬로51길 49, 101호 (자양동, 세인빌딩)",커피숍,"37.5335754, 127.0801186"
736,"서울특별시 광진구 광나루로 545, A동 1층 1호 (구의동, 래미안파크스위트)",커피숍,"37.54006, 127.09724"
737,"서울특별시 광진구 아차산로30길 8, 1층 2호 (자양동)",커피숍,"37.539866, 127.0674768"
738,"서울특별시 광진구 능동로13길 34, 1층 (화양동)",커피숍,"37.54449, 127.0694089"
739,"서울특별시 광진구 아차산로 229, 한림타워 1층 104호 (화양동)",커피숍,"37.538847, 127.0919729"
740,"서울특별시 광진구 능동로3길 67, 1층 101호 (자양동, 드림리버뷰)",커피숍,"37.5335692, 127.0665157"
741,"서울특별시 광진구 용마산로1길 96, 1층 (중곡동)",패스트푸드,"37.5557233, 127.085395"
742,"서울특별시 광진구 능동로 133-1, 1층 (화양동)",커피숍,"37.5424924, 127.071777"
743,"서울특별시 광진구 동일로26길 62, 1층 (화양동)",커피숍,"37.544978, 127.0678273"
744,"서울특별시 광진구 동일로22길 25, 정하빌딩 1층 (화양동)",편의점,"37.5416499, 127.0674994"
745,"서울특별시 광진구 뚝섬로 645, 1층 (자양동)",커피숍,"37.53347, 127.0883"
746,"서울특별시 광진구 능동로13길 40, 1층 (화양동)",커피숍,"37.54449, 127.0694089"
747,"서울특별시 광진구 동일로60길 41-13, 1층 (군자동)",커피숍,"37.5572164, 127.0759635"
748,"서울특별시 광진구 아차산로 229, 한림타워 1층 104호일부,106,107,108호 (화양동)",패스트푸드,"37.538847, 127.0919729"
749,"서울특별시 광진구 능동로 354, 1층 (중곡동)",편의점,"37.5340314, 127.0678046"
750,"서울특별시 광진구 아차산로39길 16, 화광 1층 (자양동)",패스트푸드,"37.5387705, 127.0767158"
751,"서울특별시 광진구 광나루로19길 38, 1,2층 (군자동)",커피숍,"37.54934885, 127.07319209360881"
752,"서울특별시 광진구 뚝섬로50길 16, 1층 (자양동)",편의점,"37.5310838, 127.0779279"
753,"서울특별시 광진구 천호대로129길 29, 1층 (중곡동)",편의점,"37.553229, 127.0914259"
754,"서울특별시 광진구 광나루로56길 66, 구의현대2단지아파트 1층 102(일부)호 (구의동)",커피숍,"37.53781, 127.09669"
755,"서울특별시 광진구 천호대로 618, 삼화빌딩 1층 (능동)",커피숍,"37.5534728, 127.0884141"
756,"서울특별시 광진구 광나루로 532, 1층 1호 (구의동)",편의점,"37.54006, 127.09724"
757,"서울특별시 광진구 능동로13길 101, 1층 (화양동)",커피숍,"37.54449, 127.0694089"
758,"서울특별시 광진구 능동로13길 65, 2층 (화양동)",커피숍,"37.54449, 127.0694089"
759,"서울특별시 광진구 능동로16길 35, 1층 (화양동)",편의점,"37.5447699, 127.0746877"
760,"서울특별시 광진구 뚝섬로64길 24, 1층 (자양동)",커피숍,"37.5330439, 127.0888302"
761,"서울특별시 광진구 능동로 209, 세종대학교 학생회관 1층 (군자동)",편의점,"37.5510717, 127.0752624"
762,"서울특별시 광진구 광나루로 375-1, 2층 (군자동)",커피숍,"37.5448934, 127.0883438"
763,"서울특별시 광진구 능동로44길 21, 1층 (중곡동)",커피숍,"37.5602238, 127.0837733"
764,"서울특별시 광진구 광나루로56길 29, 1층 106호 (구의동, 현대프라임아파트)",편의점,"37.53781, 127.09669"
765,"서울특별시 광진구 광나루로24길 22, 1층 (화양동)",커피숍,"37.545304900000005, 127.0764822821528"
766,"서울특별시 광진구 천호대로111길 28, 1층 101호 (중곡동, 정수아트빌)",커피숍,"37.5582115, 127.0829527"
767,"서울특별시 광진구 능동로 209, 세종대학교 광개토관 15층 (군자동)",커피숍,"37.5510717, 127.0752624"
768,"서울특별시 광진구 뚝섬로46길 9, 1층 (자양동)",편의점,"37.5296862, 127.0764756"
769,"서울특별시 광진구 광장로 87-1, 1층 (광장동)",커피숍,"37.5473486, 127.1041974"
770,"서울특별시 광진구 능동로 216, 어린이대공원 1층 (능동)",편의점,"37.5340314, 127.0678046"
771,"서울특별시 광진구 동일로20길 105-2, 1~2층 (자양동)",커피숍,"37.5405118, 127.0668855"
772,"서울특별시 광진구 용마산로 114, 경동빌딩 1층 (중곡동)",커피숍,"37.5678699, 127.0861846"
773,"서울특별시 광진구 아차산로 262, 3층 (자양동, 더샵스타시티)",커피숍,"37.538847, 127.0919729"
774,"서울특별시 광진구 능동로 120, 건국대학교 학생회관 1층 (화양동)",커피숍,"37.54184695, 127.07711486219412"
775,"서울특별시 광진구 아차산로 218, 성원빌딩 3층 302호 (자양동)",커피숍,"37.538847, 127.0919729"
776,"서울특별시 광진구 능동로 92, 롯데백화점 건대스타시티점 지하1층 (자양동)",패스트푸드,"37.538956049999996, 127.07142585170553"
777,"서울특별시 광진구 광나루로 604, 진넥스 베르디엠 1층 102호 (구의동)",커피숍,"37.54006, 127.09724"
778,"서울특별시 광진구 용마산로5길 78, 1층 (중곡동)",커피숍,"37.5574786, 127.0855843"
779,"서울특별시 광진구 면목로 182, 중앙빌딩 5층 1호 (중곡동)",커피숍,"37.5671595, 127.0819519"
780,"서울특별시 광진구 자양로 112, 1층 101호 (구의동)",커피숍,"37.5287142, 127.0883594"
781,"서울특별시 광진구 아차산로 201, 동성빌딩 1층 (화양동)",커피숍,"37.538847, 127.0919729"
782,"서울특별시 광진구 능동로51길 28, 1층 102호 (중곡동)",커피숍,"37.5661935, 127.0827744"
783,"서울특별시 광진구 천호대로129길 75, 1층 103호 (중곡동)",커피숍,"37.553229, 127.0914259"
784,"서울특별시 광진구 아차산로51길 41, 1층 (구의동)",편의점,"37.5396332, 127.084892"
785,"서울특별시 광진구 광장로5길 25-1, 장로회신학대학교 명성관 1층 (광장동)",커피숍,"37.5496799, 127.1043367"
786,"서울특별시 광진구 광나루로16길 30, 1층 (화양동)",편의점,"37.546867, 127.0692023"
787,"서울특별시 광진구 영화사로 52, 1층 (중곡동)",편의점,"37.5525116, 127.0995989"
788,"서울특별시 광진구 자양로37길 63, CEMIU 3층 (구의동)",커피숍,"37.5483448, 127.0869937"
789,"서울특별시 광진구 능동로24길 60-8, 1층 (능동)",커피숍,"37.5523075, 127.0799911"
790,"서울특별시 광진구 능동로 117, 1층일부,2층 (화양동)",커피숍,"37.5340314, 127.0678046"
791,"서울특별시 광진구 동일로22길 50, 1층 2호 (화양동)",커피숍,"37.5416499, 127.0674994"
792,"서울특별시 광진구 광나루로 346, 1층 103호 (화양동, 브라운스톤 화양)",커피숍,"37.54006, 127.09724"
793,"서울특별시 광진구 면목로 192, 1층 (중곡동)",편의점,"37.5671595, 127.0819519"
794,"서울특별시 광진구 구의로 68, 1층 (구의동)",편의점,"37.537839, 127.089116"
795,"서울특별시 광진구 아차산로78길 44, 크레스코빌딩 1층 102호 (광장동)",커피숍,"37.5478992, 127.10863"
796,"서울특별시 광진구 능동로37길 29, 1층 (중곡동)",커피숍,"37.5583424, 127.0786277"
797,"서울특별시 광진구 뚝섬로56길 22, 1층 101호 (자양동, 드림팰리스6차)",편의점,"37.5298042, 127.0821658"
798,"서울특별시 광진구 군자로3길 14, 화양빌딩 1층 (화양동)",편의점,"37.5442669, 127.0701056"
799,"서울특별시 광진구 아차산로 200, 3층 (자양동)",커피숍,"37.538847, 127.0919729"
800,"서울특별시 광진구 자양로28길 36, 1층 101호 (구의동)",커피숍,"37.541602, 127.0888944"
801,"서울특별시 광진구 광나루로52길 11, 1층 102호 (구의동)",커피숍,"37.5400271, 127.0927517"
802,"서울특별시 광진구 아차산로 380, 세화빌딩 1층 (자양동)",커피숍,"37.538847, 127.0919729"
803,"서울특별시 광진구 광나루로14길 27, 1층 (화양동)",편의점,"37.5468214, 127.0683591"
804,"서울특별시 광진구 구의강변로 51, 105호 (구의동, 비바힐스 강변)",커피숍,"37.53552, 127.09211"
805,"서울특별시 광진구 능동로13길 59, 2층 (화양동)",커피숍,"37.54449, 127.0694089"
806,"서울특별시 광진구 아차산로30길 26, 104호 (자양동)",편의점,"37.539866, 127.0674768"
807,"서울특별시 광진구 긴고랑로 130, 광성빌딩 지층 (중곡동)",패스트푸드,"37.56369, 127.0782554"
808,"서울특별시 광진구 군자로 85-1, 1층 (군자동)",편의점,"37.5433395, 127.071636"
809,"서울특별시 광진구 광장로 53, 1층 102호 (광장동)",커피숍,"37.5473486, 127.1041974"
810,"서울특별시 광진구 군자로17길 41, 1층 (군자동)",편의점,"37.5561332, 127.0768536"
811,"서울특별시 광진구 아차산로51길 27, 2층 (구의동)",커피숍,"37.5396332, 127.084892"
812,"서울특별시 광진구 아차산로30길 8, 1층 (자양동)",커피숍,"37.539866, 127.0674768"
813,"서울특별시 광진구 뚝섬로52라길 67, 1층 (자양동)",커피숍,"37.5291933, 127.0813103"
814,"서울특별시 광진구 광나루로 441, 육영재단어린이회관 2층 (능동)",커피숍,"37.5468262, 127.0766379"
815,"서울특별시 광진구 자양로43길 87, 1층 (중곡동)",커피숍,"37.5511317, 127.0910025"
816,"서울특별시 광진구 자양로5길 30, 1층 101호 (자양동, 한양팰리스)",편의점,"37.53124, 127.0843194"
817,"서울특별시 광진구 동일로20길 78, 1층 (자양동)",편의점,"37.5405118, 127.0668855"
818,"서울특별시 광진구 자양로 261, 예송빌딩 1층 (구의동)",커피숍,"37.5287142, 127.0883594"
819,"서울특별시 광진구 광나루로 608, 1층 (구의동)",커피숍,"37.54006, 127.09724"
820,"서울특별시 광진구 능동로 294, 능동빌딩 1층 (능동)",커피숍,"37.5340314, 127.0678046"
821,"서울특별시 광진구 자양로34길 17-3, 1층 101호 (구의동, 베아누 빌)",커피숍,"37.5457197, 127.087036"
822,"서울특별시 광진구 아차산로 480, 1층 102호 (구의동)",커피숍,"37.538847, 127.0919729"
823,"서울특별시 광진구 능동로13길 75, 2층 (화양동)",커피숍,"37.54449, 127.0694089"
824,"서울특별시 광진구 군자로15길 14, 1층 (군자동)",커피숍,"37.5545484, 127.073341"
825,"서울특별시 광진구 광나루로 370, 1층 101호 (화양동, 화양동 동도센트리움 캠퍼스파크)",커피숍,"37.54006, 127.09724"
826,"서울특별시 광진구 자양로 314, 1층 (구의동, 프레빌)",편의점,"37.5287142, 127.0883594"
827,"서울특별시 광진구 광나루로 361, 지하1층 B101호-1호 (군자동, 광진 동양파라곤 1단지)",패스트푸드,"37.54006, 127.09724"
828,"서울특별시 광진구 뚝섬로 620, 1층 (자양동)",커피숍,"37.53347, 127.0883"
829,"서울특별시 광진구 능동로 420, 성문빌딩 1층 (중곡동)",편의점,"37.5340314, 127.0678046"
830,"서울특별시 광진구 능동로 209, 세종대학교대양AI센터 1층 (군자동)",편의점,"37.5510717, 127.0752624"
831,"서울특별시 광진구 능동로 153, 1층 (화양동)",커피숍,"37.5340314, 127.0678046"
832,"서울특별시 광진구 자양로 187, 1층 (구의동)",패스트푸드,"37.5287142, 127.0883594"
833,"서울특별시 광진구 능동로 288, 1층 (능동)",커피숍,"37.5340314, 127.0678046"
834,"서울특별시 광진구 동일로 26, 1~2층 (자양동)",커피숍,"37.5393636, 127.0624104"
835,"서울특별시 광진구 뚝섬로23가길 17, 1층 (자양동)",편의점,"37.5379073, 127.0654803"
836,"서울특별시 광진구 아차산로 225, 단산화빌딩 1,2층 (화양동)",패스트푸드,"37.538847, 127.0919729"
837,"서울특별시 광진구 광나루로 341, 1층 106호 (군자동)",커피숍,"37.54006, 127.09724"
838,"서울특별시 광진구 능동로 120, 건국대학교 경영관 1층 (화양동)",편의점,"37.54184695, 127.07711486219412"
839,"서울특별시 광진구 능동로 120, 건국대학교 학생회관 1층 (화양동)",편의점,"37.54184695, 127.07711486219412"
840,"서울특별시 광진구 능동로3길 67, 1층 101호 (자양동, 드림리버뷰)",커피숍,"37.5335692, 127.0665157"
841,"서울특별시 광진구 능동로 120, 건국대학교 상허기념도서관 3층 (화양동)",커피숍,"37.54184695, 127.07711486219412"
842,"서울특별시 광진구 능동로 216, 어린이대공원 1층 (능동)",편의점,"37.5340314, 127.0678046"
843,"서울특별시 광진구 면목로 169, 1층 (중곡동)",커피숍,"37.5671595, 127.0819519"
844,"서울특별시 광진구 능동로 209, 세종대학교 광개토관 지하1층 (군자동)",커피숍,"37.5510717, 127.0752624"
845,"서울특별시 광진구 능동로 25-1, 지하1,지상1층 (자양동)",커피숍,"37.5424924, 127.071777"
846,"서울특별시 광진구 뚝섬로 552, 삼희빌딩 1층 105호 (자양동)",커피숍,"37.53347, 127.0883"
847,"서울특별시 광진구 긴고랑로 91, 1층 (중곡동)",편의점,"37.56369, 127.0782554"
848,"서울특별시 광진구 능동로19길 35, B102호 (화양동, 광진 코지웰)",편의점,"37.5468693, 127.0727958"
849,"서울특별시 광진구 자양로13길 28, 1층 (자양동)",커피숍,"37.5329309, 127.0804176"
850,"서울특별시 광진구 용마산로8나길 17, 1층 (중곡동)",편의점,"37.560256, 127.0896388"
851,"서울특별시 광진구 능동로 129-1, 1~3층 (화양동)",커피숍,"37.5424924, 127.071777"
852,"서울특별시 광진구 광장로 49, 1층 (광장동)",커피숍,"37.5473486, 127.1041974"
853,"서울특별시 광진구 긴고랑로 25, 1층 (중곡동)",편의점,"37.56369, 127.0782554"
854,"서울특별시 광진구 능동로 327, 1층 (중곡동)",커피숍,"37.5340314, 127.0678046"
855,"서울특별시 광진구 아차산로 466, 1층 (구의동)",패스트푸드,"37.538847, 127.0919729"
856,"서울특별시 광진구 광나루로24길 37, 2층 (화양동)",커피숍,"37.5453422, 127.0791408"
857,"서울특별시 광진구 자양번영로2길 33, 102호 (자양동, 마이하우스)",커피숍,"37.5304365, 127.0784288"
858,"서울특별시 광진구 자양로 116, 1층 102,103,103-1,105,106,107,108호 (구의동, 웰츠타워)",커피숍,"37.5287142, 127.0883594"
859,"서울특별시 광진구 아차산로39길 16, 화광 1층 (자양동)",편의점,"37.5387705, 127.0767158"
860,"서울특별시 광진구 아차산로 450, 구의동 근린생활시설 1층 (구의동)",커피숍,"37.538847, 127.0919729"
861,"서울특별시 광진구 능동로 216, 어린이대공원 지하1층 (능동)",커피숍,"37.5340314, 127.0678046"
862,"서울특별시 광진구 뚝섬로24길 40, 1층 (자양동)",커피숍,"37.5347614, 127.0630491"
863,"서울특별시 광진구 아차산로57길 4, 풍강빌딩 1층 (구의동)",편의점,"37.5398811, 127.0884729"
864,"서울특별시 광진구 광장로 60, 1층 (광장동)",커피숍,"37.5473486, 127.1041974"
865,"서울특별시 광진구 아차산로 431, 상가1동 1층 106호 (구의동, 강변에스케이뷰)",커피숍,"37.538847, 127.0919729"
866,"서울특별시 광진구 군자로10길 14-15, 1층 (군자동)",커피숍,"37.5495054, 127.0724805"
867,"서울특별시 광진구 뚝섬로38길 8, 1층 (자양동)",커피숍,"37.533507, 127.0729383"
868,"서울특별시 광진구 뚝섬로54길 46, 1층 (자양동)",편의점,"37.5297019, 127.08053"
869,"서울특별시 광진구 아차산로 502, 진넥스 오딧세이 1층 101.102호 (광장동)",패스트푸드,"37.5387686, 127.0758059"
870,"서울특별시 광진구 광나루로20가길 21, 1층 (화양동)",커피숍,"37.5452096, 127.0749299"
871,"서울특별시 광진구 동일로20길 20, 1층 (자양동)",커피숍,"37.5405118, 127.0668855"
872,"서울특별시 광진구 능동로 216, 어린이대공원내 1층 (능동)",커피숍,"37.5340314, 127.0678046"
873,"서울특별시 광진구 아차산로65길 24, 1층 101호 (구의동)",커피숍,"37.5423162, 127.0924311"
874,"서울특별시 광진구 능동로43길 38, 1층 (중곡동)",커피숍,"37.5614397, 127.0802968"
875,"서울특별시 광진구 긴고랑로 60, 1층 (중곡동)",편의점,"37.56369, 127.0782554"
876,"서울특별시 광진구 능동로32길 90, 1층 (능동)",편의점,"37.5554482, 127.078579"
877,"서울특별시 광진구 구의강변로 94, 상가동 1층 103,104호 (구의동, 현대아파트)",커피숍,"37.53552, 127.09211"
878,"서울특별시 광진구 아차산로30길 8, 1층 2호 (자양동)",커피숍,"37.539866, 127.0674768"
879,"서울특별시 광진구 아차산로21길 64, 1층 (화양동)",커피숍,"37.5457864, 127.0669574"
880,"서울특별시 광진구 능동로 92, 롯데백화점 1층 (자양동)",커피숍,"37.538956049999996, 127.07142585170553"
881,"서울특별시 광진구 면목로 117, 1층 101호 (중곡동, 바론채)",커피숍,"37.5671595, 127.0819519"
882,"서울특별시 광진구 군자로 18, 1층 (화양동)",편의점,"37.5433395, 127.071636"
883,"서울특별시 광진구 면목로 182, 중앙빌딩 4층 1호 (중곡동)",커피숍,"37.5671595, 127.0819519"
884,"서울특별시 광진구 능동로 92, 롯데백화점 10층 (자양동)",커피숍,"37.538956049999996, 127.07142585170553"
885,"서울특별시 광진구 능동로 290, 삼일빌딩 1층 104호 (능동)",커피숍,"37.5340314, 127.0678046"
886,"서울특별시 광진구 능동로 445, 2층 (중곡동)",커피숍,"37.5340314, 127.0678046"
887,"서울특별시 광진구 긴고랑로9길 51-4, 1층 102호 (중곡동)",커피숍,"37.564859, 127.0814982"
888,"서울특별시 광진구 광나루로 604, 진넥스 베르디엠 1층 104호 (구의동)",편의점,"37.54006, 127.09724"
889,"서울특별시 광진구 면목로 128, 1층 102호 (중곡동)",커피숍,"37.5671595, 127.0819519"
890,"서울특별시 광진구 구의강변로 53, 지하1~1층 B101,101호 (구의동, 옥산그린타워)",커피숍,"37.53552, 127.09211"
891,"서울특별시 광진구 긴고랑로14길 25, 1층 (중곡동)",커피숍,"37.5612197, 127.0809293"
892,"서울특별시 광진구 긴고랑로15길 7, 1층 101호 (중곡동)",패스트푸드,"37.562648, 127.0833258"
893,"서울특별시 광진구 자양로 319, 1층 101호 (구의동, 한가온 빌)",커피숍,"37.5287142, 127.0883594"
894,"서울특별시 광진구 자양로3길 49, 경남아너스빌 1층 (자양동)",편의점,"37.5305798, 127.0839974"
895,"서울특별시 광진구 능동로 153, 1층 (화양동)",커피숍,"37.5340314, 127.0678046"
896,"서울특별시 광진구 동일로68길 49, 1층 102호 (중곡동, 월드빌)",편의점,"37.5624817, 127.0773227"
897,"서울특별시 광진구 능동로 275-1, 동원빌딩 2층 (군자동)",커피숍,"37.5424924, 127.071777"
898,"서울특별시 광진구 자양로18길 16, 1층 (구의동)",편의점,"37.5381339, 127.0865345"
899,"서울특별시 광진구 광나루로56길 29, 1층 106호 (구의동, 현대프라임아파트)",커피숍,"37.53781, 127.09669"
900,"서울특별시 광진구 천호대로116길 94, 101호 (능동)",커피숍,"37.5540724, 127.0837004"
901,"서울특별시 광진구 긴고랑로13길 91, 1층 (중곡동)",커피숍,"37.5631813, 127.0819859"
902,"서울특별시 광진구 자양로15길 6, 1층 (자양동)",커피숍,"37.5340385, 127.0783474"
903,"서울특별시 광진구 동일로 441, 1층 (중곡동)",커피숍,"37.5393636, 127.0624104"
904,"서울특별시 광진구 용마산로21길 65, 1층 (중곡동)",편의점,"37.5620507, 127.0850268"
905,"서울특별시 광진구 능동로 120, 건국대학교, 상허연구관 1층 (화양동)",커피숍,"37.54184695, 127.07711486219412"
906,"서울특별시 광진구 능동로 275, 비전빌딩 1층 (군자동)",편의점,"37.5340314, 127.0678046"
907,"서울특별시 광진구 능동로19길 35, 제B1층 B101호 (화양동, 광진 코지웰)",커피숍,"37.5468693, 127.0727958"
908,"서울특별시 광진구 천호대로 530, 1층 101호 (군자동)",커피숍,"37.5534728, 127.0884141"
909,"서울특별시 광진구 아차산로 360, 서원빌딩 1층 (자양동)",커피숍,"37.538847, 127.0919729"
910,"서울특별시 광진구 용마산로 67, 1층 (중곡동)",편의점,"37.5678699, 127.0861846"
911,"서울특별시 광진구 동일로34길 10, 1층 101호 (군자동, 라임클래식1차)",커피숍,"37.5504665, 127.0696606"
912,"서울특별시 광진구 자양번영로3길 54, 1층 105,106호 (자양동)",편의점,"37.5321631, 127.0730672"
913,"서울특별시 광진구 영화사로13길 34, 지하1층 (구의동, 굿모닝하우스)",커피숍,"37.5552052, 127.094466"
914,"서울특별시 광진구 아차산로 229, 한림타워104호일부 1층 (화양동)",커피숍,"37.538847, 127.0919729"
915,"서울특별시 광진구 광나루로 556, 씨엔씨빌딩 1층 (구의동)",커피숍,"37.54006, 127.09724"
916,"서울특별시 광진구 긴고랑로15길 16, 1층 (중곡동)",편의점,"37.562648, 127.0833258"
917,"서울특별시 광진구 아차산로 345, 2층 202호 (자양동, 래미안프리미어팰리스)",패스트푸드,"37.538847, 127.0919729"
918,"서울특별시 광진구 능동로 137-3, 1층 (화양동)",커피숍,"37.5684676, 127.0857019"
919,"서울특별시 광진구 구의강변로 93, 경복빌딩 1층 (구의동)",커피숍,"37.53552, 127.09211"
920,"서울특별시 광진구 천호대로111길 40, 1층 (중곡동)",커피숍,"37.5582115, 127.0829527"
921,"서울특별시 광진구 천호대로143길 8-11, 101호 (광장동)",커피숍,"37.5463502, 127.1032694"
922,"서울특별시 광진구 구의강변로 106, 지하1층 106호 (구의동, 구의동삼성쉐르빌)",커피숍,"37.53552, 127.09211"
923,"서울특별시 광진구 아차산로 272, 더샵스타시티 지하1층 (자양동)",커피숍,"37.538418, 127.07323878135787"
924,"서울특별시 광진구 자양로45길 24-3, 1층 (구의동)",커피숍,"37.5539045, 127.0904232"
925,"서울특별시 광진구 용마산로29길 40, 우분트 1층 (중곡동)",커피숍,"37.5661319, 127.0848988"
926,"서울특별시 광진구 광나루로56길 63, 현대프라임아파트 1층 105호 (구의동)",커피숍,"37.53781, 127.09669"
927,"서울특별시 광진구 영화사로 34, 1층 (중곡동)",커피숍,"37.5525116, 127.0995989"
928,"서울특별시 광진구 용마산로 92, 1층 (중곡동)",커피숍,"37.5678699, 127.0861846"
929,"서울특별시 광진구 능동로 258, 천지빌딩 1층 (능동)",편의점,"37.5340314, 127.0678046"
930,"서울특별시 광진구 능동로32길 130, 1층 101호 (능동)",커피숍,"37.5554482, 127.078579"
931,"서울특별시 광진구 능동로 391, 1층 (중곡동)",편의점,"37.5340314, 127.0678046"
932,"서울특별시 광진구 천호대로111길 28, 1층 101호 (중곡동, 정수아트빌)",커피숍,"37.5582115, 127.0829527"
933,"서울특별시 광진구 용마산로 37, 이안빌딩 1층 (중곡동)",커피숍,"37.5678699, 127.0861846"
934,"서울특별시 광진구 동일로20길 94, 1층 (자양동)",커피숍,"37.5405118, 127.0668855"
935,"서울특별시 광진구 자양로 251, 1층 (구의동)",커피숍,"37.5287142, 127.0883594"
936,"서울특별시 광진구 천호대로 534, 정일빌딩 2층 (군자동)",커피숍,"37.5534728, 127.0884141"
937,"서울특별시 광진구 뚝섬로 601, 청아빌딩 1층 102호 (자양동)",커피숍,"37.53347, 127.0883"
938,"서울특별시 광진구 구의로 40, 1층 101호 (구의동)",커피숍,"37.537839, 127.089116"
939,"서울특별시 광진구 자양번영로3길 4, 1층 (자양동)",커피숍,"37.5321631, 127.0730672"
940,"서울특별시 광진구 광나루로 428, 1층 (화양동)",커피숍,"37.54006, 127.09724"
941,"서울특별시 광진구 긴고랑로 91, 1층 (중곡동)",편의점,"37.56369, 127.0782554"
942,"서울특별시 광진구 아차산로65길 78, B동 1층 101호 (구의동, 바우하우스(B동))",편의점,"37.5423162, 127.0924311"
943,"서울특별시 광진구 능동로 145, 2층 (화양동)",커피숍,"37.5340314, 127.0678046"
944,"서울특별시 광진구 군자로10길 17, 102동 101호 (군자동, 대명이튼캐슬)",커피숍,"37.5495054, 127.0724805"
945,"서울특별시 광진구 동일로18길 107, 1층 101,102호 (자양동)",편의점,"37.5390686, 127.0661496"
946,"서울특별시 광진구 강변역로4길 10, 강변역지너스타워 1층 106호 (구의동)",커피숍,"37.53441, 127.09268"
947,"서울특별시 광진구 광나루로30길 35, 1층 101호 (구의동)",커피숍,"37.5433624, 127.0815049"
948,"서울특별시 광진구 동일로 34, 강변빌딩 1층 (자양동)",커피숍,"37.5393636, 127.0624104"
949,"서울특별시 광진구 용마산로 107, 1층 (중곡동)",커피숍,"37.5678699, 127.0861846"
950,"서울특별시 광진구 뚝섬로26길 46, 1층 (자양동)",커피숍,"37.5344883, 127.0661053"
951,"서울특별시 광진구 아차산로66길 31, 현대아파트 1층 101호 (광장동)",편의점,"37.541444, 127.0991034"
952,"서울특별시 광진구 광나루로 386, 하이뷰오피스텔 1층 107호 (화양동)",커피숍,"37.54006, 127.09724"
953,"서울특별시 광진구 긴고랑로15길 7, 1층 101호 (중곡동)",커피숍,"37.562648, 127.0833258"
954,"서울특별시 광진구 동일로 341, 1층 (중곡동)",커피숍,"37.5393636, 127.0624104"
955,"서울특별시 광진구 용마산로2길 6, 1층 102호 (중곡동)",커피숍,"37.555074, 127.0898437"
956,"서울특별시 광진구 천호대로112길 30, 1층 (능동)",커피숍,"37.5542428, 127.0800908"
957,"서울특별시 광진구 긴고랑로44길 4, 지하1층 (중곡동)",커피숍,"37.5591433, 127.0949558"
958,"서울특별시 광진구 자양로30길 18, 1층 (구의동)",커피숍,"37.5431522, 127.0878508"
959,"서울특별시 광진구 뚝섬로 552, 삼희빌딩 1층 111호 (자양동)",커피숍,"37.53347, 127.0883"
960,"서울특별시 광진구 아차산로21길 77, 1층 (화양동)",커피숍,"37.5457864, 127.0669574"
961,"서울특별시 광진구 자양로15길 18, 혜성빌딩 1층 (자양동)",커피숍,"37.5340385, 127.0783474"
962,"서울특별시 광진구 아차산로65길 50, 1층 (구의동)",편의점,"37.5423162, 127.0924311"
963,"서울특별시 광진구 뚝섬로22가길 60, 1층 (자양동)",커피숍,"37.5352201, 127.0632505"
964,"서울특별시 광진구 능동로53길 40, 1층 (중곡동)",커피숍,"37.5667195, 127.0832043"
965,"서울특별시 광진구 능동로19길 35, B106호 (화양동, 광진 코지웰)",커피숍,"37.5468693, 127.0727958"
966,"서울특별시 광진구 영화사로11길 3, 지하1층 (구의동)",편의점,"37.5554421, 127.0942372"
967,"서울특별시 광진구 군자로 108, 세종 힐 라움 1층 110호 (군자동)",커피숍,"37.5433395, 127.071636"
968,"서울특별시 광진구 능동로31길 22, 1층 (군자동)",편의점,"37.5563178, 127.077173"
969,"서울특별시 광진구 광나루로 410, KCC파크타운 1층 101호 (화양동)",커피숍,"37.54006, 127.09724"
970,"서울특별시 광진구 자양번영로3길 37, 1층 (자양동)",커피숍,"37.5321631, 127.0730672"
971,"서울특별시 광진구 아차산로 395, 1층 106호 (구의동)",편의점,"37.538847, 127.0919729"
972,"서울특별시 광진구 긴고랑로 6, 1층 (중곡동)",편의점,"37.56369, 127.0782554"
973,"서울특별시 광진구 아차산로 345, 101동 1층 111호 (자양동, 래미안프리미어팰리스)",커피숍,"37.538847, 127.0919729"
974,"서울특별시 광진구 동일로30길 51, 1층 103호 (화양동)",커피숍,"37.5475933, 127.0685291"
975,"서울특별시 광진구 면목로 136-1, 1층 (중곡동)",편의점,"37.5607168, 127.0784142"
976,"서울특별시 광진구 뚝섬로52길 13, 1층 (자양동)",커피숍,"37.5303492, 127.0788659"
977,"서울특별시 광진구 아차산로 431, 1층 제상가1-106호 (구의동, 강변에스케이뷰)",커피숍,"37.538847, 127.0919729"
978,"서울특별시 광진구 자양로53길 29, 1층 101호 (중곡동, 대성예가)",커피숍,"37.5559072, 127.090805"
979,"서울특별시 광진구 자양로3길 67, 1층 (자양동)",커피숍,"37.5305798, 127.0839974"
980,"서울특별시 광진구 능동로 92, 롯데백화점 지하1층 (자양동)",패스트푸드,"37.538956049999996, 127.07142585170553"
981,"서울특별시 광진구 뚝섬로52라길 39, 1층 (자양동)",커피숍,"37.5291933, 127.0813103"
982,"서울특별시 광진구 군자로 81, 1층 제가호 (군자동)",커피숍,"37.5433395, 127.071636"
983,"서울특별시 광진구 강변역로 2, 광진우체국 1층 (구의동)",편의점,"37.53682595, 127.08991894058181"
984,"서울특별시 광진구 구의로 61, 1층 103호 (구의동)",커피숍,"37.537839, 127.089116"
985,"서울특별시 광진구 능동로 68, 이튼타워리버1차 1층 101호 (자양동)",편의점,"37.5340314, 127.0678046"
986,"서울특별시 광진구 용마산로28길 13, 1층 (중곡동)",편의점,"37.5675845, 127.0879974"
987,"서울특별시 광진구 아차산로 312, 드림타운 1층 (자양동)",패스트푸드,"37.538847, 127.0919729"
988,"서울특별시 광진구 능동로13길 10-9, 1,2층 101,201호 (화양동)",커피숍,"37.54449, 127.0694089"
989,"서울특별시 광진구 영화사로3가길 25, 1층 (중곡동)",편의점,"37.5574343, 127.0935345"
990,"서울특별시 광진구 천호대로109길 9, 리아리움더언타워 1층 (중곡동)",커피숍,"37.557356549999994, 127.08086607967319"
991,"서울특별시 광진구 아차산로57길 28, 1층 (구의동)",커피숍,"37.5398811, 127.0884729"
992,"서울특별시 광진구 광나루로15길 26, 1층 (군자동)",커피숍,"37.5498847, 127.069671"
993,"서울특별시 광진구 광나루로40길 93, 1층 (구의동)",커피숍,"37.5429773, 127.0892067"
994,"서울특별시 광진구 자양로 300, 1층 (구의동)",커피숍,"37.5287142, 127.0883594"
995,"서울특별시 광진구 광나루로 410, KCC파크타운 1층 108호 (화양동)",편의점,"37.54006, 127.09724"
996,"서울특별시 광진구 군자로 40, 1층 1호 (화양동)",편의점,"37.5433395, 127.071636"
997,"서울특별시 광진구 군자로4길 1, 1층 101호 (화양동)",커피숍,"37.5455561, 127.0717577"
998,"서울특별시 광진구 자양로 224, 2층 A01-2호 (구의동)",커피숍,"37.5287142, 127.0883594"
999,"서울특별시 광진구 능동로 216, 어린이대공원 팔각당 (능동)",커피숍,"37.5340314, 127.0678046"
1000,"서울특별시 광진구 아차산로78길 167, 1층 (광장동)",커피숍,"37.5478992, 127.10863"
1001,"서울특별시 광진구 동일로62길 17, 1층 (중곡동)",커피숍,"37.5597843, 127.0751955"
1002,"서울특별시 광진구 용마산로3길 32, 1층 (중곡동)",편의점,"37.55620265, 127.08622145387324"
1003,"서울특별시 광진구 자양번영로6길 68, 1층 (자양동)",편의점,"37.5320101, 127.0774872"
1004,"서울특별시 광진구 아차산로25길 24, 1층 (화양동)",커피숍,"37.5428985, 127.067241"
1005,"서울특별시 광진구 천호대로117길 54, 1층 (중곡동)",편의점,"37.5573615, 127.085378263307"
1006,"서울특별시 광진구 자양로 211, 1층 101호 (구의동, 구의동 홀가하우스)",편의점,"37.5287142, 127.0883594"
1007,"서울특별시 광진구 천호대로134길 31, 1층 (구의동)",커피숍,"37.5481493, 127.0897315"
1008,"서울특별시 광진구 자양번영로 66, space 66 1층 (자양동)",커피숍,"37.529737, 127.0746347"
1009,"서울특별시 광진구 아차산로 301, 1층 (자양동)",커피숍,"37.538847, 127.0919729"
1010,"서울특별시 광진구 아차산로76길 27, 광나루현대아파트 1층 12호 (광장동)",커피숍,"37.5467113, 127.1076358"
1011,"서울특별시 광진구 능동로 76, 광진문화예술회관 및 구의회청사 1층 (자양동)",커피숍,"37.5340314, 127.0678046"
1012,"서울특별시 광진구 동일로60길 40, 영범빌딩 1층 (군자동)",편의점,"37.5578167, 127.0754738"
1013,"서울특별시 광진구 아차산로70길 17-17, 105호 (광장동, 삼성아파트)",편의점,"37.5392797, 127.0983829"
1014,"서울특별시 광진구 긴고랑로15길 15, 1층 (중곡동)",패스트푸드,"37.562648, 127.0833258"
1015,"서울특별시 광진구 능동로53길 40, 1층 (중곡동)",커피숍,"37.5667195, 127.0832043"
1016,"서울특별시 광진구 아차산로30길 26, 104호 (자양동)",편의점,"37.539866, 127.0674768"
1017,"서울특별시 광진구 군자로6길 24, 지하1층 B01호 (화양동)",편의점,"37.5459313, 127.0717523"
1018,"서울특별시 광진구 아차산로60길 9, 다온플러스 1층 (구의동)",편의점,"37.5386202, 127.0929833"
1019,"서울특별시 광진구 면목로 59, 경원타운 1층 101호 (중곡동)",커피숍,"37.5671595, 127.0819519"
1020,"서울특별시 광진구 동일로78길 55, 1층 101호 (중곡동)",편의점,"37.5683942, 127.0809274"
1021,"서울특별시 광진구 자양로3길 34, 1층 (자양동)",커피숍,"37.5305798, 127.0839974"
1022,"서울특별시 광진구 구의강변로 106, 101동 1층 111호 (구의동, 구의동삼성쉐르빌 101동)",커피숍,"37.53552, 127.09211"
1023,"서울특별시 광진구 아차산로51길 82, 101호 (구의동)",커피숍,"37.5406874, 127.0852959"
1024,"서울특별시 광진구 아차산로51길 82, 지층 1호 (구의동)",편의점,"37.5406874, 127.0852959"
1025,"서울특별시 광진구 자양로34길 17-3, 1층 101호 (구의동, 베아누 빌)",커피숍,"37.5457197, 127.087036"
1026,"서울특별시 광진구 뚝섬로52마길 49, 1층 (자양동)",커피숍,"37.5278219, 127.0806375"
1027,"서울특별시 광진구 능동로 352, 미루하우스 1층 (중곡동)",패스트푸드,"37.5340314, 127.0678046"
1028,"서울특별시 광진구 광나루로 545, 비동 4호 (구의동, 래미안파크스위트)",커피숍,"37.54006, 127.09724"
1029,"서울특별시 광진구 광나루로39길 7, 1층 101호 (구의동)",편의점,"37.5456547, 127.0891817"
1030,"서울특별시 광진구 능동로3가길 4, 1층 (자양동)",커피숍,"37.5332034, 127.0654906"
1031,"서울특별시 광진구 뚝섬로44길 56, 1층 (자양동)",커피숍,"37.5307434, 127.0757161"
1032,"서울특별시 광진구 천호대로 549, 1층 (중곡동)",패스트푸드,"37.5534728, 127.0884141"
1033,"서울특별시 광진구 능동로 216, 어린이대공원 1층 (능동)",커피숍,"37.5340314, 127.0678046"
1034,"서울특별시 광진구 광나루로37길 12, 여명교회 1층 (구의동)",커피숍,"37.5457324, 127.088457"
1035,"서울특별시 광진구 뚝섬로 633, 1층 (자양동)",커피숍,"37.53347, 127.0883"
1036,"서울특별시 광진구 군자로 184, 101호 (군자동)",커피숍,"37.5433395, 127.071636"
1037,"서울특별시 광진구 군자로 26, 1층 (화양동)",커피숍,"37.5433395, 127.071636"
1038,"서울특별시 광진구 능동로35길 28-1, 1층 (군자동)",커피숍,"37.5570836, 127.0775605"
1039,"서울특별시 광진구 천호대로112길 68, 101동 101호 (능동, 대명이튼캐슬)",커피숍,"37.5542428, 127.0800908"
1040,"서울특별시 광진구 용마산로 109, 1층 (중곡동)",커피숍,"37.5678699, 127.0861846"
1041,"서울특별시 광진구 천호대로112길 10, 1층 (능동)",커피숍,"37.5542428, 127.0800908"
1042,"서울특별시 광진구 용마산로21길 64, 1층 (중곡동)",커피숍,"37.5620507, 127.0850268"
1043,"서울특별시 광진구 아차산로78가길 52, 101호 (광장동, 에쓰아트빌)",커피숍,"37.5492285, 127.1091767"
1044,"서울특별시 광진구 자양로 310, 101호 (구의동, 동인글로리)",커피숍,"37.5287142, 127.0883594"
1045,"서울특별시 광진구 능동로51길 28, 1층 102호 (중곡동)",커피숍,"37.5661935, 127.0827744"
1046,"서울특별시 광진구 천호대로 549, 1층 101~103호 (중곡동)",커피숍,"37.5534728, 127.0884141"
1047,"서울특별시 광진구 아차산로49길 41-5, 101호 (구의동)",커피숍,"37.53702, 127.0846413"
1048,"서울특별시 광진구 군자로 8, 1층 (화양동)",커피숍,"37.5465314, 127.070199"
1049,"서울특별시 광진구 광나루로24길 14, 1층 (화양동)",편의점,"37.5453422, 127.0791408"
1050,"서울특별시 광진구 천호대로 537, 정익제이타워2차 1층 102(일부),103(일부)호 (중곡동)",커피숍,"37.5534728, 127.0884141"
1051,"서울특별시 광진구 천호대로143길 8-5, 1층 (광장동)",커피숍,"37.5463502, 127.1032694"
1052,"서울특별시 광진구 아차산로30길 36, 서울특별시 동부여성발전센타 1층 100호 (자양동)",커피숍,"37.539866, 127.0674768"
1053,"서울특별시 광진구 능동로 216, 어린이대공원 1층 (능동)",커피숍,"37.5340314, 127.0678046"
1054,"서울특별시 광진구 능동로49길 24, 1층 (중곡동)",커피숍,"37.5646595, 127.082065"
1055,"서울특별시 광진구 천호대로125길 72, 1층 (중곡동)",편의점,"37.5544466, 127.0871449"
1056,"서울특별시 광진구 능동로7길 46, 1층 (자양동)",커피숍,"37.5374705, 127.0668137"
1057,"서울특별시 광진구 광나루로46길 26, 101호 (구의동)",커피숍,"37.5416362, 127.0920427"
1058,"서울특별시 광진구 천호대로127길 74, 지윤맨션 지하1층 01호 (중곡동)",커피숍,"37.5543393, 127.0909009"
1059,"서울특별시 광진구 천호대로143길 34, 1층 (광장동)",커피숍,"37.5463502, 127.1032694"
1060,"서울특별시 광진구 자양로 115, 성동빌딩 101호 (자양동)",커피숍,"37.5287142, 127.0883594"
1061,"서울특별시 광진구 자양로26길 20, 제1동 1층 101호 (구의동)",커피숍,"37.5410325, 127.086969"
1062,"서울특별시 광진구 긴고랑로 80, 1층 (중곡동)",커피숍,"37.56369, 127.0782554"
1063,"서울특별시 광진구 아차산로 292, 모아빌딩 1층 (자양동)",커피숍,"37.538847, 127.0919729"
1064,"서울특별시 광진구 영화사로 77, 1층 103호 (구의동)",커피숍,"37.5525116, 127.0995989"
1065,"서울특별시 광진구 면목로17길 30, 1층 (중곡동)",커피숍,"37.5705455, 127.0819938"
1066,"서울특별시 광진구 능동로 111, 3층 (화양동)",커피숍,"37.5340314, 127.0678046"
1067,"서울특별시 광진구 자양로18길 97-11, 1층 101호 (구의동)",커피숍,"37.5381339, 127.0865345"
1068,"서울특별시 광진구 능동로 216, 어린이대공원 식물원카페테리아 1층 (능동)",편의점,"37.5340314, 127.0678046"
1069,"서울특별시 광진구 긴고랑로44길 6, 무지개하우스 지하1층 (중곡동)",편의점,"37.5591433, 127.0949558"
1070,"서울특별시 광진구 답십리로 398, 1층 (중곡동)",커피숍,"37.5704981, 127.0855613"
1071,"서울특별시 광진구 광나루로56길 29, 현대프라임중앙상가116호 (구의동, 현대프라임아파트)",커피숍,"37.53781, 127.09669"
1072,"서울특별시 광진구 군자로6길 50-5, 101호 (화양동)",커피숍,"37.5459313, 127.0717523"
1073,"서울특별시 광진구 아차산로30길 31, 1층 (자양동)",커피숍,"37.539866, 127.0674768"
1074,"서울특별시 광진구 동일로 304, 광산빌딩 1층 (군자동)",커피숍,"37.5582697, 127.0735117"
1075,"서울특별시 광진구 천호대로111길 9, 1층 (중곡동)",커피숍,"37.55692695, 127.0820015417702"
1076,"서울특별시 광진구 능동로 216, 어린이대공원 구의문복합식당 1층 (능동)",커피숍,"37.5340314, 127.0678046"
1077,"서울특별시 광진구 긴고랑로6길 40, 101호 (중곡동)",커피숍,"37.5627945, 127.0780106"
1078,"서울특별시 광진구 자양로30길 79, 1층 (구의동)",편의점,"37.5431522, 127.0878508"
1079,"서울특별시 광진구 동일로72길 38, 1층 (중곡동)",커피숍,"37.5659826, 127.0791167"
1080,"서울특별시 광진구 능동로 216, 어린이대공원 구의문카페테리아 1층 (능동)",편의점,"37.5340314, 127.0678046"
1081,"서울특별시 광진구 능동로 216, 어린이대공원 식물원복합식당 1층 (능동)",커피숍,"37.5340314, 127.0678046"
1082,"서울특별시 광진구 천호대로 538, 스테이 더 디자이너스 군자 1층 103,104호 (군자동)",커피숍,"37.5534728, 127.0884141"
1083,"서울특별시 광진구 능동로 111, 3층 (화양동)",커피숍,"37.5340314, 127.0678046"
1084,"서울특별시 광진구 뚝섬로35길 9, 한라아파트 상가에이동 105,106호 (자양동)",편의점,"37.5353033, 127.0713147"
1085,"서울특별시 광진구 용마산로5길 78, 1층 (중곡동)",커피숍,"37.5574786, 127.0855843"
1086,"서울특별시 광진구 광나루로14길 8, 지하1층 (화양동)",커피숍,"37.5475771, 127.0687855"
1087,"서울특별시 광진구 광나루로20길 13-10, 1층 (화양동)",편의점,"37.546084, 127.074361"
1088,"서울특별시 광진구 능동로 137, 1층 (화양동)",커피숍,"37.5340314, 127.0678046"
1089,"서울특별시 광진구 뚝섬로32길 16, 1층 (자양동)",커피숍,"37.5346978, 127.067068"
1090,"서울특별시 광진구 긴고랑로36길 42, 1층 (중곡동)",커피숍,"37.5578487, 127.0921098"
1091,"서울특별시 광진구 능동로 183, 3층 (화양동)",커피숍,"37.5340314, 127.0678046"
1092,"서울특별시 광진구 능동로 110, 스타시티영존빌딩 지하1층 b101호 (화양동)",커피숍,"37.5340314, 127.0678046"
1093,"서울특별시 광진구 동일로20길 68, 1층 (자양동)",커피숍,"37.5405118, 127.0668855"
1094,"서울특별시 광진구 능동로 92, 롯데백화점 지하1층 (자양동)",커피숍,"37.538956049999996, 127.07142585170553"
1095,"서울특별시 광진구 자양로 312, 욱현빌딩 1층 1-1호 (구의동)",커피숍,"37.5287142, 127.0883594"
1096,"서울특별시 광진구 광나루로24길 9, 1층 (화양동)",커피숍,"37.5453422, 127.0791408"
1097,"서울특별시 광진구 광나루로 532, 1층 1호 (구의동)",편의점,"37.54006, 127.09724"
1098,"서울특별시 광진구 광나루로39길 11, 2층 211호 (구의동, 구의자이르네)",커피숍,"37.5456547, 127.0891817"
1099,"서울특별시 광진구 아차산로76가길 12, 1층 (광장동)",커피숍,"37.5471189, 127.1071945"
1100,"서울특별시 광진구 아차산로25길 21-20, 1층 101호 (화양동)",커피숍,"37.5428985, 127.067241"
1101,"서울특별시 광진구 동일로 441-1, 1층 (중곡동)",커피숍,"37.5393636, 127.0624104"
1102,"서울특별시 광진구 답십리로78길 35-1, 1층 (중곡동)",커피숍,"37.571021, 127.0819753"
1103,"서울특별시 광진구 자양로13길 16, 2층 (자양동)",커피숍,"37.5329309, 127.0804176"
1104,"서울특별시 광진구 천호대로118길 35, 1층 (능동)",커피숍,"37.5535684, 127.0849882"
1105,"서울특별시 광진구 능동로 266, 광정빌딩 1층 101,102호 (능동)",패스트푸드,"37.5340314, 127.0678046"
1106,"서울특별시 광진구 동일로18길 62, 1층 (자양동)",커피숍,"37.5390686, 127.0661496"
1107,"서울특별시 광진구 능동로 216, 어린이대공원 놀이동산 내 관리동,식음료관 (능동)",패스트푸드,"37.5340314, 127.0678046"
1108,"서울특별시 광진구 군자로 19, 1층 103호 (화양동)",커피숍,"37.5433395, 127.071636"
1109,"서울특별시 광진구 용마산로 55-8, 1층 (중곡동)",커피숍,"37.55879315, 127.08734129942309"
1110,"서울특별시 광진구 자양로 154, 105,106호 (구의동, 솔렌시아)",편의점,"37.5287142, 127.0883594"
1111,"서울특별시 광진구 능동로 110, 스타시티영존빌딩 1층 106호 (화양동)",커피숍,"37.5340314, 127.0678046"
1112,"서울특별시 광진구 아차산로78길 44, 크레스코빌딩 제지하1층 제5호 (광장동)",커피숍,"37.5478992, 127.10863"
1113,"서울특별시 광진구 광나루로 346, 1층 106호 (화양동, 브라운스톤 화양)",커피숍,"37.54006, 127.09724"
1114,"서울특별시 광진구 능동로 320, 1층 102호 (중곡동)",커피숍,"37.55811235, 127.08027018555605"
1115,"서울특별시 광진구 천호대로132길 18, 1층 (구의동)",편의점,"37.5493735, 127.0891317"
1116,"서울특별시 광진구 광나루로 527, 1층 1,2,3,6,7호 (구의동)",커피숍,"37.54006, 127.09724"
1117,"서울특별시 광진구 아차산로55길 11, 테라펠리스 건대 3차 104호 (구의동)",커피숍,"37.5397487, 127.0864326"
1118,"서울특별시 광진구 군자로 142-4, 1층 (군자동)",커피숍,"37.5520772, 127.0713239"
1119,"서울특별시 광진구 동일로24길 94, 1층 (화양동)",편의점,"37.5431081, 127.0682804"
1120,"서울특별시 광진구 자양로13다길 45, 1층 (자양동)",커피숍,"37.533021, 127.0783437"
1121,"서울특별시 광진구 능동로30길 41, 1층 101호 (능동)",커피숍,"37.5536366, 127.078978"
1122,"서울특별시 광진구 능동로 400, 보건복지행정타운 1층 136호 (중곡동)",편의점,"37.5654703, 127.0844996"
1123,"서울특별시 광진구 자양로48길 6, 지하1층 101호 (구의동)",커피숍,"37.5514271, 127.0940096"
1124,"서울특별시 광진구 자양번영로4길 12, 1층 101호 (자양동)",커피숍,"37.5318996, 127.0778268"
1125,"서울특별시 광진구 광나루로30나길 14, 1층 (구의동)",편의점,"37.5431465, 127.0820796"
1126,"서울특별시 광진구 자양번영로4길 42-22, 1층 (자양동)",커피숍,"37.5318996, 127.0778268"
1127,"서울특별시 광진구 아차산로57길 32, 1층 (구의동)",커피숍,"37.5398811, 127.0884729"
1128,"서울특별시 광진구 구의강변로 96, 현대아파트 1층 103호 (구의동)",커피숍,"37.53552, 127.09211"
1129,"서울특별시 광진구 천호대로 662, 어린이대공원 내 식물원복합식당 데크1층 1층 (능동)",패스트푸드,"37.5534728, 127.0884141"
1130,"서울특별시 광진구 동일로22길 117-18, 1~2층 (화양동)",커피숍,"37.5416499, 127.0674994"
1131,"서울특별시 광진구 능동로 324-1, 1층 104호 (중곡동)",커피숍,"37.55854645, 127.08050452031972"
1132,"서울특별시 광진구 천호대로 544, 1층 101호 (군자동)",커피숍,"37.5534728, 127.0884141"
1133,"서울특별시 광진구 능동로37길 9, 평강오피스텔 1층 101호 (중곡동)",커피숍,"37.5583424, 127.0786277"
1134,"서울특별시 광진구 자양번영로1길 15, 1층 (자양동)",커피숍,"37.5308138, 127.0734922"
1135,"서울특별시 광진구 능동로 169, 1층 (화양동)",커피숍,"37.5340314, 127.0678046"
1136,"서울특별시 광진구 뚝섬로54길 41-9, 지하1~1층 (자양동)",커피숍,"37.5297019, 127.08053"
1137,"서울특별시 광진구 광나루로20길 38, 1층 (화양동)",편의점,"37.546084, 127.074361"
1138,"서울특별시 광진구 긴고랑로36길 46, 1층 (중곡동)",커피숍,"37.5578487, 127.0921098"
1139,"서울특별시 광진구 동일로68길 41, 1층 (중곡동)",커피숍,"37.5624817, 127.0773227"
1140,"서울특별시 광진구 능동로 69, 1층 140호 (자양동, 자양 호반써밋)",커피숍,"37.5340314, 127.0678046"
1141,"서울특별시 광진구 아차산로 413-6, 1~2층 (구의동)",커피숍,"37.538847, 127.0919729"
1142,"서울특별시 광진구 능동로 120-1, 건국대학교병원 지하1층 (화양동)",편의점,"37.540619750000005, 127.07231766310619"
1143,"서울특별시 광진구 능동로 119, 1층 (화양동)",커피숍,"37.5340314, 127.0678046"
1144,"서울특별시 광진구 뚝섬로57길 39, 1층 101호 (자양동)",편의점,"37.5331433, 127.0830009"
1145,"서울특별시 광진구 아차산로 205, 1층 101호 (화양동)",패스트푸드,"37.538847, 127.0919729"
1146,"서울특별시 광진구 능동로 92, 롯데백화점 지하1층 (자양동)",커피숍,"37.538956049999996, 127.07142585170553"
1147,"서울특별시 광진구 능동로 69, 1층 104,105(일부)호 (자양동, 자양 호반써밋)",편의점,"37.5340314, 127.0678046"
1148,"서울특별시 광진구 자양로26길 93, 101호 (구의동)",커피숍,"37.5410325, 127.086969"
1149,"서울특별시 광진구 능동로 92, 롯데백화점 3층 F305호 (자양동)",커피숍,"37.538956049999996, 127.07142585170553"
1150,"서울특별시 광진구 용마산로2길 19, 1층 101호 (중곡동, 대성예가)",커피숍,"37.555074, 127.0898437"
1151,"서울특별시 광진구 광나루로44길 13, 1층 101호 (구의동, 동남 아치빌)",커피숍,"37.5414127, 127.0909637"
1152,"서울특별시 광진구 천호대로138길 24, 지층 (구의동)",커피숍,"37.5477679, 127.0922517"
1153,"서울특별시 광진구 면목로 179, A동 103~104호 (중곡동, 가든시티)",커피숍,"37.5671595, 127.0819519"
1154,"서울특별시 광진구 천호대로111길 20, 태양빌딩 1층 (중곡동)",커피숍,"37.5582115, 127.0829527"
1155,"서울특별시 광진구 광나루로 369, 1층 113호 (군자동, 광진두산위브파크)",커피숍,"37.54006, 127.09724"
1156,"서울특별시 광진구 능동로 393, 1층 104호 (중곡동)",커피숍,"37.5340314, 127.0678046"
1157,"서울특별시 광진구 아차산로36길 5, 건국대학교동문회관 1층 (자양동)",커피숍,"37.5378234, 127.0741049"
1158,"서울특별시 광진구 긴고랑로8길 60, 1층 (중곡동)",커피숍,"37.561565, 127.078102"
1159,"서울특별시 광진구 용마산로3길 38, 1층 (중곡동)",커피숍,"37.5561306, 127.08601672295758"
1160,"서울특별시 광진구 능동로19길 35, 지하2층 제비205-13호 (화양동, 광진 코지웰)",패스트푸드,"37.5468693, 127.0727958"
1161,"서울특별시 광진구 자양로5길 19, 1층 (자양동)",커피숍,"37.53124, 127.0843194"
1162,"서울특별시 광진구 자양번영로13길 3, 1층 (자양동)",커피숍,"37.5376636, 127.0758453"
1163,"서울특별시 광진구 능동로 266, 광정빌딩 104호 (능동)",커피숍,"37.5340314, 127.0678046"
1164,"서울특별시 광진구 긴고랑로10길 31, 1층 (중곡동)",편의점,"37.5616345, 127.0797368"
1165,"서울특별시 광진구 천호대로129길 7, 1층 (중곡동)",커피숍,"37.553229, 127.0914259"
1166,"서울특별시 광진구 능동로 172, 빌리브 인테라스 지하1층 b2~b6호 (화양동)",커피숍,"37.5340314, 127.0678046"
1167,"서울특별시 광진구 자양로45길 93, 1층 (중곡동)",편의점,"37.5539045, 127.0904232"
1168,"서울특별시 광진구 광나루로 529, 1층 (구의동)",커피숍,"37.54006, 127.09724"
1169,"서울특별시 광진구 능동로 27, 1층 (자양동)",커피숍,"37.5340314, 127.0678046"
1170,"서울특별시 광진구 동일로26길 52, 2층 (화양동)",커피숍,"37.544978, 127.0678273"
1171,"서울특별시 광진구 천호대로 537, 15층 (중곡동)",커피숍,"37.5534728, 127.0884141"
1172,"서울특별시 광진구 천호대로 500, 2층 (군자동)",커피숍,"37.5589481, 127.0741001"
1173,"서울특별시 광진구 광나루로40길 3, 3층 (구의동)",커피숍,"37.5429773, 127.0892067"
1174,"서울특별시 광진구 면목로13길 13, 1층 (중곡동)",커피숍,"37.5696137, 127.082011"
1175,"서울특별시 광진구 천호대로127길 43, 1층 101호 (중곡동)",커피숍,"37.5543393, 127.0909009"
1176,"서울특별시 광진구 천호대로112길 7, 보원빌딩 1층 (능동)",커피숍,"37.5542428, 127.0800908"
1177,"서울특별시 광진구 아차산로 503, 현대아파트(상가동) 1층 103호 (광장동)",패스트푸드,"37.538847, 127.0919729"
1178,"서울특별시 광진구 뚝섬로 511, 1층 (자양동)",편의점,"37.53453, 127.09191"
1179,"서울특별시 광진구 뚝섬로 620, 1층 (자양동)",커피숍,"37.53347, 127.0883"
1180,"서울특별시 광진구 아차산로31길 20-6, 1층 (화양동)",커피숍,"37.5423219, 127.0698776"
1181,"서울특별시 광진구 자양번영로1길 37, 1층 (자양동)",커피숍,"37.5308138, 127.0734922"
1182,"서울특별시 광진구 능동로 50, 1층 102호 (자양동, 이튼타워리버2차)",커피숍,"37.5340314, 127.0678046"
1183,"서울특별시 광진구 동일로24길 27, 1층 (화양동)",편의점,"37.5431081, 127.0682804"
1184,"서울특별시 광진구 광나루로 458, 지층 B03호 (구의동, e편한세상 광진 그랜드파크)",편의점,"37.54006, 127.09724"
1185,"서울특별시 광진구 자양로32길 85, 지하1층 (구의동)",커피숍,"37.5435719, 127.0890538"
1186,"서울특별시 광진구 자양로43길 138, 1층 (중곡동)",커피숍,"37.5511317, 127.0910025"
1187,"서울특별시 광진구 능동로 280, 1층 (능동)",커피숍,"37.5340314, 127.0678046"
1188,"서울특별시 광진구 능동로 110, 스타시티영존빌딩 4층 (화양동)",커피숍,"37.5340314, 127.0678046"
1189,"서울특별시 광진구 자양로13나길 37, 1층 (자양동)",커피숍,"37.5346348, 127.0801609"
1190,"서울특별시 광진구 동일로18길 11, 우리빌딩 1층 (자양동)",커피숍,"37.5390686, 127.0661496"
1191,"서울특별시 광진구 능동로 18, 1층 109호 (자양동, 이튼타워리버3차)",커피숍,"37.5340314, 127.0678046"
1192,"서울특별시 광진구 자양로 265, 1층 (구의동)",커피숍,"37.5287142, 127.0883594"
1193,"서울특별시 광진구 아차산로55길 11, 테라펠리스 건대 3차 1층 102호 (구의동)",커피숍,"37.5397487, 127.0864326"
1194,"서울특별시 광진구 광나루로39길 11, 1층 123호 (구의동, 구의자이르네)",커피숍,"37.5456547, 127.0891817"
1195,"서울특별시 광진구 자양로18길 53, 1층 (구의동)",커피숍,"37.5381339, 127.0865345"
1196,"서울특별시 광진구 능동로 338-1, 영빌딩 1층 (중곡동)",커피숍,"37.5424924, 127.071777"
1197,"서울특별시 광진구 능동로 400, 보건복지행정타운 108,109,110,111,112,118호 (중곡동)",커피숍,"37.5654703, 127.0844996"
1198,"서울특별시 광진구 자양로28길 23, 주노빌딩 1층 101호 (구의동)",커피숍,"37.541602, 127.0888944"
1199,"서울특별시 광진구 자양로53길 70, 1층 (중곡동)",편의점,"37.5559072, 127.090805"
1200,"서울특별시 광진구 광나루로 379, 1층 제1-26호 (군자동)",커피숍,"37.54006, 127.09724"
1201,"서울특별시 광진구 아차산로51길 86, 1층 (구의동)",편의점,"37.5396332, 127.084892"
1202,"서울특별시 광진구 아차산로51길 68, 1층 101호 (구의동)",커피숍,"37.5396332, 127.084892"
1203,"서울특별시 광진구 뚝섬로52라길 47, 1층 (자양동)",편의점,"37.5291933, 127.0813103"
1204,"서울특별시 광진구 뚝섬로23길 44, 1층 (자양동)",커피숍,"37.5374705, 127.0668137"
1205,"서울특별시 광진구 동일로36길 5, 2층 203호호 (군자동)",커피숍,"37.5509599, 127.0694572"
1206,"서울특별시 광진구 아차산로 636, 1층 (광장동)",커피숍,"37.538847, 127.0919729"
1207,"서울특별시 광진구 광나루로 478, 광진 경제허브센터 도약관 지하1층 (구의동)",커피숍,"37.54006, 127.09724"
1208,"서울특별시 광진구 능동로 69, 1층 131,132호 (자양동, 자양 호반써밋)",커피숍,"37.5340314, 127.0678046"
1209,"서울특별시 광진구 능동로 120-1, 건국대학교병원 지하1층 (화양동)",편의점,"37.540619750000005, 127.07231766310619"
1210,"서울특별시 광진구 광나루로36길 40, 1층 (구의동)",커피숍,"37.5435491, 127.0864008"
1211,"서울특별시 광진구 아차산로 537-17, 1층 10호 (광장동, 광장힐스테이트)",커피숍,"37.538847, 127.0919729"
1212,"서울특별시 광진구 동일로64길 39, 101호 (중곡동, 테라팰리스 중곡Ⅰ)",커피숍,"37.5603228, 127.0768286"
1213,"서울특별시 광진구 영화사로 1, 1층 (중곡동)",커피숍,"37.5546912, 127.0962488"
1214,"서울특별시 광진구 자양로 129, RBW tower 지하1층 (자양동)",커피숍,"37.5287142, 127.0883594"
1215,"서울특별시 광진구 뚝섬로54길 50, 1층 (자양동)",커피숍,"37.5297019, 127.08053"
1216,"서울특별시 광진구 능동로13길 34, 1층 (화양동)",커피숍,"37.54449, 127.0694089"
1217,"서울특별시 광진구 동일로64길 9, 양지마트 1층 (중곡동)",편의점,"37.5608628, 127.075318"
1218,"서울특별시 광진구 자양로 162, 1층 (구의동)",커피숍,"37.5287142, 127.0883594"
1219,"서울특별시 광진구 능동로4길 51, 1층 101(일부)호 (자양동, 대종리버빌)",커피숍,"37.5320251, 127.0701166"
1220,"서울특별시 광진구 능동로 92, 롯데백화점 10층 (자양동)",커피숍,"37.538956049999996, 127.07142585170553"
1221,"서울특별시 광진구 능동로 195-16, 김원관 1층 (군자동)",커피숍,"37.5340314, 127.0678046"
1222,"서울특별시 광진구 아차산로51길 90, 1층 (구의동)",커피숍,"37.5396332, 127.084892"
1223,"서울특별시 광진구 자양로43길 57, 1층 (중곡동)",커피숍,"37.5511317, 127.0910025"
1224,"서울특별시 광진구 자양로3길 6, 1층 (자양동)",커피숍,"37.5305798, 127.0839974"
1225,"서울특별시 광진구 뚝섬로23길 30, 1층 (자양동)",커피숍,"37.5374705, 127.0668137"
1226,"서울특별시 광진구 능동로8길 22, 1층 (자양동)",편의점,"37.5364687, 127.0700048"
1227,"서울특별시 광진구 광나루로 386, 하이뷰오피스텔 1층 103호 (화양동)",커피숍,"37.54006, 127.09724"
1228,"서울특별시 광진구 능동로 216, 어린이대공원 꿈마루 지하1층 (능동)",커피숍,"37.5340314, 127.0678046"
1229,"서울특별시 광진구 광나루로38길 23, 1층 101호 (구의동, 리치빌 벽담)",커피숍,"37.5431522, 127.0878508"
1230,"서울특별시 광진구 광나루로 369, 지하1층 b110-106호 (군자동, 광진두산위브파크)",커피숍,"37.54006, 127.09724"
1231,"서울특별시 광진구 자양번영로2길 34, 1층 (자양동)",편의점,"37.5304365, 127.0784288"
1232,"서울특별시 광진구 광나루로 386, 하이뷰오피스텔 104호 (화양동)",커피숍,"37.54006, 127.09724"
1233,"서울특별시 광진구 면목로 132-1, 1층 (중곡동)",커피숍,"37.5607168, 127.0784142"
1234,"서울특별시 광진구 아차산로62길 8, 태진빌딩 1층 (구의동)",패스트푸드,"37.5391244, 127.0935861"
1235,"서울특별시 광진구 자양로22길 79, 101호 (구의동, 크로마하우스15)",커피숍,"37.5396939, 127.0857016"
1236,"서울특별시 광진구 동일로4길 50-2, 1층 (자양동)",커피숍,"37.5353403, 127.0643111"
1237,"서울특별시 광진구 아차산로51길 69, 원동빌딩 1층 (구의동)",커피숍,"37.5396332, 127.084892"
1238,"서울특별시 광진구 아차산로70길 75, 광장현대아파트 지하1층 01호 (광장동)",편의점,"37.5392797, 127.0983829"
1239,"서울특별시 광진구 영화사로 52, 1층 (중곡동)",편의점,"37.5525116, 127.0995989"
1240,"서울특별시 광진구 아차산로 244, 상가1층 나1호 1/3호 (자양동)",편의점,"37.538368, 127.090389"
1241,"서울특별시 광진구 능동로3다길 1, 1층 (자양동)",커피숍,"37.5332067, 127.0645064"
1242,"서울특별시 광진구 능동로3다길 1, 지하1층 (자양동)",커피숍,"37.5332067, 127.0645064"
1243,"서울특별시 광진구 자양로43길 94, 1층 (중곡동)",커피숍,"37.5550052, 127.0891945"
1244,"서울특별시 광진구 뚝섬로46길 39, 1층 (자양동)",커피숍,"37.5296862, 127.0764756"
1245,"서울특별시 광진구 긴고랑로 59, 1층 (중곡동)",커피숍,"37.56369, 127.0782554"
1246,"서울특별시 광진구 자양로50길 6, 1층 (구의동)",커피숍,"37.552399, 127.0947325"
1247,"서울특별시 광진구 능동로 268, 동산빌딩 1층 101호 (능동)",편의점,"37.5538164, 127.0779179"
1248,"서울특별시 광진구 군자로 104, 1층 (군자동)",커피숍,"37.5433395, 127.071636"
1249,"서울특별시 광진구 뚝섬로 672, 1층 (자양동)",커피숍,"37.53347, 127.0883"
1250,"서울특별시 광진구 동일로12길 24, 대성정밀 1층 (자양동)",커피숍,"37.5393201, 127.0631213"
1251,"서울특별시 광진구 구의강변로 64, 1층 108호 (구의동, 구의아크로리버)",편의점,"37.5360055, 127.09280017241599"
1252,"서울특별시 광진구 자양로 203, 1층 101호 (구의동, 스타파크아파트)",커피숍,"37.5287142, 127.0883594"
1253,"서울특별시 광진구 능동로13길 70, 1층 (화양동)",커피숍,"37.54449, 127.0694089"
1254,"서울특별시 광진구 뚝섬로52마길 49, 1층 (자양동)",커피숍,"37.5278219, 127.0806375"
1255,"서울특별시 광진구 면목로 155, 삼영빌딩 1층 (중곡동)",커피숍,"37.5671595, 127.0819519"
1256,"서울특별시 광진구 아차산로 238, 1층 (자양동)",커피숍,"37.539935, 127.0695705"
1257,"서울특별시 광진구 구의강변로 64, 1층 109호 (구의동, 구의아크로리버)",커피숍,"37.5360055, 127.09280017241599"
1258,"서울특별시 광진구 자양로 35, 1층 (자양동)",커피숍,"37.5287142, 127.0883594"
1259,"서울특별시 광진구 능동로13길 39, 한아름건물 2층 (화양동)",커피숍,"37.543819, 127.0698061"
1260,"서울특별시 광진구 아차산로 621, 1층 (광장동)",커피숍,"37.538847, 127.0919729"
1261,"서울특별시 광진구 동일로62길 13, 1층 (중곡동)",편의점,"37.5598763, 127.0749871"
1262,"서울특별시 광진구 천호대로129길 40, 2층 201호 (구의동)",커피숍,"37.553229, 127.0914259"
1263,"서울특별시 광진구 능동로 76, 광진문화예술회관 및 구의회청사 1층 (자양동)",커피숍,"37.5340314, 127.0678046"
1264,"서울특별시 광진구 아차산로 354, 1층 (자양동)",편의점,"37.538847, 127.0919729"
1265,"서울특별시 광진구 자양로13다길 33, 1층 (자양동)",커피숍,"37.533021, 127.0783437"
1266,"서울특별시 광진구 구의강변로 51, 1층 101호 (구의동, 비바힐스 강변)",커피숍,"37.53552, 127.09211"
1267,"서울특별시 광진구 아차산로75길 39, 1층 101호 (광장동, 제비하우스Ⅱ)",커피숍,"37.546228, 127.1042952"
1268,"서울특별시 광진구 능동로 172, 빌리브 인테라스 1층 107호 (화양동)",커피숍,"37.5340314, 127.0678046"
1269,"서울특별시 광진구 동일로20길 116, 1층 (자양동)",커피숍,"37.5405118, 127.0668855"
1270,"서울특별시 광진구 워커힐로 127, 아차산 공원 생태자료실 (광장동)",편의점,"37.54326, 127.09533"
1271,"서울특별시 광진구 광장로 78, 광성빌딩 1층 (광장동)",커피숍,"37.5473486, 127.1041974"
1272,"서울특별시 광진구 긴고랑로22길 23, 금영빌딩 1층 (중곡동)",편의점,"37.5606438, 127.0842583"
1273,"서울특별시 광진구 능동로 216, 어린이대공원 3층 (능동)",커피숍,"37.5340314, 127.0678046"
1274,"서울특별시 광진구 뚝섬로 657, 1층 (자양동)",편의점,"37.53347, 127.0883"
1275,"서울특별시 광진구 능동로 120, 건국대학교 공학관 1층 1104호 (화양동)",커피숍,"37.54184695, 127.07711486219412"
1276,"서울특별시 광진구 자양로15길 108, 1층 (자양동)",커피숍,"37.5340385, 127.0783474"
1277,"서울특별시 광진구 면목로7길 8, 1층 (중곡동)",커피숍,"37.5598342, 127.0763496"
1278,"서울특별시 광진구 광장로1다길 18, 1층 (광장동)",커피숍,"37.5497895, 127.1023853"
1279,"서울특별시 광진구 능동로49길 18, 1층 (중곡동)",커피숍,"37.5646595, 127.082065"
1280,"서울특별시 광진구 동일로20길 86, 101호 (자양동)",커피숍,"37.5405118, 127.0668855"
1281,"서울특별시 광진구 능동로 400, 보건복지행정타운 1층 130호 (중곡동)",커피숍,"37.5654703, 127.0844996"
1282,"서울특별시 광진구 동일로70길 53-5, 1층 101호 (중곡동, 도담하우스)",커피숍,"37.5639791, 127.0785298"
1283,"서울특별시 광진구 자양로15길 43, 1층 (자양동)",커피숍,"37.5340385, 127.0783474"
1284,"서울특별시 광진구 동일로28길 36, 1층 (화양동)",커피숍,"37.5458699, 127.0700341"
1285,"서울특별시 광진구 능동로32길 50, 1층 (능동)",커피숍,"37.5554482, 127.078579"
1286,"서울특별시 광진구 면목로 18, 1층 101호 (군자동)",커피숍,"37.5671595, 127.0819519"
1287,"서울특별시 광진구 능동로 69, 제1층 제133호 (자양동, 자양 호반써밋)",커피숍,"37.5340314, 127.0678046"
1288,"서울특별시 광진구 능동로 400, 보건복지행정타운 1층 122호 (중곡동)",커피숍,"37.5654703, 127.0844996"
1289,"서울특별시 광진구 뚝섬로54길 41-9, 지하1~지상1층 (자양동)",커피숍,"37.5297019, 127.08053"
1290,"서울특별시 광진구 천호대로 808, 1202동 지하1층 지하106호 (광장동, 광장12차현대홈타운)",커피숍,"37.5534728, 127.0884141"
1291,"서울특별시 광진구 뚝섬로 552, 삼희빌딩 1층 (자양동)",커피숍,"37.53347, 127.0883"
1292,"서울특별시 광진구 능동로 400, 보건복지행정타운 1층 102호 (중곡동)",패스트푸드,"37.5654703, 127.0844996"
1293,"서울특별시 광진구 능동로35길 41, 1층 (군자동)",편의점,"37.5570836, 127.0775605"
1294,"서울특별시 광진구 아차산로57길 4, 풍강빌딩 1층 (구의동)",편의점,"37.5398811, 127.0884729"
1295,"서울특별시 광진구 자양번영로8길 17, 지하1층 B101, B102호 (자양동)",커피숍,"37.5342534, 127.0770155"
1296,"서울특별시 광진구 천호대로 548, 1층 (군자동)",편의점,"37.5534728, 127.0884141"
1297,"서울특별시 광진구 동일로56다길 8-6, 1층 (군자동, 라온빌)",커피숍,"37.5556356, 127.0752443"
1298,"서울특별시 광진구 천호대로111길 40, 1층 (중곡동)",커피숍,"37.5582115, 127.0829527"
1299,"서울특별시 광진구 광나루로 542, 1층 (구의동)",커피숍,"37.54006, 127.09724"
1300,"서울특별시 광진구 아차산로78길 75, 현대골든텔 1층 103호 (광장동)",커피숍,"37.5515555, 127.111145"
1301,"서울특별시 광진구 천호대로 666, 그랜드파크 오피스텔 지하1층 B101호 (구의동)",커피숍,"37.5534728, 127.0884141"
1302,"서울특별시 광진구 자양로13길 99-1, 1층 (자양동)",편의점,"37.5329309, 127.0804176"
1303,"서울특별시 광진구 천호대로120길 15, 1층 101호 (능동)",편의점,"37.5530599, 127.0862871"
1304,"서울특별시 광진구 광나루로56길 63, 프라임프라자 상가동 1층 114호 (구의동)",편의점,"37.53781, 127.09669"
1305,"서울특별시 광진구 아차산로73길 44, 1층 (광장동)",커피숍,"37.5463502, 127.1032694"
1306,"서울특별시 광진구 군자로10길 26, 1층 (군자동)",편의점,"37.5495054, 127.0724805"
1307,"서울특별시 광진구 광나루로17길 10, 1층 (군자동)",편의점,"37.5487957, 127.0727108"
1308,"서울특별시 광진구 능동로 209, 세종대학교 광개토관 15층 (군자동)",커피숍,"37.5510717, 127.0752624"
1309,"서울특별시 광진구 자양로 49, 1층 (자양동)",커피숍,"37.5523553, 127.0926757"
1310,"서울특별시 광진구 능동로 92, 롯데백화점 지하1층 식품관행사장호 (자양동)",커피숍,"37.538956049999996, 127.07142585170553"
1311,"서울특별시 광진구 뚝섬로 642, 1층 일부호 (자양동)",커피숍,"37.53347, 127.0883"
1312,"서울특별시 광진구 광나루로16길 5, 1층 (화양동)",커피숍,"37.546867, 127.0692023"
1313,"서울특별시 광진구 구천면로 14, 광진구민체육센타 2층 (광장동)",편의점,"37.5462597, 127.1085871"
1314,"서울특별시 광진구 용마산로 86, 무니빌딩 1층 (중곡동)",편의점,"37.5678699, 127.0861846"
1315,"서울특별시 광진구 동일로72길 28, 1층 일부호 (중곡동)",커피숍,"37.5659826, 127.0791167"
1316,"서울특별시 광진구 용마산로 113, 도원빌딩 1~2층 (중곡동)",커피숍,"37.5678699, 127.0861846"
1317,"서울특별시 광진구 용마산로 52, 1층 (중곡동)",커피숍,"37.5678699, 127.0861846"
1318,"서울특별시 광진구 아차산로 379, 송산빌딩 1층 일부호 (구의동)",커피숍,"37.538847, 127.0919729"
1319,"서울특별시 광진구 구의로 6, 1층 일부호 (구의동)",커피숍,"37.537839, 127.089116"
1320,"서울특별시 광진구 능동로 216, 어린이대공원 모험나라화장실 1층 우측호 (능동)",편의점,"37.5340314, 127.0678046"
1321,"서울특별시 광진구 천호대로 661, 정성빌딩 1층 (구의동)",패스트푸드,"37.5534728, 127.0884141"
1322,"서울특별시 광진구 능동로50길 9, 1층 (중곡동)",커피숍,"37.5640363, 127.0840627"
1323,"서울특별시 광진구 광나루로 352, 1층 일부호 (화양동)",커피숍,"37.54006, 127.09724"
1324,"서울특별시 광진구 아차산로 471, CS PLAZA 6층 (구의동)",커피숍,"37.538847, 127.0919729"
1325,"서울특별시 광진구 뚝섬로33길 14, 1층 (자양동)",커피숍,"37.5364687, 127.0700048"
1326,"서울특별시 광진구 뚝섬로64길 24, 1층 (자양동)",커피숍,"37.5330439, 127.0888302"
1327,"서울특별시 광진구 군자로 141, 1층 (군자동)",커피숍,"37.5433395, 127.071636"
1328,"서울특별시 광진구 자양로13길 26, 1층 (자양동)",커피숍,"37.5329309, 127.0804176"
1329,"서울특별시 광진구 긴고랑로4길 31, 1층 (중곡동)",커피숍,"37.5628379, 127.0780359"
1330,"서울특별시 광진구 능동로36길 50-1, 1층 (능동)",커피숍,"37.5565026, 127.0790563"
1331,"서울특별시 광진구 동일로 174, 1층 104호 (화양동, 더 메종 건대)",커피숍,"37.5393636, 127.0624104"
1332,"서울특별시 광진구 천호대로101길 28, 나임에이블 1층 (중곡동)",커피숍,"37.5605003, 127.07523"
1333,"서울특별시 광진구 아차산로 552, 상가동 지하1층 006호 (광장동, 광장극동아파트)",커피숍,"37.538847, 127.0919729"
1334,"서울특별시 광진구 자양로3가길 36, 1층 (자양동)",편의점,"37.5293201, 127.0844977"
1335,"서울특별시 광진구 능동로 209, 세종대학교 1층 (군자동)",편의점,"37.5510717, 127.0752624"
1336,"서울특별시 광진구 긴고랑로7길 79, 1층 (중곡동)",커피숍,"37.5668204, 127.0809769"
1337,"서울특별시 광진구 자양로53길 96, 1층 (중곡동)",커피숍,"37.5559072, 127.090805"
1338,"서울특별시 광진구 뚝섬로33길 14, 1층 (자양동)",커피숍,"37.5364687, 127.0700048"
1339,"서울특별시 광진구 자양로18길 44, 1층 (구의동)",커피숍,"37.5381339, 127.0865345"
1340,"서울특별시 광진구 능동로 209, 세종대학교 5층 514호 (군자동)",커피숍,"37.5510717, 127.0752624"
1341,"서울특별시 광진구 강변북로 2180, 뚝섬 3호 매점 1층 (자양동)",편의점,"37.5385782, 127.1008656"
1342,"서울특별시 광진구 능동로42길 25, 1층 1호 (중곡동)",커피숍,"37.5588016, 127.0832811"
1343,"서울특별시 광진구 자양로 314, 1층 101, 102, 103호 (구의동, 프레빌)",편의점,"37.5287142, 127.0883594"
1344,"서울특별시 광진구 능동로 120, 건국대학교 학생회관 1층 (화양동)",커피숍,"37.54184695, 127.07711486219412"
1345,"서울특별시 광진구 천호대로 576, 1층 (능동)",커피숍,"37.5534728, 127.0884141"
1346,"서울특별시 광진구 광나루로 545, 제비동 1층 2호 (구의동, 래미안파크스위트)",커피숍,"37.54006, 127.09724"
1347,"서울특별시 광진구 동일로30길 16, 1층 101호 (화양동)",커피숍,"37.5475933, 127.0685291"
1348,"서울특별시 광진구 아차산로 481, 구의동20020빌딩 1층 (구의동)",커피숍,"37.538847, 127.0919729"
1349,"서울특별시 광진구 자양로50길 22, 1층 (구의동)",커피숍,"37.552399, 127.0947325"
1350,"서울특별시 광진구 긴고랑로 151-1, 1층 (중곡동)",커피숍,"37.56369, 127.0782554"
1351,"서울특별시 광진구 용마산로 114, 경동빌딩 1층 103호 (중곡동)",커피숍,"37.5678699, 127.0861846"
1352,"서울특별시 광진구 아차산로70길 26, 1층 101호 (광장동, 광희현대타워)",편의점,"37.5392797, 127.0983829"
1353,"서울특별시 광진구 구의강변로 22, 아원빌딩 1층 (구의동)",편의점,"37.53552, 127.09211"
1354,"서울특별시 광진구 능동로48길 77, 1층 101호 (중곡동)",커피숍,"37.5618735, 127.0858074"
1355,"서울특별시 광진구 뚝섬로26길 61, 1층 (자양동)",편의점,"37.5344883, 127.0661053"
1356,"서울특별시 광진구 자양로50가길 45, 1층 (구의동)",편의점,"37.5529944, 127.0939208"
1357,"서울특별시 광진구 동일로4길 2, 1층 (자양동)",커피숍,"37.5353403, 127.0643111"
1358,"서울특별시 광진구 천호대로102길 9, 1층 (군자동)",커피숍,"37.55781555, 127.07403095415842"
1359,"서울특별시 광진구 광장로5길 23, 1층 (광장동)",커피숍,"37.5485964, 127.1048619"
1360,"서울특별시 광진구 광나루로24길 15, 1층 (화양동)",커피숍,"37.5453422, 127.0791408"
1361,"서울특별시 광진구 자양로 85, 혜민병원 1층 (자양동)",커피숍,"37.5287142, 127.0883594"
1362,"서울특별시 광진구 구의로 70, 1층 (구의동)",커피숍,"37.537839, 127.089116"
1363,"서울특별시 광진구 아차산로39길 38-1, 1층 (자양동)",커피숍,"37.5381412, 127.0788822"
1364,"서울특별시 광진구 능동로32길 72, 1층 (능동)",커피숍,"37.5554482, 127.078579"
1365,"서울특별시 광진구 능동로41길 6, 1층 (중곡동)",커피숍,"37.5601452, 127.0795855"
1366,"서울특별시 광진구 천호대로132길 18, 1층 (구의동)",편의점,"37.5493735, 127.0891317"
