학원명,주소,Latitude,Longitude,정원합계,일시수용능력인원합계
예림서예학원,서울특별시 강남구 선릉로 328,37.4990597,127.0519305,10,80
와이비엠어학원,서울특별시 강남구 강남대로 408,37.4992228,127.0275751,11056,1655
신세계음악학원,서울특별시 강남구 삼성로 212,37.4974176,127.0653272,160,80
압구정뮤직아카데미학원,서울특별시 강남구 언주로172길 12,37.527635,127.0346697,115,61
심포니음악학원,서울특별시 강남구 학동로 513,37.5199166,127.0538683,28,4
아름드리음악학원,서울특별시 강남구 강남대로120길 42,37.5076934,127.0267382,160,120
대치스카이독서실,서울특별시 강남구 도곡로 504,37.4988116,127.0616425,50,105
신라보석공예학원,서울특별시 강남구 남부순환로 2921,37.4936059,127.0597001,60,60
아르떼음악학원,서울특별시 강남구 논현로67길 61,37.4927513,127.0349633,55,36
남서울알리앙스프랑세즈어학원,서울특별시 강남구 강남대로94길 27-15,37.5006646,127.0291099,823,112
전선진실용음악학원,서울특별시 강남구 삼성로71길 45,37.5011477,127.0553135,120,61
김이채학원,서울특별시 강남구 남부순환로395길 9,37.4941777,127.0609483,12,172
동현음악학원,서울특별시 강남구 언주로146길 18,37.5193536,127.0365755,35,72
대치1관정상어학원,서울특별시 강남구 영동대로 227,37.4994104,127.067582,133,380
현대피아노조율기술학원,서울특별시 강남구 강남대로152길 23,37.5177075,127.0212312,15,120
하이든음악학원,서울특별시 강남구 남부순환로363길 49,37.4881978,127.0371153,100,36
사랑음악학원,서울특별시 강남구 언주로 117,37.4854423,127.0494737,170,69
진화수학학원,서울특별시 강남구 삼성로58길 39,37.4994486,127.0642747,165,75
제일정보처리학원,서울특별시 강남구 삼성로 38,37.4886736,127.0668063,307,97
디와이비최선어학원,서울특별시 강남구 남부순환로 2917,37.4931481,127.0590766,144,796
상지보습학원,서울특별시 강남구 영동대로128길 15,37.5192819,127.0608234,64,234
비엠아이(BMI-Butterfly Math Institute)수학학원,서울특별시 강남구 남부순환로 2936,37.4933573,127.0619092,60,105
청담수도컴퓨터학원,서울특별시 강남구 도산대로 503,37.5246327,127.0479644,540,30
청송독서실,서울특별시 강남구 양재대로55길 15,37.4918891,127.0874845,50,75
에스모드서울패션디자인학원,서울특별시 강남구 압구정로 106,37.522683,127.0203605,350,711
문예원웅변학원,서울특별시 강남구 도곡로 509,37.4995866,127.0620542,10,696
대영이피아이(EPI)학원,서울특별시 강남구 영동대로112길 51,37.5158631,127.0645113,168,168
대치휘튼학원,서울특별시 강남구 삼성로64길 45,37.5009632,127.0639676,11,210
엔프렙학원,서울특별시 강남구 압구정로 108,37.5229191,127.0205789,36,309
해법수학해법영어학원,서울특별시 강남구 개포로22길 84,37.4747924,127.0523316,82,55
21세기수학보습학원,서울특별시 강남구 학동로42길 73,37.5109958,127.037768,24,220
지엘에스굿모닝영어영문학박사학원,서울특별시 강남구 선릉로 344,37.5005034,127.0512048,150,81
토탈에듀예일보습학원,서울특별시 강남구 영동대로57길 28,37.4998959,127.0652973,25,240
스터디플래닛대치2센터독서실,서울특별시 강남구 삼성로58길 29,37.4992421,127.0635885,112,111
수서정상어학원,서울특별시 강남구 밤고개로 219,37.4747226,127.1070295,204,232
논현탑클래스학원,서울특별시 강남구 학동로6길 51,37.5093446,127.0266642,20,240
라도라음악학원,서울특별시 강남구 영동대로57길 28,37.4998959,127.0652973,58,48
양인석스피치칼리지학원,서울특별시 강남구 선릉로6길 19,37.4833391,127.0624277,15,180
정철어학원,서울특별시 강남구 강남대로 456,37.5031806,127.0256302,394,231
이씨씨대치어학학원,서울특별시 강남구 역삼로 442,37.5018274,127.0554252,120,287
역삼시사일본어학원,서울특별시 강남구 테헤란로4길 28,37.4965132,127.0300705,1275,351
청담미술학원,서울특별시 강남구 선릉로 712,37.5184763,127.0410422,30,67
도화선한국화미술학원,서울특별시 강남구 선릉로86길 6-3,37.5029364,127.0505584,60,67
유형액세서리학원,서울특별시 강남구 논현로175길 11,37.5259382,127.0275871,90,66
제이씨앤씨정원미술학원,서울특별시 강남구 도산대로25길 37,37.5219551,127.0261133,20,52
창조음악학원,서울특별시 강남구 개포로22길 49,37.4761963,127.0501748,45,66
강남라이즈어학원,서울특별시 강남구 도곡로37길 5,37.4941563,127.0446536,308,240
강남에스엘피어학학원,서울특별시 강남구 개포로 626,37.4940137,127.0813904,40,277
한빛변리사학원,서울특별시 강남구 논현로95길 29-14,37.5011312,127.0339046,3260,960
수학전문강남수학원,서울특별시 강남구 일원로5길 51,37.4922506,127.0843017,58,71
대은제이에스에이과학전문보습학원,서울특별시 강남구 선릉로 42,37.4833383,127.0601198,75,60
G1(지원)미술학원,서울특별시 강남구 역삼로 315,37.5005462,127.0503306,320,211
강남대성학원,서울특별시 강남구 테헤란로4길 39,37.4958912,127.0310161,2648,1679
대치나인에듀학원,서울특별시 강남구 삼성로 221,37.4967029,127.061731,750,124
지혜의숲사고력보습학원,서울특별시 강남구 삼성로76길 14,37.5040153,127.0595037,36,124
에스피이피(SPEP)어학원,서울특별시 강남구 언주로 861,37.5274105,127.0330945,160,210
가온미술학원,서울특별시 강남구 선릉로86길 10,37.5030598,127.0506839,960,79
베를린입시음악학원,서울특별시 강남구 도곡로 184,37.4916885,127.0397809,120,61
제이에스에치과학보습학원,서울특별시 강남구 도곡로 504,37.4988116,127.0616425,115,280
하우스터디대치독서실,서울특별시 강남구 삼성로51길 25,37.4957694,127.0603513,126,130
미라클음악학원,서울특별시 강남구 개포로25길 6,37.4793292,127.0485448,160,69
엠씨티수학학원,서울특별시 강남구 삼성로 155,37.4938284,127.062941,80,146
유영분장학원,서울특별시 강남구 논현로140길 10,37.5169411,127.030342,162,65
영공방학원,서울특별시 강남구 광평로31길 27,37.4848958,127.0906778,80,240
케이엠유학원,서울특별시 강남구 논현로153길 21,37.5208966,127.0263217,20,63
슈퍼멘토학원,서울특별시 강남구 일원로 41,37.4902056,127.081408,170,78
미탐인학원,서울특별시 강남구 도곡로 454,37.498302,127.0600906,263,211
웹타임컴퓨터학원,서울특별시 강남구 테헤란로78길 16,37.505202,127.0553917,2640,233
스터디엔카페삼우독서실,서울특별시 강남구 광평로31길 27,37.4848958,127.0906778,66,66
해법수학교실대치학원,서울특별시 강남구 도곡로 447,37.4987688,127.0593926,96,318
정인보습학원,서울특별시 강남구 일원로 95,37.4857439,127.0835108,135,113
수서엘리트독서실,서울특별시 강남구 광평로 61,37.4828458,127.0793538,101,98
삼성탑독서실,서울특별시 강남구 삼성로115길 45,37.513846,127.0485817,154,112
하우스터디대청센터독서실,서울특별시 강남구 개포로109길 34,37.4942156,127.077617,170,170
생각하는수학학원,서울특별시 강남구 삼성로64길 51,37.5011262,127.0644719,63,218
수학과표현학원,서울특별시 강남구 삼성로 38,37.4886736,127.0668063,45,138
대치페르마정석학원,서울특별시 강남구 삼성로57길 39,37.4971795,127.0580656,30,102
엘리트어학학원,서울특별시 강남구 논현로168길 36,37.5232127,127.0309526,144,165
피아노블러바드뮤직스쿨(Piano Boulevard Music School)음악학원,서울특별시 강남구 압구정로 112,37.523197,127.0210702,20,72
최강보습학원,서울특별시 강남구 압구정로29길 72-1,37.5322852,127.0283977,40,438
란이화무용학원,서울특별시 강남구 압구정로34길 14,37.5272356,127.0305764,50,60
솔로몬사고력영어학원,서울특별시 강남구 광평로10길 15,37.482024,127.0821324,80,228
삼화학원,서울특별시 강남구 도산대로6길 8,37.5161307,127.0214259,10,50
두각세림관학원,서울특별시 강남구 도곡로 422,37.4972615,127.0567378,1080,88
스카이학원,서울특별시 강남구 선릉로 664,37.5158959,127.0422861,42,225
예당독서실,서울특별시 강남구 선릉로 664,37.5158959,127.0422861,791,113
상아학원,서울특별시 강남구 도곡로 440,37.4978753,127.058633,214,105
한국스카이학원,서울특별시 강남구 도곡로63길 12,37.4978196,127.0546022,110,218
피에스에이개포어학학원,서울특별시 강남구 개포로 408,37.4858037,127.0634758,100,801
청운보습학원,서울특별시 강남구 언주로167길 33-4,37.5260366,127.0302465,24,73
노리안강남수서학원,서울특별시 강남구 밤고개로1길 22,37.4885197,127.1027011,50,50
마음의눈미술학원,서울특별시 강남구 논현로157길 10,37.5225079,127.0272629,30,30
시리우스수학학원,서울특별시 강남구 역삼로 536,37.5037491,127.0617296,1405,115
미래탐구학원,서울특별시 강남구 삼성로57길 31,37.4973219,127.0585426,1240,359
생각비타민국어학원,서울특별시 강남구 삼성로 313,37.4998263,127.0600673,70,240
시사중국어학원,서울특별시 강남구 테헤란로4길 28,37.4965132,127.0300705,900,267
씨앤에이논술학원,서울특별시 강남구 도곡로 450,37.4981124,127.0597594,340,118
수학전문로커스학원,서울특별시 강남구 개포로82길 7,37.4887765,127.0673245,45,90
정진수학학원,서울특별시 강남구 도곡로78길 22,37.4963866,127.058402,33,121
양향자푸드앤코디아카데미학원,서울특별시 강남구 논현로57길 24,37.4912893,127.0391253,393,83
영독대치학원,서울특별시 강남구 남부순환로 2942,37.4935818,127.0623994,340,205
설리번스쿨어학원,서울특별시 강남구 도산대로17길 21,37.5200501,127.0243309,89,130
명석학원,서울특별시 강남구 도곡로 447,37.4987688,127.0593926,140,200
프리미어학원,서울특별시 강남구 남부순환로 2935,37.4940247,127.0613442,156,218
조엘통찰수학학원,서울특별시 강남구 도곡로 438,37.4978146,127.0584142,30,168
청담해법수학학원,서울특별시 강남구 학동로 419,37.5183507,127.0459641,140,279
시대인재56학원,서울특별시 강남구 삼성로 231,37.4978277,127.0610138,10530,104
다원매쓰아이(Math i)학원,서울특별시 강남구 삼성로 227,37.4974041,127.0612407,500,150
루미가넷네일아카데미학원,서울특별시 강남구 역삼로 432,37.5014387,127.0543304,75,90
우리사진학원,서울특별시 강남구 논현로175길 46,37.5249299,127.0250144,9,38
에이원아카데미보습학원,서울특별시 강남구 논현로175길 109,37.5223434,127.0206231,84,180
대치필학원,서울특별시 강남구 삼성로 150,37.4933928,127.0673501,140,150
아이디(ID)솔루션(Solution)학원,서울특별시 강남구 삼성로71길 16,37.5021692,127.0575619,3200,89
렉스김어학원,서울특별시 강남구 도곡로 519,37.5000709,127.0629888,60,229
대치에스디엘(SDL)학원,서울특별시 강남구 선릉로 328,37.4990597,127.0519305,58,75
현대에이플러스보습학원,서울특별시 강남구 삼성로115길 46,37.5140146,127.0483999,22,224
생각이크는학원,서울특별시 강남구 언주로 110,37.4845146,127.054174,60,90
필즈보습학원,서울특별시 강남구 압구정로18길 7,37.5244294,127.0245945,12,172
대치수재보습학원,서울특별시 강남구 도곡로77길 14,37.4992943,127.0585913,20,162
이비보습학원,서울특별시 강남구 압구정로 122,37.5236605,127.0220714,45,144
수서신동아독서실,서울특별시 강남구 광평로47길 17,37.4870722,127.0984431,128,128
인사이트수학원,서울특별시 강남구 도곡로 515,37.4998352,127.0626495,175,216
서울현대음악학원,서울특별시 강남구 압구정로54길 14,37.5270122,127.0393337,325,43
이엠보습학원,서울특별시 강남구 압구정로29길 67,37.5319894,127.0269384,8,111
반석음악학원,서울특별시 강남구 개포로 249,37.4792252,127.0496679,150,48
아게하일본어통역학원,서울특별시 강남구 논현로161길 13,37.523335,127.0270202,10,60
슈파스학원,서울특별시 강남구 삼성로 307,37.4994104,127.0602933,144,0
한솔건축토목학원,서울특별시 강남구 강남대로42길 13,37.4855463,127.0351487,610,208
대치상아보습학원,서울특별시 강남구 도곡로78길 9,37.4975137,127.0593835,14,180
대치청담어학학원,서울특별시 강남구 도곡로 456,37.4982956,127.0603287,158,171
원탑보습학원,서울특별시 강남구 남부순환로 2936,37.4933573,127.0619092,226,119
에스지이강남삼성학원,서울특별시 강남구 선릉로64길 14,37.497798,127.0534412,1355,332
삼성경기보습학원,서울특별시 강남구 봉은사로63길 12,37.5121776,127.0471373,15,70
씨이에스학원,서울특별시 강남구 선릉로16길 6,37.4838237,127.0601066,45,273
한국역학대학철학학원,서울특별시 강남구 학동로1길 14,37.5123641,127.0218017,40,40
강남하이퍼학원,서울특별시 강남구 강남대로92길 35,37.4995579,127.0303052,41066,205
강남삼육외국어학원,서울특별시 강남구 학동로47길 15,37.5176824,127.0384332,256,195
현대음악학원,서울특별시 강남구 압구정로29길 68,37.5319756,127.0285632,225,70
대림우등생학원,서울특별시 강남구 강남대로122길 26,37.508223,127.025171,63,255
일원열린학원,서울특별시 강남구 일원로3길 54,37.4924024,127.0842333,40,192
지엠피(GMP)학원,서울특별시 강남구 도곡로 434,37.4976364,127.0579549,10530,68
리더스영어교습소,서울특별시 강남구 일원로3길 34,37.4919468,127.0831146,12,7
윤선생아이지에스이(IGSE)아카데미도곡학원,서울특별시 강남구 남부순환로363길 15,37.4862718,127.0377353,135,192
역삼실용음악학원,서울특별시 강남구 언주로 301,37.4944191,127.0462542,100,120
시대인재87학원,서울특별시 강남구 삼성로57길 22,37.4978398,127.0592568,10530,74
맥사이언스과학교습소,서울특별시 강남구 개포로 512,37.4892714,127.0688177,21,7
에이미술교습소,서울특별시 강남구 개포로82길 13-11,37.4887258,127.0681319,16,9
수학세상학원,서울특별시 강남구 논현로175길 59-6,37.5239546,127.0242293,84,70
독수리수학전문학원,서울특별시 강남구 삼성로 225,37.4971742,127.0613516,30,54
카이스트과학사랑교습소,서울특별시 강남구 압구정로18길 7,37.5244294,127.0245945,3,3
다솔학원,서울특별시 강남구 삼성로 329,37.5010216,127.0594045,704,93
강남중국어학원,서울특별시 강남구 테헤란로5길 18,37.500001,127.0292231,7884,178
홍익화실미술교습소,서울특별시 강남구 개포로 512,37.4892714,127.0688177,18,9
탑브레인학원,서울특별시 서초구 강남대로 627,37.5176791,127.0186716,32,95
모티브학원,서울특별시 강남구 삼성로 343,37.5021222,127.0587731,48,165
컨셉피아카데미미용학원,서울특별시 강남구 압구정로18길 14,37.5239605,127.0245343,134,61
아트테크디자인학원,서울특별시 강남구 봉은사로4길 1 (),37.5046046,127.0261673,40,20
오르앤수학보습학원,서울특별시 강남구 남부순환로 2921,37.4936059,127.0597001,80,73
매쓰무적학원,서울특별시 강남구 남부순환로 2912,37.4908388,127.0572409,91,40
애플트리압구정어학학원,서울특별시 강남구 압구정로 206,37.5273244,127.0295867,64,307
프라우드세븐학원,서울특별시 강남구 삼성로51길 8,37.4968411,127.0610624,48,110
부동산경공매교육학원,서울특별시 강남구 선릉로 531,37.5066027,127.0466564,10,150
토마토피아노교습소,서울특별시 강남구 삼성로115길 37,37.5140229,127.0491662,12,4
로고스논술구술학원,서울특별시 강남구 삼성로 238,37.4986375,127.0614624,114,114
아카데미라운지도곡독서실,서울특별시 강남구 도곡로 174,37.4913335,127.0384772,80,91
시그마베스트학원,서울특별시 강남구 도곡로 184,37.4916885,127.0397809,57,76
한국비만토탈뷰티학원,서울특별시 강남구 개포로 516,37.4888759,127.0716679,60,60
입체조형미술학원,서울특별시 강남구 선릉로82길 7,37.5026506,127.0507057,4425,150
대치2관정상어학원,서울특별시 강남구 영동대로 229,37.4995718,127.0674703,1155,249
강남하이클래스보습학원,서울특별시 강남구 언주로 118,37.4865165,127.0518831,4,198
원인과결과학원,서울특별시 강남구 삼성로 317,37.5002043,127.0598326,100,79
이-스페셜리스트영어학원,서울특별시 강남구 도곡로 521,37.5000321,127.0632277,16,114
압구정파인만초등관학원,서울특별시 강남구 압구정로32길 11,37.5269161,127.0302159,459,511
이앤이학원,서울특별시 강남구 강남대로120길 46,37.5077473,127.0269038,96,71
도민서당한문교습소,서울특별시 강남구 개포로22길 90,37.4750114,127.0527234,27,9
펜토매쓰피엘수학학원,서울특별시 강남구 선릉로 227,37.4958321,127.0527291,48,68
아이비영어교습소,서울특별시 강남구 개포로110길 15,37.4922926,127.0783273,15,6
청출어람학원,서울특별시 강남구 선릉로62길 29,37.4979282,127.054936,92,77
대찬V학원,서울특별시 강남구 도곡로 432,37.4975707,127.0577513,13120,110
브이에스(VS)비상학원,서울특별시 강남구 남부순환로 2936,37.4933573,127.0619092,190,75
압구정국어논술전문학원,서울특별시 강남구 논현로164길 6,37.5236143,127.0288819,85,127
아이러브뮤직음악학원,서울특별시 강남구 도산대로 510,37.5239761,127.0488778,30,105
지혜의샘학원,서울특별시 강남구 도곡로77길 26,37.4999822,127.058129,100,104
김정해프랑스어교습소,서울특별시 강남구 도곡로 423,37.497826,127.0567677,4,4
대치원(元)수학학원,서울특별시 강남구 도곡로78길 7,37.4976259,127.0593292,225,75
앞서가는수학교습소,서울특별시 강남구 삼성로67길 47,37.5000401,127.05582,32,3
현대피아노교습소,서울특별시 강남구 학동로63길 11,37.5187478,127.0447799,8,4
이현우고도수학학원,서울특별시 강남구 남부순환로365길 36,37.4876018,127.0398772,70,153
청시지아카데미학원,서울특별시 강남구 강남대로152길 23,37.5177075,127.0212312,90,48
에이플러스피아노교습소,서울특별시 강남구 압구정로18길 17,37.5239097,127.0249117,10,5
김지수연기아카데미학원,서울특별시 강남구 논현로168길 32,37.52332,127.0306953,60,84
리온플러스미술학원,서울특별시 강남구 선릉로86길 15,37.503546,127.0508294,210,54
(주)산에듀김영준국어논술전문학원,서울특별시 강남구 도곡로 409,37.4973819,127.0551699,1560,159
일비수학학원,서울특별시 강남구 삼성로 225,37.4971742,127.0613516,5,126
맨하탄어학원,서울특별시 강남구 강남대로94길 11,37.4995341,127.0282641,10,44
사이리즘아카데미미용학원,서울특별시 강남구 테헤란로77길 11-10,37.5070791,127.0536192,45,60
아이러브음악교습소,서울특별시 강남구 학동로101길 26,37.5223046,127.0577361,20,4
민교수수학교습소,서울특별시 강남구 선릉로 225,37.4953404,127.0526522,9,2
에이루트아카데미학원,서울특별시 강남구 언주로133길 29,37.5158458,127.0328519,4,101
원헌드레드클래식스(100CLASSICS)어학원,서울특별시 강남구 언주로 861,37.5274105,127.0330945,726,247
강남고도미술학원,서울특별시 강남구 강남대로 240,37.4853089,127.0344036,520,247
에스에이(SA)쎈학원,서울특별시 강남구 영동대로112길 5,37.5151738,127.0606537,71,78
이해법수학교습소,서울특별시 강남구 광평로10길 15,37.482024,127.0821324,36,4
이아이이(EIE)매쓰캔학원,서울특별시 강남구 개포로22길 94,37.475177,127.0529859,40,82
체험수학학원,서울특별시 강남구 선릉로72길 20,37.500342,127.0528515,31,142
펠리스스페인어학원,서울특별시 강남구 테헤란로1길 10,37.4989555,127.0282257,780,277
파라오프리미엄미술학원,서울특별시 강남구 선릉로 408,37.5014247,127.050749,170,150
와이즈만압구정학원,서울특별시 강남구 압구정로34길 11,37.5273895,127.030957,137,192
미래탐구별관2학원,서울특별시 강남구 도곡로63길 13,37.4978091,127.0540217,2300,240
티움미술학원,서울특별시 강남구 선릉로86길 12,37.5031278,127.0508928,280,66
월스트리트잉글리쉬삼성센터어학원,서울특별시 강남구 테헤란로 513,37.5080341,127.0588956,960,1680
조아사진학원,서울특별시 강남구 남부순환로361길 9,37.485629,127.0370664,74,73
대치미탐초등영재학원,서울특별시 강남구 삼성로 308,37.4997202,127.0608292,670,123
맑은샘학원,서울특별시 강남구 개포로22길 74,37.4747462,127.0514318,65,73
개념상상압구정관학원,서울특별시 강남구 압구정로30길 17,37.5263249,127.0295435,1666,167
박승철뷰티아카데미학원,서울특별시 강남구 언주로 869,37.5281908,127.0332462,60,119
에스이레아카데미원격학원,서울특별시 강남구 테헤란로86길 15,37.5064486,127.0595016,205,112
신하연영어교습소,서울특별시 강남구 선릉로68길 12,37.4990337,127.0528074,14,2
압구정파인만중3관학원,서울특별시 강남구 언주로167길 37,37.5263835,127.0300741,459,232
압구정파인만중2관학원,서울특별시 강남구 언주로167길 37,37.5263835,127.0300741,459,165
피아이어학원,서울특별시 강남구 도곡로 319,37.4958652,127.0508552,188,216
블루숲미술교습소,서울특별시 강남구 압구정로18길 14,37.5239605,127.0245343,12,9
리온미술학원,서울특별시 강남구 선릉로86길 15,37.503546,127.0508294,210,100
새움6관학원,서울특별시 강남구 삼성로 301,37.499102,127.0604069,5200,103
대치소마학원,서울특별시 강남구 삼성로 314,37.5000352,127.0606496,64,88
배선생학원,서울특별시 강남구 삼성로63길 6,37.5001238,127.0596183,159,92
엘리제피아노교습소,서울특별시 강남구 남부순환로363길 15,37.4862718,127.0377353,30,4
제2한빛변리사학원,서울특별시 강남구 논현로95길 29-8,37.5014469,127.0338649,2520,360
시카고아트미술교습소,서울특별시 강남구 언주로 110,37.4845146,127.054174,6,6
알아이에스키즈어학원(Ris Kids Academy),서울특별시 강남구 도곡로 157,37.4914833,127.0370101,52,180
이보영의토킹클럽강남삼성분원학원,서울특별시 강남구 봉은사로67길 30,37.513696,127.0480768,81,63
게임그래픽학원,서울특별시 강남구 학동로4길 15,37.5105327,127.0235227,210,89
국제방송아카데미학원,서울특별시 강남구 봉은사로 640?,37.5148487,127.0653386,30,95
투맨미술학원,서울특별시 강남구 선릉로86길 44-3,37.5038864,127.0535636,210,48
엠아이어학원,서울특별시 강남구 선릉로 305,37.4966422,127.0524101,16,215
엔에프에이(NFA)학원,서울특별시 강남구 영동대로50길 10,37.4985403,127.0699374,1032,145
은하수미술교습소,서울특별시 강남구 역삼로 306,37.4985708,127.0464187,28,7
세계로학원,서울특별시 강남구 도곡로 430,37.4975062,127.0575512,16,140
개념상상학원,서울특별시 강남구 도곡로 418,37.4970089,127.0562594,5100,287
우리들판미술학원,서울특별시 강남구 영동대로 219,37.4983564,127.0682936,24,53
케이엔에스(KNS)영어학원,서울특별시 강남구 삼성로 238,37.4986375,127.0614624,635,185
참소리피아노교습소,서울특별시 강남구 언주로 110,37.4845146,127.054174,3,3
윤선생영어교습소,서울특별시 강남구 역삼로70길 28,37.4996713,127.054138,8,4
백상국어학원,서울특별시 강남구 삼성로 348,37.5026803,127.0591664,18,166
디자인센트럴학원,서울특별시 강남구 논현로79길 56,37.4963739,127.0344595,36,71
비스컴디자인학원,서울특별시 강남구 압구정로4길 27-3,37.5215457,127.0207197,10,12
가야건축인테리어학원,서울특별시 강남구 테헤란로1길 28-13,37.500626,127.0284869,210,69
천개의고원중3고등관학원,서울특별시 강남구 삼성로 307,37.4994104,127.0602933,132,168
수앤수수학학원,서울특별시 강남구 삼성로67길 22,37.5008433,127.057656,36,112
만지학원,서울특별시 강남구 삼성로 348,37.5026803,127.0591664,60,36
케이엔에스에듀초중등1관어학원,서울특별시 강남구 도곡로 517,37.4998422,127.0629444,745,201
대치해냄학원,서울특별시 강남구 삼성로71길 12,37.5022678,127.0578621,30,84
김태호과학학원,서울특별시 강남구 도곡로77길 7,37.4988033,127.0583171,320,288
대치베스트다빈치2관학원,서울특별시 강남구 역삼로64길 20,37.4997609,127.0531188,90,156
대치1:1영수학원,서울특별시 강남구 역삼로64길 11,37.5003384,127.0531944,120,73
선경어학원,서울특별시 강남구 남부순환로 2936,37.4933573,127.0619092,1350,375
새밝보습학원,서울특별시 강남구 역삼로 458,37.5024983,127.0574222,20,100
패러곤보습학원,서울특별시 강남구 남부순환로 3032,37.4919843,127.058717,8,48
글로벌퍼스트학원,서울특별시 강남구 삼성로57길 19,37.4976226,127.0595092,106,80
더발레아카데미발레학원,서울특별시 강남구 논현로 838,37.5234564,127.0286181,45,30
디비니티에듀보습학원,서울특별시 강남구 언주로 118,37.4865165,127.0518831,80,108
강남백합음악학원,서울특별시 강남구 개포로109길 5,37.4941844,127.0752156,110,81
일원이해법수학교습소,서울특별시 강남구 광평로10길 50,37.4805122,127.082524,14,2
아트정글미술학원,서울특별시 강남구 선릉로132길 41,37.5186619,127.0445609,4,80
원인학원,서울특별시 강남구 선릉로 310,37.4972908,127.0527881,396,103
예지인미술교습소,서울특별시 강남구 압구정로 108,37.5229191,127.0205789,27,9
예손피아노교습소,서울특별시 강남구 영동대로 210,37.4980827,127.0712194,7,2
엠큐수학교습소,서울특별시 강남구 압구정로 110,37.5229663,127.0209482,6,2
맑은소리피아노교습소,서울특별시 강남구 강남대로66길 32,37.4922802,127.0334257,20,4
공감입시학원,서울특별시 강남구 삼성로 311,37.4996418,127.0601672,40,110
빅스영어보습학원,서울특별시 강남구 선릉로 225,37.4953404,127.0526522,16,180
김민정막강수학학원,서울특별시 강남구 삼성로63길 6,37.5001238,127.0596183,30,165
미래탐구논증과추론학원,서울특별시 강남구 도곡로 436,37.4976943,127.0581602,230,153
플래뮤미술학원,서울특별시 강남구 도산대로94길 19,37.5240819,127.0516007,45,50
엘리트교실해법영어교습소,서울특별시 강남구 일원로5길 30,37.4915382,127.0831998,18,4
대치열린학원,서울특별시 강남구 삼성로 231,37.4978277,127.0610138,12,48
드림하이본원학원,서울특별시 강남구 삼성로58길 7,37.4986625,127.0618033,100,88
와세다에듀학원,서울특별시 강남구 강남대로94길 27,37.4998786,127.0294539,16,46
아트팔레트미술교습소,서울특별시 강남구 남부순환로363길 15,37.4862718,127.0377353,6,9
개념과유형보습학원,서울특별시 강남구 광평로 63?,37.4828777,127.0796221,96,108
한국영재학원,서울특별시 강남구 선릉로 225,37.4953404,127.0526522,18,69
러셀대치학원,서울특별시 강남구 남부순환로 2942,37.4935818,127.0623994,62032,1075
기타와드럼음악학원,서울특별시 강남구 개포로82길 13-17,37.4888736,127.068594,22,46
큐브어학원,서울특별시 강남구 삼성로71길 41,37.5012117,127.0555697,169,155
위자듀학원,서울특별시 강남구 선릉로 326,37.4987628,127.0520992,232,60
더뮤즈음악원음악교습소,서울특별시 강남구 역삼로52길 14,37.4985291,127.0479489,2,5
헬로아트미술교습소,서울특별시 강남구 양재대로55길 6,37.4913369,127.0884053,36,9
프라임해법영어교습소,서울특별시 강남구 남부순환로365길 51,37.4887105,127.0400223,36,9
해냄학원,서울특별시 강남구 삼성로71길 12,37.5022678,127.0578621,205,279
도곡렉슬예랑미술학원,서울특별시 강남구 선릉로 225,37.4953404,127.0526522,136,53
기한성국어교습소,서울특별시 강남구 도곡로 413,37.4975956,127.0557613,7,7
위드매스학원,서울특별시 강남구 선릉로132길 60,37.5187461,127.0461253,8,50
대치정상수학학원,서울특별시 강남구 영동대로 229,37.4995718,127.0674703,264,240
발자국소리가큰아이들청담미술학원,서울특별시 강남구 학동로63길 11,37.5187478,127.0447799,5,20
스와튼인터내셔널아카데미어학원,서울특별시 강남구 도곡로 430,37.4975062,127.0575512,65,90
수서브람스피아노교습소,서울특별시 강남구 광평로51길 27,37.4891608,127.1009461,12,4
예향음악교습소,서울특별시 강남구 압구정로36길 34,37.5262264,127.0313481,8,4
메릭스수학영어학원,서울특별시 강남구 강남대로66길 32,37.4922802,127.0334257,30,120
스타게이트연기학원,서울특별시 강남구 강남대로 578,37.5133732,127.020839,12,137
애플트리개포어학학원,서울특별시 강남구 개포로 408,37.4858037,127.0634758,64,540
에이급수학학원,서울특별시 강남구 삼성로 311,37.4996418,127.0601672,26,96
압구정크라센2관어학원,서울특별시 강남구 압구정로34길 30,37.5262165,127.0305175,4492,325
핫국어교습소,서울특별시 강남구 압구정로 114,37.5232774,127.021304,16,3
용수학교습소,서울특별시 강남구 삼성로 654,37.5185909,127.0507369,20,5
그림세계미술교습소,서울특별시 강남구 광평로31길 27,37.4848958,127.0906778,24,6
일원그림과화실미술교습소,서울특별시 강남구 광평로10길 15,37.482024,127.0821324,16,4
키즈아트아카데미음악학원,서울특별시 강남구 선릉로130길 20,37.5161513,127.0434365,25,216
동경일본어교습소,서울특별시 강남구 남부순환로 2921,37.4936059,127.0597001,2,2
최상수학교습소,서울특별시 강남구 압구정로 224,37.5285363,127.0321595,9,3
영재해법수학교습소,서울특별시 강남구 역삼로 306,37.4985708,127.0464187,12,2
올리브학원,서울특별시 강남구 남부순환로 2941,37.4942268,127.0617852,45,71
에꼴뒤벵프랑스학원,서울특별시 강남구 압구정로48길 34?,37.5263454,127.0367829,184,92
개포스마트해법영어교습소,서울특별시 강남구 선릉로 30,37.4826789,127.0611803,28,8
올리브미술학원,서울특별시 강남구 선릉로 338,37.4999055,127.0515368,40,58
두각입시연구소길학원,서울특별시 강남구 도곡로77길 5,37.4986723,127.058384,4,98
피앤이어학원,서울특별시 강남구 도산대로92길 6,37.5240654,127.0502594,84,146
재인미술교습소,서울특별시 강남구 압구정로 113-22,37.5247099,127.0196554,12,4
청담에이프릴어학원,서울특별시 강남구 삼성로119길 14,37.5160444,127.0503312,93,283
더과학교습소,서울특별시 강남구 삼성로 155,37.4938284,127.062941,24,8
제이그레이실용음악학원,서울특별시 강남구 양재대로55길 13,37.4917015,127.0875113,4,46
지에스아이영어교습소,서울특별시 강남구 삼성로63길 15,37.4996341,127.0589335,8,5
피아노산책음악교습소,서울특별시 강남구 개포로124길 19,37.4934932,127.0832005,24,4
아트브릿지미술교습소,서울특별시 강남구 논현로157길 21,37.5222093,127.0263002,9,9
도곡시매쓰보습학원,서울특별시 강남구 도곡로13길 5,37.4914904,127.0364388,32,42
월드음악교습소,서울특별시 강남구 역삼로52길 14,37.4985291,127.0479489,24,4
해법영어교습소,서울특별시 강남구 학동로 609,37.5215495,127.0585558,30,5
명인입시컨설팅학원,서울특별시 강남구 선릉로62길 32-2,37.49768,127.0550939,54,70
이진선과학학원,서울특별시 강남구 역삼로78길 21,37.5011118,127.0575386,50,70
해법구룡엘리트영어교습소,서울특별시 강남구 개포로 251,37.4792377,127.0498351,54,9
세정4층학원,서울특별시 강남구 삼성로 306,37.4994476,127.0608995,850,164
신사제과제빵학원,서울특별시 강남구 강남대로152길 42,37.5180256,127.0227528,577,60
한국와인아카데미학원,서울특별시 강남구 학동로30길 34,37.5119432,127.032514,40,144
리드인역삼독서논술교습소,서울특별시 강남구 역삼로52길 14,37.4985291,127.0479489,6,0
프레빠학원,서울특별시 강남구 봉은사로6길 16,37.504036,127.0267959,30,64
상상력발전소보습학원,서울특별시 강남구 도곡로 520,37.4994149,127.0634446,138,83
일프로아카데미(1%Academy)학원,서울특별시 강남구 삼성로71길 41,37.5012117,127.0555697,24,86
수서해법영어교실교습소,서울특별시 강남구 광평로51길 27,37.4891608,127.1009461,20,4
아이엠도화미술학원,서울특별시 강남구 선릉로86길 7,37.503303,127.0503179,325,102
에스엠논술학원,서울특별시 강남구 역삼로70길 28,37.4996713,127.054138,150,49
개포닥터정이클래스학원,서울특별시 강남구 개포로 512,37.4892714,127.0688177,100,72
한국쯔지요리학원,서울특별시 강남구 언주로168길 6,37.5264056,127.0339591,8,204
카르페디엠과학교습소,서울특별시 강남구 선릉로 664,37.5158959,127.0422861,12,4
여상진수리논술학원,서울특별시 강남구 도곡로 445,37.4986522,127.059031,160,280
런앤리드영어교습소,서울특별시 강남구 남부순환로 2921,37.4936059,127.0597001,2,2
미노스주얼리아카데미학원,서울특별시 강남구 학동로3길 32,37.5136692,127.021906,286,50
이룸스터디학원,서울특별시 강남구 역삼로78길 15,37.5015424,127.057313,40,174
예지피아노교습소,서울특별시 강남구 광평로10길 15,37.482024,127.0821324,12,4
에이원(A1)과학학원,서울특별시 강남구 선릉로64길 11-5,37.4983086,127.0528655,10,120
이정선아트스쿨학원,서울특별시 강남구 언주로 122,37.4870802,127.0510531,58,424
케이(K)빅터영어학원수학학원,서울특별시 강남구 봉은사로71길 31,37.5142387,127.0491914,206,72
이수학학원,서울특별시 강남구 도곡로77길 26,37.4999822,127.058129,408,85
씨씨엘씨어학원,서울특별시 강남구 선릉로112길 7,37.5114073,127.0442188,120,240
란피아노교습소,서울특별시 강남구 언주로6길 4,37.4776099,127.057872,5,5
임팩트학원,서울특별시 강남구 삼성로63길 17,37.4995695,127.0587383,45,88
삼성점그린독서실,서울특별시 강남구 선릉로126길 12?,37.5152338,127.043076,268,120
한수학교습소,서울특별시 강남구 압구정로 224,37.5285363,127.0321595,2,2
토탈어학원,서울특별시 강남구 삼성로64길 35,37.5007014,127.0631946,13,558
르헤브스쿨오브아트유학미술학원,서울특별시 서초구 강남대로89길 30,37.5091873,127.020208,30,64
트리플과학교습소,서울특별시 강남구 삼성로76길 22,37.5042734,127.0601842,8,8
김종현영어교습소,서울특별시 강남구 도곡로93길 9,37.5008373,127.0645016,17,4
연세매쓰클리닉(YONSEI MATH CLINIC)수학교습소,서울특별시 강남구 선릉로 664,37.5158959,127.0422861,16,4
한빛미술교습소,서울특별시 강남구 개포로109길 5,37.4941844,127.0752156,37,5
밍중국어교습소,서울특별시 강남구 개포로 512,37.4892714,127.0688177,7,7
게이트압구정어학학원,서울특별시 강남구 압구정로 206,37.5273244,127.0295867,148,729
이화수학교습소,서울특별시 강남구 광평로10길 6,37.4818897,127.0775108,6,3
스터디채널수학교습소,서울특별시 강남구 선릉로66길 6,37.4983872,127.0523821,8,4
수마쿰라우데수학전문학원,서울특별시 강남구 선릉로6길 12,37.4827689,127.0619685,117,70
선혜영교습소,서울특별시 강남구 봉은사로5길 14,37.5057117,127.0262055,0,0
현용자교습소,,,,0,0
조정숙교습소,서울특별시 강남구 강남대로 110길 69,37.5032279,127.0301775,0,0
김영민교습소,,,,0,0
김율음교습소,,,,0,0
홍양자교습소,,,,0,0
이명선교습소,서울특별시 강남구 밤고개로34길 7,37.4634856,127.1071467,0,0
김혜란교습소,.,,,0,0
김순희교습소,서울특별시 강남구 도산대로99길 28-6,37.5266909,127.051344,0,0
김정강교습소,서울특별시 강남구 삼성로119길 8,37.5162454,127.0506339,0,0
김재용교습소,.,,,0,0
이경빈교습소,서울특별시 강남구 선릉로 324,37.4985229,127.0521012,0,0
소미음악교습소,서울특별시 강남구 학동로101길 26,37.5223046,127.0577361,5,9
이동민교습소,서울특별시 강남구 압루정로 42길,37.5264776,127.0348796,0,0
김은미교습소,,,,0,0
성은피아노교습소,서울특별시 강남구 개포로 303,37.4826691,127.0544261,9,0
조정현교습소,서울특별시 강남구 선릉로 842,37.5269557,127.0407097,0,0
이강자교습소,서울특별시 강남구 역삼로64길 22,37.4995919,127.0532085,0,0
선화피아노교습소,서울특별시 서초구 잠원로14길 29,37.5178426,127.0154173,5,0
김영숙교습소,.,,,0,0
박미숙교습소,.,,,0,0
김미화교습소,.,,,0,0
김은희교습소,.,,,0,0
문미경교습소,.,,,0,0
김남혜교습소,서울특별시 강남구 학동로 609,37.5215495,127.0585558,0,0
김정희교습소,.,,,0,0
김혜숙교습소,.,,,0,0
김인애교습소,서울특별시 강남구 학동로 609,37.5215495,127.0585558,0,0
김은연교습소,.,,,0,0
최혜란교습소,.,,,0,0
김경옥교습소,.,,,0,0
유경희교습소,,,,0,0
김용희교습소,.,,,0,0
강남미술교습소,서울특별시 강남구 역삼로 306,37.4985708,127.0464187,9,9
은혜음악교습소,서울특별시 강남구 삼성로115길 39,37.5139764,127.0489664,10,0
개원영재바둑교습소,서울특별시 강남구 개포로22길 96,37.4752599,127.0531169,19,7
개포현대속셈,서울특별시 강남구 개포로 303,37.4826691,127.0544261,0,0
김하연피아노,서울특별시 강남구 압구정로 334,37.528149,127.038049,5,5
아트넷미술교습소,서울특별시 강남구 학동로101길 26,37.5223046,127.0577361,16,8
나래피아노,.,,,5,5
단계한문교습소,서울특별시 강남구 개포로 307,37.4839728,127.0560141,18,6
멜로디피아노,서울특별시 서초구 신반포로19길 10,37.5049706,126.9958493,5,5
천성미바이올린교습소,서울특별시 강남구 개포로 307,37.4839728,127.0560141,25,5
모인미술교습소,서울특별시 강남구 압구정로2길 45,37.5189515,127.0210997,10,0
민피아노교습소,서울특별시 강남구 삼성로 212,37.4974176,127.0653272,60,5
방배솔기타교습소,서울특별시 서초구 방배천로6길 32-2,37.4792073,126.9843719,28,0
박성희플룻교습소,서울특별시 강남구 남부순환로363길 49,37.4881978,127.0371153,6,6
박연진바이올린교습소,서울특별시 강남구 삼성로 151,37.4921261,127.0625653,2,0
박중수오보에교습소,서울특별시 강남구 압구정로 134,37.5243611,127.0234522,3,0
줄리어드음악교습소,서울특별시 강남구 개포로109길 34,37.4942156,127.077617,10,5
새롬피아노,서울특별시 강남구 도산대로83길 48-8 (),37.5277276,127.0494434,5,5
선,서울특별시 강남구 논현로 213,37.49045,127.0399974,0,0
바하음악교습소,서울특별시 강남구 개포로28길 15,37.4781007,127.049966,20,5
신예솔피아노교습소,서울특별시 강남구 양재대로55길 6,37.4913369,127.0884053,15,0
수서예림피아노교습소,서울특별시 강남구 광평로31길 27,37.4848958,127.0906778,10,5
수서피아노,서울특별시 강남구 광평로19길 10,37.4847337,127.0876186,15,5
수학나라교습소,서울특별시 강남구 남부순환로365길 42,37.4876219,127.0395944,16,54
하트앤아트미술교습소,서울특별시 강남구 압구정로29길 68,37.5319756,127.0285632,27,9
스즈키바이올린교습소,서울특별시 강남구 삼성로 212,37.4974176,127.0653272,12,4
신반석미술교습소,서울특별시 강남구 개포로 249,37.4792252,127.0496679,16,9
신예일음악교습소,서울특별시 강남구 삼성로107길 15,37.5112068,127.052655,10,5
신우성피아노교습소,서울특별시 강남구 개포로 411,37.4881841,127.0623884,2,0
아름다운피아노교습소,서울특별시 강남구 언주로 110,37.4845146,127.054174,20,5
마이뮤직칸타빌레음악교습소,서울특별시 강남구 삼성로4길 17,37.4876225,127.0685038,18,0
언주바이올린교습소,서울특별시 강남구 남부순환로365길 42,37.4876219,127.0395944,6,2
뮤엠영어교습소,서울특별시 강남구 양재대로33길 25,37.4910937,127.0824284,24,4
예솔피아노교습소,서울특별시 강남구 삼성로64길 5,37.5008276,127.0609734,14,8
예우미술교습소,서울특별시 강남구 남부순환로 2917,37.4931481,127.0590766,10,9
예원피아노교습소,서울특별시 강남구 개포로109길 9,37.4941844,127.0752156,3,5
신나는바이올린교습소,서울특별시 강남구 개포로110길 15,37.4922926,127.0783273,4,0
모짜르트음악교습소,서울특별시 강남구 학동로77길 27,37.5205036,127.0478363,15,0
오 미술교습소,서울특별시 강남구 선릉로120길 14,37.5138965,127.04385,0,0
우성속셈,.,,,0,0
윤피아노교습소,서울특별시 강남구 개포로82길 13-9,37.4886373,127.0677765,45,5
으뜸주산,서울특별시 강남구 논현로159길 57 (),37.5215662,127.023727,6,3
은혜피아노,.,,,5,5
이경재바이올린교습소,서울특별시 강남구 논현로149길 13-7,37.5179259,127.0276302,0,0
이화미술,서울특별시 강남구 양재대로43길 6,37.4906163,127.0853903,0,0
최바이올린교습소,서울특별시 강남구 삼성로 212,37.4974176,127.0653272,10,5
재능,서울특별시 강남구 삼성로115길 45,37.513846,127.0485817,0,0
재원피아노,.,,,5,5
라라잼바이올린교습소,서울특별시 강남구 논현로51길 13,37.4892099,127.0403855,9,5
정안미술교습소,서울특별시 서초구 서초중앙로20길 40,37.4923258,127.016395,0,0
조명성피아노교습소,서울특별시 강남구 개포로 310-21,37.4868621,127.0645824,11,4
주영민피아노과외교습,서울특별시 강남구 영동대로112길 10,37.5149052,127.0608935,4,0
최혜영피아노교습소,서울특별시 강남구 논현로 213,37.49045,127.0399974,5,5
푸른시각미술교습소,서울특별시 강남구 삼성로 212,37.4974176,127.0653272,40,6
피아노치는친구들,서울특별시 강남구 선릉로 7,37.5006784,127.0489432,10,0
학예원피아노교습소,서울특별시 강남구 선릉로115길 45,37.511249,127.0394028,16,5
한국다례교습소,서울특별시 강남구 역삼로65길 20,37.502542,127.0525587,7,9
한솔바이올린교습소,서울특별시 강남구 광평로10길 6,37.4818897,127.0775108,2,0
한솔피아노,서울특별시 강남구 광평로10길 6,37.4818897,127.0775108,15,0
뿌리서당영어교습소,서울특별시 강남구 남부순환로 2927,37.49391,127.060213,12,2
꼬망세피아노교습소,서울특별시 강남구 개포로 516,37.4888759,127.0716679,15,0
한현석속기,.,,,0,0
해님피아노 교습소,서울특별시 강남구 개포로 510,37.4892656,127.06836,12,3
현대웅변교습소,서울특별시 강남구 압구정로29길 68,37.5319756,127.0285632,1,0
홍운서예교습소,서울특별시 강남구 삼성로 225,37.4971742,127.0613516,24,8
화랑한문교습소,서울특별시 강남구 개포로 615,37.4926936,127.0756284,16,8
이화뮤즈피아노교습소,서울특별시 강남구 개포로109길 5,37.4941844,127.0752156,35,5
대치백송국어논술학원,서울특별시 강남구 삼성로63길 15,37.4996341,127.0589335,131,150
이수진영어교습소,서울특별시 강남구 삼성로67길 6,37.501308,127.0589584,6,2
맑은소리음악교습소,서울특별시 강남구 일원로14길 25,37.4838689,127.0808707,28,7
김용환수학교습소,서울특별시 강남구 선릉로 30,37.4826789,127.0611803,10,5
플라즈마학원,서울특별시 강남구 도곡로 450,37.4981124,127.0597594,1085,459
생각하는황소학원,서울특별시 강남구 역삼로98길 23,37.5034299,127.0650207,30,109
세정입시관학원,서울특별시 강남구 삼성로61길 31,37.4986416,127.0580674,1281,151
코리아보석학원,서울특별시 강남구 강남대로66길 7,37.4919158,127.031437,100,60
대치수학의바다학원,서울특별시 강남구 도곡로73길 13,37.498738,127.0569719,115,112
위대한물리교습소,서울특별시 강남구 삼성로 327,37.5008825,127.0594779,4,4
무한도전수학과학학원,서울특별시 강남구 광평로 63,37.4828777,127.0796221,330,121
퀸즈음악원음악교습소,서울특별시 강남구 역삼로 306,37.4985708,127.0464187,55,5
지엘에듀어학원,서울특별시 서초구 사임당로 173,37.4927943,127.0285544,125,152
해를학원,서울특별시 강남구 삼성로 327,37.5008825,127.0594779,130,264
서울음악교습소,서울특별시 강남구 영동대로 722,37.5224048,127.0564045,5,8
펜덕스영어학원,서울특별시 강남구 압구정로 134,37.5243611,127.0234522,224,50
점프셈수학교습소,서울특별시 강남구 삼성로115길 24,37.5145279,127.0501348,4,4
아트빈미술교습소,서울특별시 강남구 삼성로115길 24,37.5145279,127.0501348,6,9
세터스어학원,서울특별시 강남구 논현로159길 16,37.5231597,127.0268071,40,81
즐거운피아노교습소,서울특별시 강남구 삼성로4길 17,37.4876225,127.0685038,20,5
(주)지이에스어학원,서울특별시 강남구 도곡로 408,37.4966877,127.0552639,40,150
에듀타임보습학원,서울특별시 강남구 도곡로 448,37.4980552,127.0595812,130,60
씽크씽크미술학원,서울특별시 강남구 봉은사로68길 19,37.510858,127.0507267,60,240
케이채수학학원,서울특별시 강남구 삼성로 155,37.4938284,127.062941,40,120
엑셀어학원,서울특별시 강남구 논현로 816,37.5212749,127.0284551,456,152
엠케이학원,서울특별시 강남구 압구정로34길 11,37.5273895,127.030957,200,73
대치이안어학원,서울특별시 강남구 삼성로 323,37.5006127,127.0596197,166,218
적중코아스쿨학원,서울특별시 강남구 압구정로34길 26,37.5263722,127.0305276,40,120
원바이원잉글리쉬아카데미학원,서울특별시 강남구 언주로167길 34,37.5266094,127.0304576,5,80
모니카김영어스타일학원,서울특별시 강남구 테헤란로8길 22,37.4974156,127.0315615,3,54
슈만피아노교습소,서울특별시 강남구 개포로 512,37.4892714,127.0688177,15,5
파르테논어학원,서울특별시 강남구 남부순환로 2927,37.49391,127.060213,48,347
크레버스영재교육센터대치제1지점학원,서울특별시 강남구 도곡로 456,37.4982956,127.0603287,104,215
대현학원,서울특별시 강남구 삼성로 301,37.499102,127.0604069,470,104
대치티앤씨수학학원,서울특별시 강남구 남부순환로 2921,37.4936059,127.0597001,48,90
랭귀지윌학원,서울특별시 강남구 언주로168길 5,37.5266272,127.0340253,258,81
마이엠원수학교습소,서울특별시 강남구 광평로10길 6,37.4818897,127.0775108,2,3
강남동방디자인학원,서울특별시 강남구 강남대로94길 21,37.499745,127.0289618,1574,60
채미선영어교습소,서울특별시 강남구 압구정로 224,37.5285363,127.0321595,5,6
플라즈마영재학원,서울특별시 강남구 도곡로 450,37.4981124,127.0597594,475,166
에스엔티(SNT)어학원,서울특별시 강남구 삼성로64길 41,37.5010034,127.063646,6459,299
엘티엘일류영어학원,서울특별시 강남구 봉은사로71길 32,37.5143115,127.0494309,40,72
포도나무미술학원,서울특별시 강남구 압구정로 112,37.523197,127.0210702,68,15
프뢰벨영어은물어학원,서울특별시 강남구 압구정로32길 11,37.5269161,127.0302159,58,312
예종발레무용교습소,서울특별시 강남구 남부순환로 3032,37.4919843,127.058717,16,9
대치프라임독서실,서울특별시 강남구 선릉로 314,37.4978251,127.052405,97,97
자이언학원,서울특별시 강남구 도곡로63길 31,37.4990059,127.0534922,25,48
비채수학원,서울특별시 강남구 도곡로73길 14,37.4988032,127.0571972,134,74
산에듀김영준국어논술학원신관학원,서울특별시 강남구 선릉로62길 33,37.4980816,127.0550538,1560,196
제이에스발레학원,서울특별시 강남구 역삼로 412,37.500777,127.0523124,59,49
대치대청1학원,서울특별시 강남구 삼성로 223,37.4968846,127.0616201,25,270
대치카리스영어학원,서울특별시 강남구 삼성로67길 49,37.4999305,127.0556143,50,82
시성영어학원,서울특별시 강남구 도곡로 444,37.4980113,127.0591722,160,195
태백수학교습소,서울특별시 강남구 선릉로8길 20,37.4833307,127.0621991,36,6
서울한국어아카데미학원,서울특별시 강남구 강남대로 410,37.4993613,127.0273873,64,171
감성예찬미술교습소,서울특별시 강남구 도곡로93길 12,37.5010448,127.0654872,4,9
와이즈만영재교육대치학원,서울특별시 강남구 영동대로 231,37.4997861,127.0673274,64,176
뉴욕파이어학원,서울특별시 강남구 역삼로 412,37.500777,127.0523124,35,150
시대인재A관3층학원,서울특별시 강남구 삼성로 324,37.5008476,127.0601302,10530,160
보람과학수학학원,서울특별시 강남구 영동대로 210,37.4980827,127.0712194,52,120
로이스지피에이(Roy`s GPA)학원,서울특별시 강남구 남부순환로365길 38,37.4877892,127.039948,12,35
멘토스학원,서울특별시 강남구 역삼로64길 22,37.4995919,127.0532085,120,141
킴벨과학교습소,서울특별시 강남구 언주로 122,37.4870802,127.0510531,12,8
깊은생각중등수학캠퍼스보습학원,서울특별시 강남구 도곡로 445,37.4986522,127.059031,240,190
삼성힐학원,서울특별시 강남구 삼성로119길 29,37.5154511,127.0490909,40,34
로앤피황남기로스쿨아카데미학원,서울특별시 강남구 강남대로84길 16,37.4966779,127.0299896,200,100
수람학원,서울특별시 강남구 삼성로58길 29,37.4992421,127.0635885,210,85
성균창의독서교습소,서울특별시 강남구 남부순환로 2921,37.4936059,127.0597001,5,3
예섬2관학원,서울특별시 강남구 도곡로 418,37.4970089,127.0562594,7920,393
에듀르몽드어학원,서울특별시 강남구 강남대로102길 14,37.5018971,127.0269999,860,110
압구정파인만고등1관학원,서울특별시 강남구 압구정로 152,37.5255761,127.0260348,1305,215
고래의도약학원,서울특별시 강남구 도곡로 524,37.4995124,127.0637515,180,210
휴브레인입시컨설팅센터학원,서울특별시 강남구 역삼로 462,37.502626,127.0578107,112,95
프라우드7학원,서울특별시 강남구 도곡로 418,37.4970089,127.0562594,118,221
지피에스압구정어학학원,서울특별시 강남구 압구정로18길 25,37.5235062,127.0253026,60,135
김대균어학원,서울특별시 강남구 봉은사로 474,37.5123174,127.0518299,430,125
강창용대학편입학원,서울특별시 강남구 강남대로94길 27-15,37.5006646,127.0291099,305,305
케이엠지수학학원,서울특별시 강남구 삼성로 340,37.5019708,127.0595756,537,72
씨지티(CGT)연기학원,서울특별시 강남구 도산대로28길 32,37.5172772,127.0285573,140,70
강남비상에듀학원,서울특별시 강남구 선릉로62길 5,37.497328,127.0530862,125,80
엠솔150학원,서울특별시 강남구 도곡로 511,37.4996664,127.0622284,1995,194
스칼라(scholar)어학원,서울특별시 강남구 언주로151길 21,37.5217152,127.0316867,292,180
대치글로벌학원,서울특별시 강남구 선릉로64길 15-5,37.4984195,127.0533033,60,79
엠브릿지학원,서울특별시 강남구 일원로3길 10,37.4912196,127.0815636,120,60
에스디영어학원,서울특별시 강남구 도곡로 516,37.4992034,127.0630995,80,69
페트라영어학원,서울특별시 강남구 도곡로 409,37.4973819,127.0551699,16,84
천지인학원,서울특별시 강남구 선릉로126길 16,37.5153246,127.0434625,144,146
뮤직팰리스음악교습소,서울특별시 강남구 언주로 122,37.4870802,127.0510531,40,9
토마토음악학원,서울특별시 강남구 개포로110길 15,37.4922926,127.0783273,90,44
다함영재보습학원,서울특별시 강남구 도곡로 515,37.4998352,127.0626495,10,299
아트예뜨락미술학원,서울특별시 강남구 압구정로 160,37.5262716,127.0272097,124,168
케이엔에스(KNS)고등3관영어학원,서울특별시 강남구 도곡로83길 5,37.4998553,127.0621345,24,140
미퍼스트학원,서울특별시 강남구 삼성로 212,37.4974176,127.0653272,30,90
왕북해법영어교습소,서울특별시 강남구 광평로19길 10,37.4847337,127.0876186,6,6
전희재국어교습소,서울특별시 강남구 남부순환로365길 42,37.4876219,127.0395944,8,4
명선과학교습소,서울특별시 강남구 논현로 205,37.4878517,127.0402271,25,5
아이엘이(별관)어학원,서울특별시 강남구 도곡로 454,37.498302,127.0600906,882,300
앤버스영어전문학원,서울특별시 강남구 역삼로 404,37.5005204,127.0514247,8,42
박동완영어교습소,서울특별시 강남구 삼성로 212,37.4974176,127.0653272,8,8
케이플러스모델학원,서울특별시 강남구 도산대로 332,37.5224984,127.0382528,20,78
이에스씨아카데미어학원,서울특별시 강남구 압구정로30길 17,37.5263249,127.0295435,249,272
라온액터스연기아카데미학원,서울특별시 강남구 가로수길 18,37.5192072,127.0234992,64,154
습관만들기학원,서울특별시 강남구 선릉로132길 60,37.5187461,127.0461253,8,87
엑시터어학원,서울특별시 강남구 논현로159길 14,37.5231524,127.0269962,304,152
탑과학학원,서울특별시 강남구 삼성로58길 29,37.4992421,127.0635885,160,72
늘푸른독서실,서울특별시 강남구 광평로51길 49?,37.4911322,127.1001778,124,124
에이치미술교습소,서울특별시 강남구 논현로157길 14,37.522589,127.0269488,45,9
나비스피치학원,서울특별시 강남구 테헤란로5길 36,37.5008584,127.0290544,52,128
에스엠애듀2관학원,서울특별시 강남구 삼성로71길 14,37.5022183,127.0577128,83,44
엠솔영재관본관학원,서울특별시 강남구 도곡로 325,37.4961785,127.0515117,1020,121
다빈치미술교습소,서울특별시 강남구 남부순환로365길 26,37.487018,127.0396107,9,9
논현해법영어학원,서울특별시 강남구 강남대로120길 31,37.5076551,127.0256975,91,20
슈브영어교습소,서울특별시 강남구 선릉로 320,37.4982828,127.0522138,6,3
해법도성영어교습소,서울특별시 강남구 역삼로 306,37.4985708,127.0464187,33,3
로고스학원,서울특별시 강남구 삼성로 238,37.4986375,127.0614624,170,84
부엉이학원,서울특별시 강남구 도곡로78길 7,37.4976259,127.0593292,70,50
선제영어학원,서울특별시 강남구 삼성로 150,37.4933928,127.0673501,68,142
애로우잉글리시번역학원,서울특별시 강남구 강남대로78길 12,37.4948619,127.0303579,430,179
언어논술나무는학원,서울특별시 강남구 삼성로61길 10,37.4994045,127.0595613,95,89
블루큐브어학원,서울특별시 강남구 압구정로28길 22-5,37.5250123,127.0271808,325,293
수력발전수학교습소,서울특별시 강남구 남부순환로 2927,37.49391,127.060213,108,4
펀수학본원학원,서울특별시 강남구 개포로 512,37.4892714,127.0688177,72,45
파라투스수학전문학원,서울특별시 강남구 남부순환로 2911-1,37.4927102,127.0577477,90,93
대치이르키움학원,서울특별시 강남구 삼성로71길 29,37.5015299,127.0565389,320,76
안세라영어교습소,서울특별시 강남구 삼성로61길 30,37.4989179,127.0580286,4,5
명성수학교습소,서울특별시 강남구 압구정로 113-22,37.5247099,127.0196554,6,4
미래탐구미래영재학원,서울특별시 강남구 삼성로 325,37.5007467,127.059549,4338,155
티비티(TBT)학원,서울특별시 강남구 역삼로83길 5,37.5038877,127.0597523,40,84
한울미술교습소,서울특별시 강남구 영동대로 702,37.5205383,127.0576438,8,8
최은희음악교습소,서울특별시 강남구 개포로22길 43,37.4764511,127.049923,81,9
하버드영재수학교습소,서울특별시 강남구 남부순환로 2917,37.4931481,127.0590766,4,2
실크로드학원,서울특별시 강남구 논현로168길 47,37.5233474,127.0319867,20,89
가자연기학원,서울특별시 강남구 언주로133길 31,37.5157974,127.0326633,34,163
보탬해법영어교습소,서울특별시 강남구 개포로110길 15,37.4922926,127.0783273,35,7
럭셔리비지니스인스티튜트학원,서울특별시 강남구 선릉로 801,37.5237711,127.0389276,400,80
무나리아트미술교습소,서울특별시 강남구 역삼로74길 28,37.4999653,127.0549313,32,5
정도수학교습소,서울특별시 강남구 도곡로78길 22,37.4963866,127.058402,6,3
대치레전드학원,서울특별시 강남구 선릉로72길 18,37.5002844,127.05266,105,71
발레슈학원,서울특별시 강남구 논현로167길 17,37.5244819,127.0266922,105,15
배선영국어학원,서울특별시 강남구 선릉로64길 15-3,37.4982954,127.0533635,140,60
강남합격의법학원,서울특별시 강남구 강남대로94길 71,37.5009066,127.0329879,2335,160
창의융합아카데미학원,서울특별시 강남구 도곡로 451,37.4988842,127.0597528,175,138
루소트레이닝랩학원,서울특별시 강남구 학동로 107,37.5117467,127.0224703,94,69
(주)멘토르수학전문학원,서울특별시 강남구 남부순환로 2927,37.49391,127.060213,10,82
일등공신영어교습소,서울특별시 강남구 광평로10길 15,37.482024,127.0821324,4,4
김성수수학교습소,서울특별시 강남구 삼성로 225,37.4971742,127.0613516,42,6
페르미영재수학교습소,서울특별시 강남구 양재대로55길 6,37.4913369,127.0884053,3,3
쌩뚱영어학원,서울특별시 강남구 남부순환로 2921?,37.4936059,127.0597001,60,71
두각대성세림관학원,서울특별시 강남구 도곡로 422,37.4972615,127.0567378,1102,100
나랏말씀교습소,서울특별시 강남구 선릉로10길 4-3,37.4831037,127.0609591,5,6
지연수학교습소,서울특별시 강남구 도곡로93길 12,37.5010448,127.0654872,6,6
강남하이퍼의대관학원,서울특별시 강남구 강남대로94길 30,37.4996884,127.0298007,10240,453
에델린아카데미학원,서울특별시 강남구 압구정로32길 25?,37.5260448,127.0300503,64,40
입시투데이교육컨설팅학원,서울특별시 강남구 역삼로 521,37.5037986,127.0602481,19,57
압구정소마학원,서울특별시 강남구 언주로 844,37.5256443,127.0338682,56,76
강남케이에스보습학원,서울특별시 강남구 광평로51길 6-11,37.4885196,127.1032564,110,544
지아이에이(GIA)어학원,서울특별시 강남구 학동로19길 22,37.5143739,127.0273364,15,315
강남대연보습학원,서울특별시 강남구 남부순환로365길 26 (),37.487018,127.0396107,50,465
시리우스학원,서울특별시 강남구 역삼로 505,37.5034653,127.0591428,380,228
보이스멘토성우화술학원,서울특별시 강남구 선릉로 649,37.5144922,127.041996,37,63
제이아카데미학원,서울특별시 강남구 강남대로84길 33,37.4975826,127.0311106,10,72
변성환수학교습소,서울특별시 강남구 도곡로77길 5,37.4986723,127.058384,15,3
김은희예스셈수학교습소,서울특별시 강남구 광평로10길 15,37.482024,127.0821324,3,9
팬텀학원,서울특별시 강남구 도곡로 532,37.4997795,127.0645688,160,70
대치수과모학원,서울특별시 강남구 삼성로 336,37.5016654,127.0598058,101,69
아드지스영어학원,서울특별시 강남구 삼성로 212,37.4974176,127.0653272,40,61
이해국어학원,서울특별시 강남구 삼성로64길 45,37.5009632,127.0639676,12,30
이씨엘(E.C.L)어학원,서울특별시 강남구 도곡로 184,37.4916885,127.0397809,120,60
미래중심학원,서울특별시 강남구 남부순환로 2941,37.4942268,127.0617852,150,64
서울이화음악교습소,서울특별시 강남구 영동대로114길 37,37.5166504,127.0624599,8,6
예섬본관학원,서울특별시 강남구 도곡로 418,37.4970089,127.0562594,1320,203
에프엔씨아카데미학원,서울특별시 강남구 영동대로82길 9,37.5072329,127.0653213,47,28
리더스아카데미어학원,서울특별시 강남구 언주로 311,37.4952625,127.045625,190,149
알파잉글리쉬학원,서울특별시 강남구 남부순환로 2941,37.4942268,127.0617852,44,120
강남메가스터디학원,서울특별시 서초구 효령로55길 39,37.4865664,127.0140186,23606,282
대찬2관학원,서울특별시 강남구 도곡로 428,37.4974416,127.0573512,16690,189
김하연국어의고수학원,서울특별시 강남구 삼성로 212,37.4974176,127.0653272,64,76
티앤비에듀케이션학원,서울특별시 강남구 압구정로34길 32,37.5260396,127.0305058,15,78
엘리제르학원,서울특별시 강남구 도곡로2길 13,37.4889425,127.0333574,177,59
아르제도곡무용학원,서울특별시 강남구 도곡로 184,37.4916885,127.0397809,100,85
에이티에이포트폴리오학원,서울특별시 강남구 논현로175길 19,37.5257236,127.0271274,60,60
닥터정이클래스삼성센터영어교습소,서울특별시 강남구 삼성로119길 17,37.5157452,127.0501103,10,7
정샘엑터멘토연기학원,서울특별시 강남구 압구정로28길 18,37.5254752,127.0275733,71,124
독문화독일어통역학원,서울특별시 강남구 테헤란로4길 27,37.4967152,127.0304142,24,90
강남이제이유플랜시사일본어학원,서울특별시 강남구 테헤란로4길 28,37.4965132,127.0300705,1350,190
강남정보학원,서울특별시 강남구 선릉로 670,37.5167176,127.0418019,15,77
헤스트교육센터학원,서울특별시 강남구 봉은사로30길 64,37.5033854,127.0365349,40,50
눈높이러닝센터개포일원학원,서울특별시 강남구 일원로 45,37.4899165,127.0815425,465,80
청담스위틀학원,서울특별시 강남구 선릉로 820,37.5250885,127.0400495,59,162
매쓰피아수학교습소,서울특별시 강남구 역삼로52길 14,37.4985291,127.0479489,12,4
김인희국어교습소,서울특별시 강남구 압구정로 113-22,37.5247099,127.0196554,3,3
강남대치동토마토스쿨입시컨설팅X재수재종전일학원,서울특별시 강남구 역삼로 458,37.5024983,127.0574222,54,148
글로벌셀러컬리지학원,서울특별시 강남구 강남대로110길 20,37.5036705,127.0287801,180,46
탑아너스잉글리쉬(TOPHONORSENGLISH)학원,서울특별시 강남구 삼성로 212,37.4974176,127.0653272,60,89
모래공장아카데미학원,서울특별시 강남구 논현로 816,37.5212749,127.0284551,1100,174
수풀림수학교습소,서울특별시 강남구 역삼로 512,37.5032585,127.0597758,4,4
나미여앤피카소미술교습소,서울특별시 강남구 역삼로52길 14,37.4985291,127.0479489,48,6
강의하는아이들압구정학원,서울특별시 강남구 압구정로29길 72-1?,37.5322852,127.0283977,48,69
대치이상기체학원,서울특별시 강남구 삼성로57길 40,37.4973852,127.057859,220,66
이감동미술학원,서울특별시 강남구 역삼로64길 20,37.4997609,127.0531188,310,84
아티스(Artis)미술학원,서울특별시 강남구 학동로77길 27,37.5205036,127.0478363,3,55
윰미술학원,서울특별시 강남구 선릉로18길 4,37.4839863,127.0595615,120,40
참바른글씨국어교습소,서울특별시 강남구 테헤란로 322,37.5029732,127.0465325,5,5
은마바둑교습소,서울특별시 강남구 삼성로 212,37.4974176,127.0653272,16,9
키즈12리더스학원,서울특별시 강남구 학동로97길 42,37.5224946,127.0547327,300,84
수학생각수학교습소,서울특별시 강남구 광평로10길 15,37.482024,127.0821324,12,6
예감학원,서울특별시 강남구 도곡로 433,37.4981056,127.0576582,130,73
베테랑스어학원,서울특별시 강남구 압구정로34길 11,37.5273895,127.030957,25,149
청담아이가르텐어학원,서울특별시 강남구 학동로97길 42,37.5224946,127.0547327,24,289
수액터스팜연극영화학원,서울특별시 강남구 강남대로136길 11,37.5131786,127.0215491,56,122
엘뽀레강남대치본원학원,서울특별시 강남구 언주로 123,37.510015,127.051582,91,263
판연기아카데미학원,서울특별시 강남구 도산대로11길 18,37.5186639,127.0226983,50,78
박신영국어학원,서울특별시 강남구 삼성로61길 34,37.4988187,127.0576772,64,73
강순진전문수학교습소,서울특별시 강남구 개포로22길 100,37.4754256,127.053379,24,8
에그음악교습소,서울특별시 강남구 압구정로 116,37.5233347,127.0214168,25,9
공부하는날학원,서울특별시 강남구 헌릉로570길 30,37.463158,127.1029355,89,100
비뉴베실용음악학원,서울특별시 강남구 테헤란로 128,37.4991387,127.0325877,12,36
세정토모관학원,서울특별시 강남구 삼성로 306,37.4994476,127.0608995,453,75
디케이(DK)수학학원,서울특별시 강남구 도곡로63길 34,37.4991366,127.0537643,125,99
원리과학교습소,서울특별시 강남구 역삼로 306,37.4985708,127.0464187,4,2
탑1%영어학원,서울특별시 강남구 역삼로 546,37.5042425,127.0628906,12,78
라이브아미(LIVEARMY)학원,서울특별시 강남구 논현로164길 23,37.5233807,127.0301281,4,148
에듀-퍼스트학원,서울특별시 강남구 역삼로78길 18,37.501327,127.0571143,310,78
바른수학교습소,서울특별시 강남구 봉은사로 638,37.5148174,127.0650806,8,9
덕스어학원,서울특별시 강남구 영동대로 231,37.4997861,127.0673274,190,209
토나아카데미(TONA academy)학원,서울특별시 강남구 삼성로71길 19,37.5018308,127.0573774,48,113
아우라에듀학원,서울특별시 강남구 역삼로 462,37.502626,127.0578107,28,97
알바트로스영어학원,서울특별시 강남구 삼성로64길 45,37.5009632,127.0639676,36,80
하영그린아카데미학원,서울특별시 강남구 강남대로42길 13,37.4855463,127.0351487,448,168
메이커스어학원,서울특별시 강남구 언주로 844,37.5256443,127.0338682,346,204
대치우리학원,서울특별시 강남구 도곡로 526,37.4995573,127.0639286,59,125
드림에듀학원,서울특별시 강남구 개포로 221,37.4789383,127.0470902,98,73
알지엠푸드아카데미학원,서울특별시 강남구 학동로18길 13,37.5119436,127.0274473,40,20
에이원레거씨리퍼블릭학원,서울특별시 강남구 도곡로 408,37.4966877,127.0552639,396,158
한성아이디디자인스쿨학원,서울특별시 강남구 논현로 727,37.516939,127.0290121,85,73
제제아트미술놀이터미술교습소,서울특별시 강남구 삼성로61길 48,37.4985218,127.0565647,4,4
청담하모니음악교습소,서울특별시 강남구 도산대로70길 46,37.5207701,127.0446967,10,5
도곡미술교습소,서울특별시 강남구 선릉로 225,37.4953404,127.0526522,19,9
랭귀지큐브압구정어학학원,서울특별시 강남구 논현로 824,37.5219925,127.0284657,3,81
신아크로학원,서울특별시 강남구 삼성로 38,37.4886736,127.0668063,50,50
필영재학원,서울특별시 강남구 역삼로 519,37.503799,127.0600592,120,47
신미래탐구학원,서울특별시 강남구 도곡로 436,37.4976943,127.0581602,230,150
클라디학원,서울특별시 강남구 도곡로77길 14,37.4992943,127.0585913,1060,160
아트블랑미술교습소,서울특별시 강남구 남부순환로359길 30,37.4867201,127.0359796,5,5
미강학원,서울특별시 강남구 삼성로57길 38,37.4974426,127.058037,105,134
파라오미술학원,서울특별시 강남구 선릉로 408,37.5014247,127.050749,170,80
아트앤조아카데미학원,서울특별시 강남구 강남대로 594,37.5148451,127.0202809,40,40
내가키우는나무논술교습소,서울특별시 강남구 선릉로 225,37.4953404,127.0526522,4,4
압구정한문교습소,서울특별시 강남구 압구정로29길 68,37.5319756,127.0285632,7,7
압구정아이엘츠어학원,서울특별시 강남구 논현로176길 20,37.5272323,127.0301438,19,111
깊은생각256학원,서울특별시 강남구 도곡로 501,37.4993898,127.061127,270,211
매쓰코드수학학원,서울특별시 강남구 언주로167길 35,37.5263754,127.0302672,40,91
라벨피아노교습소,서울특별시 강남구 영동대로114길 31,37.5164241,127.0621223,15,4
수학전문순수학원,서울특별시 강남구 도곡로 522,37.4994597,127.063584,60,70
넥스퍼아카데미학원,서울특별시 강남구 논현로 729,37.5170771,127.0289474,93,56
엑셀런스엄재용영어교습소,서울특별시 강남구 도곡로 444,37.4980113,127.0591722,8,4
특목센터학원,서울특별시 강남구 삼성로 329,37.5010216,127.0594045,1930,222
매쓰몽수학학원,서울특별시 강남구 선릉로 120,37.491125,127.059896,150,110
룩스미아(Luxmea)수학교습소,서울특별시 강남구 도곡로78길 22,37.4963866,127.058402,6,3
솔밭언어논술국어교습소,서울특별시 강남구 삼성로 151,37.4921261,127.0625653,3,3
라미학원,서울특별시 강남구 논현로10길 16,37.4743159,127.0499485,105,74
홍익미술교습소,서울특별시 강남구 남부순환로365길 42,37.4876219,127.0395944,12,6
아발론랭콘잉글리쉬대치어학원,서울특별시 강남구 도곡로 408,37.4966877,127.0552639,112,162
소자수학학원,서울특별시 강남구 선릉로 334,37.4995931,127.0516807,250,51
디오영어학원,서울특별시 강남구 삼성로 212,37.4974176,127.0653272,144,60
강남미래간호학원,서울특별시 강남구 개포로82길 9-11,37.488948,127.0680172,40,145
틈미술학원,서울특별시 강남구 테헤란로4길 38-3,37.4957734,127.0303323,200,20
하늘나무미술교습소,서울특별시 강남구 학동로101길 26,37.5223046,127.0577361,12,7
남주희실용음악학원,서울특별시 강남구 선릉로86길 15,37.503546,127.0508294,440,46
한예종색소폰음악교습소,서울특별시 강남구 선릉로 723,37.5191195,127.0403326,6,6
국순당우리술교육학원,서울특별시 강남구 봉은사로 641?,37.5154197,127.0654475,391,70
크로스트음악교습소,서울특별시 강남구 남부순환로363길 49,37.4881978,127.0371153,3,3
비엘영어교습소,서울특별시 강남구 도곡로 423,37.497826,127.0567677,18,6
레츠댄스(LETZDANCE)학원,서울특별시 강남구 압구정로54길 25,37.5262441,127.0393398,100,50
킴스애견미용학원,서울특별시 강남구 강남대로 522,37.5088972,127.0228211,825,117
청담아카데미학원,서울특별시 강남구 학동로82길 21?,37.5176185,127.0519612,9,11
다원매쓰아이(Math i)2관학원,서울특별시 강남구 도곡로 521,37.5000321,127.0632277,340,34
시매쓰영재중등관학원,서울특별시 강남구 도곡로 409,37.4973819,127.0551699,150,68
김영편입강남단과캠퍼스학원,서울특별시 강남구 강남대로78길 8,37.4947875,127.0300669,36300,698
상상사진학원,서울특별시 강남구 테헤란로8길 26,37.4971925,127.0316861,18,33
에스티엔어학원,서울특별시 강남구 논현로163길 10,37.5242211,127.0273341,300,100
헤라클레스미술학원,서울특별시 강남구 선릉로86길 10,37.5030598,127.0506839,720,40
남혁학원,서울특별시 강남구 삼성로 212,37.4974176,127.0653272,24,120
압구정베블렌수학학원,서울특별시 강남구 압구정로 110,37.5229663,127.0209482,420,105
성산학원,서울특별시 강남구 삼성로 212,37.4974176,127.0653272,60,94
얼짱수학교습소,서울특별시 강남구 개포로 510,37.4892656,127.06836,9,9
케이투수학학원,서울특별시 강남구 삼성로 212,37.4974176,127.0653272,493,75
프리모수학전문교습소,서울특별시 강남구 도곡로 408,37.4966877,127.0552639,2,4
모닝에듀학원,서울특별시 강남구 남부순환로363길 13,37.4861116,127.037679,230,286
시아유학미술학원,서울특별시 강남구 압구정로34길 11,37.5273895,127.030957,10,60
에스앤비뷰티아카데미학원,서울특별시 강남구 강남대로 528,37.5092823,127.0226269,70,59
배우로가는길연기학원,서울특별시 강남구 압구정로2길 53,37.5184682,127.0213494,24,32
하비(havy)실용음악학원,서울특별시 강남구 논현로102길 12?,37.5049233,127.0361162,280,28
피카소사랑미술교습소,서울특별시 강남구 일원로3길 10,37.4912196,127.0815636,14,3
아고라(agora)사회교습소,서울특별시 강남구 삼성로 349,37.502675,127.0584806,6,4
야누아학원,서울특별시 강남구 삼성로 212,37.4974176,127.0653272,32,60
청하서당한문교습소,서울특별시 강남구 개포로82길 7,37.4887765,127.0673245,20,5
라온제나스피치학원,서울특별시 강남구 도산대로 132,37.5171918,127.0232271,83,27
상온보습학원,서울특별시 강남구 선릉로62길 33,37.4980816,127.0550538,5220,105
역경패도수학전문교습소,서울특별시 강남구 삼성로 305,37.4992852,127.0603595,4,4
알토어학원,서울특별시 강남구 언주로 201,37.4884716,127.0487329,249,185
프린서플어학원,서울특별시 강남구 강남대로94길 19,37.4996863,127.028764,3546,297
포즈무용(POZDANCE)학원,서울특별시 강남구 선릉로153길 13,37.5245754,127.0383058,68,30
커피플랜트아카데미학원,서울특별시 강남구 강남대로44길 22,37.4861117,127.0354953,16,24
파인만고수학원,서울특별시 강남구 삼성로 150,37.4933928,127.0673501,160,96
아이엠미술학원,서울특별시 강남구 선릉로 418,37.502253,127.0503185,325,171
이루리3관학원,서울특별시 강남구 삼성로 233,37.4977699,127.0606416,260,59
엠팝(M POP)수학교습소,서울특별시 강남구 삼성로 151,37.4921261,127.0625653,6,3
효자학원,서울특별시 강남구 삼성로72길 3,37.502669,127.0593989,300,71
에스아이비(SIB)교육센터학원,서울특별시 강남구 압구정로34길 11,37.5273895,127.030957,21,44
이제헌아이엘츠어학원,서울특별시 강남구 강남대로94길 27-11,37.5004733,127.029237,80,106
찰리잉글리쉬(Charley English)영어교습소,서울특별시 강남구 광평로10길 15,37.482024,127.0821324,8,4
파워하우스실용음악학원,서울특별시 강남구 선릉로131길 18,37.5176148,127.0395045,470,50
스타실용음악학원,서울특별시 강남구 선릉로 30,37.4826789,127.0611803,6,42
소잉팩토리아카데미학원,서울특별시 강남구 도산대로 217,37.5208373,127.0305484,105,60
하이델베르크음악교습소,서울특별시 강남구 헌릉로590길11,37.4637798,127.10441,20,5
위캔수학교습소,서울특별시 강남구 학동로 513,37.5199166,127.0538683,10,7
포르테아카데미학원,서울특별시 강남구 논현로67길 13-3,37.4937925,127.0389872,22,41
제이피아노교습소,서울특별시 강남구 압구정로29길 68,37.5319756,127.0285632,7,3
스마트(smart)러닝센터학원,서울특별시 강남구 도곡로63길 25,37.498657,127.0536619,25,28
브람스음악교습소,서울특별시 강남구 개포로 615,37.4926936,127.0756284,15,5
앰플에듀수학교습소,서울특별시 강남구 도산대로27길 36,37.522227,127.0276427,14,7
종로신중성어학원,서울특별시 강남구 테헤란로5길 31,37.5007,127.0287234,420,198
매스티지헤어학원,서울특별시 강남구 봉은사로4길 1,37.5046046,127.0261673,110,55
스톰수학학원,서울특별시 강남구 선릉로 709,37.5182165,127.0406688,80,60
피아노포르테음악교습소,서울특별시 강남구 영동대로128길 15,37.5192819,127.0608234,5,5
연세수능매니아학원,서울특별시 강남구 도곡로 409,37.4973819,127.0551699,144,75
1-5디자인랩(Designlab)학원,서울특별시 강남구 도산대로 406,37.522821,127.0399628,46,30
에이펙스영어교습소,서울특별시 강남구 역삼로78길 13,37.5016635,127.0572498,8,2
대치퍼스트학원,서울특별시 강남구 역삼로 519,37.503799,127.0600592,160,72
한국배우예술학원,서울특별시 강남구 언주로172길 65,37.5268906,127.0390855,36,28
시소포토아카데미학원,서울특별시 강남구 강남대로160길 24,37.519637,127.020773,32,53
글로벌셀러아카데미학원,서울특별시 강남구 강남대로150길 11,37.516052,127.0208052,1,50
대치동강란진학상담지도교습소,서울특별시 강남구 도곡로 405,37.4974385,127.0546376,16,4
해빛나인어학원2관학원,서울특별시 강남구 도곡로 517,37.4998422,127.0629444,304,152
아이비라인압구정학원,서울특별시 강남구 선릉로153길 5,37.5244639,127.0389008,2,86
대오학원,서울특별시 강남구 역삼로 456-2,37.5022767,127.0572869,60,66
블루키프렙어학원,서울특별시 강남구 압구정로30길 17,37.5263249,127.0295435,210,152
수력학원,서울특별시 강남구 도곡로77길 14,37.4992943,127.0585913,109,92
하늘소리음악교습소,서울특별시 강남구 남부순환로365길 36,37.4876018,127.0398772,5,5
홍익학원,서울특별시 강남구 삼성로 212,37.4974176,127.0653272,24,69
강성호올림피아드과학교습소,서울특별시 강남구 선릉로62길 30,37.4977722,127.0550448,6,6
올인고전학당학원,서울특별시 강남구 역삼로 456-2,37.5022767,127.0572869,56,52
역삼해법수학학원,서울특별시 강남구 언주로 314,37.4959548,127.0466573,24,25
생각과표현국어학원,서울특별시 강남구 삼성로61길 12,37.499362,127.0594333,60,70
강남천년의미소2관미술학원,서울특별시 강남구 선릉로86길 6-5,37.5028138,127.0506214,2750,54
스카이(SKY)학원,서울특별시 강남구 삼성로69길 11,37.501608,127.0584095,105,113
스탭스터디(staffstudy)연극영상학원,서울특별시 강남구 도산대로27길 40,37.5224016,127.0276172,165,68
퀸즈영어학원,서울특별시 강남구 논현로171길 15,37.5255134,127.0270724,50,73
비해당국선생국어교습소,서울특별시 강남구 영동대로128길 15,37.5192819,127.0608234,8,4
김은옥국어논술교습소,서울특별시 강남구 봉은사로71길 31,37.5142387,127.0491914,60,9
와이즈클래스학원,서울특별시 강남구 도곡로 184,37.4916885,127.0397809,16,62
김범식독일어학원,서울특별시 강남구 테헤란로 119,37.4993136,127.0306456,2079,156
튼튼영어마스터클럽도곡학원,서울특별시 강남구 남부순환로363길 17,37.486376,127.0377377,26,64
아이엠비(IMB)커피전문교육학원,서울특별시 강남구 개포로30길 5,37.4786836,127.0499016,70,61
반디학원,서울특별시 강남구 도산대로25길 39,37.5220641,127.0260237,42,56
유엔씨(UNC)아카데미학원,서울특별시 강남구 삼성로95길 33,37.5071465,127.0531714,75,45
도화2관미술학원,서울특별시 강남구 선릉로76길 26,37.5017991,127.0526984,325,142
한수학학원,서울특별시 강남구 도곡로 510,37.4989119,127.0619546,135,74
단하나의별연기학원,서울특별시 서초구 나루터로 66,37.5151599,127.0172254,55,64
스타팩토리아카데미학원,서울특별시 강남구 학동로 342,37.5166861,127.0405907,184,110
솔학원,서울특별시 강남구 역삼로64길 4,37.5007735,127.0526709,135,90
이탑영어교습소,서울특별시 강남구 압구정로 309,37.5312143,127.0354395,11,4
웨이브러닝어학원,서울특별시 강남구 남부순환로 3032,37.4919843,127.058717,93,75
이용직연기학원,서울특별시 강남구 강남대로124길 39,37.5096824,127.0255941,10,20
투티플룻음악교습소,서울특별시 강남구 언주로 110,37.4845146,127.054174,20,5
가인아카데미학원,서울특별시 강남구 역삼로 536,37.5037491,127.0617296,500,155
사비(4B)미술교습소,서울특별시 강남구 봉은사로43길 29,37.5110904,127.0391031,64,9
이화피아노스튜디오피아노교습소,서울특별시 강남구 남부순환로363길 12-31,37.4864869,127.0387355,60,5
브리티시어학원,서울특별시 강남구 테헤란로5길 31,37.5007,127.0287234,120,100
플레이송스학원,서울특별시 강남구 압구정로 113-22,37.5247099,127.0196554,70,45
강남멘토학원,서울특별시 강남구 삼성로 347,37.5025385,127.0585559,50,54
창의수학학원,서울특별시 강남구 삼성로 212,37.4974176,127.0653272,25,58
시대인재H관학원,서울특별시 강남구 도곡로 453,37.4989394,127.0599205,10530,208
이화엔클렉스학원,서울특별시 강남구 테헤란로1길 28-14,37.5003749,127.0284593,20,52
케이유유이씨(KUUEC)어학원,서울특별시 서초구 서초중앙로28길 2,37.4967959,127.0143395,200,100
예장연극학원,서울특별시 강남구 도산대로1길 24,37.5183123,127.0199708,40,57
강남종로학원,서울특별시 강남구 역삼로 534,37.5037457,127.0614632,3330,873
디엠댄스학원,서울특별시 강남구 선릉로 814,37.5244906,127.0398381,225,45
메가로스쿨강남캠퍼스학원,서울특별시 서초구 서초대로78길 48,37.4934895,127.0285991,5100,276
아트글로우잉(ARTGLOWING)미술교습소,서울특별시 강남구 광평로10길 15,37.482024,127.0821324,6,6
조앤북영어학원,서울특별시 강남구 도곡로 184,37.4916885,127.0397809,644,69
이엠스(EMS)어학원,서울특별시 강남구 언주로172길 11,37.5279482,127.0347797,473,158
IG수학교습소,서울특별시 강남구 삼성로64길 5,37.5008276,127.0609734,24,5
스타인스타즈아카데미학원,서울특별시 강남구 논현로168길 30,37.5234102,127.0305818,60,20
강남최강학원,서울특별시 강남구 삼성로71길 32,37.5017175,127.056292,435,72
깊은생각로두스학원,서울특별시 강남구 도곡로 453,37.4989394,127.0599205,515,157
선수학919학원,서울특별시 강남구 역삼로64길 9,37.5004504,127.0531429,12,72
씨에스보컬학원,서울특별시 강남구 강남대로98길 11,37.5008831,127.027485,56,47
시리우스베타학원,서울특별시 강남구 역삼로 505,37.5034653,127.0591428,340,85
크리티크학원,서울특별시 강남구 논현로157길 19,37.5222921,127.0264597,48,80
프랙탈학원,서울특별시 강남구 역삼로92길 7,37.5040155,127.0629798,40,70
한별수학학원,서울특별시 강남구 삼성로 212,37.4974176,127.0653272,36,55
(주)산에듀김영준국어논술전문별관학원,서울특별시 강남구 선릉로62길 27,37.4978682,127.0547501,1560,132
페디아플러스(paedea plus)역삼학원,서울특별시 강남구 역삼로 310,37.499217,127.0484398,70,40
키포유잉글리쉬(KEY FOR YOU ENGLISH)영어교습소,서울특별시 강남구 도곡로 405,37.4974385,127.0546376,6,3
압구정지니엠국어학원,서울특별시 강남구 압구정로34길 11,37.5273895,127.030957,185,76
정수학학원,서울특별시 강남구 개포로22길 90,37.4750114,127.0527234,69,29
앤서어학원,서울특별시 강남구 압구정로30길 17,37.5263249,127.0295435,574,227
쎄비앙프랑스어학원,서울특별시 강남구 논현로161길 13,37.523335,127.0270202,61,158
원(元)수학학원,서울특별시 강남구 삼성로57길 19,37.4976226,127.0595092,225,174
뷰티풀마인드수학학원,서울특별시 강남구 선릉로64길 11-2,37.4980851,127.0532687,132,78
대치플투스2관학원,서울특별시 강남구 역삼로 458,37.5024983,127.0574222,72,38
에스온수리영재아카데미학원,서울특별시 강남구 역삼로 548,37.5043051,127.0630781,420,202
뿌리깊은나무학원,서울특별시 강남구 선릉로64길 8,37.4977228,127.0531038,84,60
에이뮤즈댄스학원,서울특별시 강남구 봉은사로1길 6,37.5052631,127.0252433,23,23
조이댄스플러그인뮤직실용음악학원,서울특별시 강남구 선릉로111길 37,37.510008,127.0406212,18,40
범수학학원,서울특별시 강남구 삼성로75길 7,37.5034549,127.0576865,110,74
피아노이야기음악교습소,서울특별시 강남구 남부순환로365길 42,37.4876219,127.0395944,15,5
아트엠미술학원,서울특별시 강남구 선릉로 412,37.5017178,127.0505772,403,83
리든어학원,서울특별시 강남구 도산대로6길 9,37.5161239,127.0218306,88,151
송선생중국어교습소,서울특별시 강남구 남부순환로 2917,37.4931481,127.0590766,6,2
매치스투디오실용음악학원,서울특별시 강남구 강남대로94길 69,37.5009149,127.0327928,16,16
씨엠에스(CMS)대치입시센터학원,서울특별시 강남구 삼성로 334,37.5015069,127.0599056,635,283
맵플러스수학교습소,서울특별시 강남구 광평로10길 15,37.482024,127.0821324,12,5
카일룸프렙학원,서울특별시 강남구 언주로165길 5,37.5255109,127.032136,70,164
타임퍼더(TiME further)학원,서울특별시 강남구 도곡로93길 9,37.5008373,127.0645016,28,72
죠이플리딩영어교습소,서울특별시 강남구 광평로19길 10,37.4847337,127.0876186,8,8
청담에이스어학원,서울특별시 강남구 학동로67길 14,37.5192426,127.0468262,55,148
러닝압구정어학학원,서울특별시 강남구 언주로 860,37.5272308,127.0339237,612,153
에듀윌편입학원자연계전문관학원,서울특별시 강남구 테헤란로4길 28,37.4965132,127.0300705,3280,192
에이지아이(AGI)어학원,서울특별시 강남구 봉은사로26길 11,37.5062117,127.0333566,10,70
강남탑브레인학원,서울특별시 서초구 강남대로 627,37.5176791,127.0186716,32,100
게이트대치어학학원,서울특별시 강남구 도곡로 313,37.495791,127.0501929,148,713
오원한국화미술학원,서울특별시 강남구 선릉로 408,37.5014247,127.050749,75,92
드림에듀케이션학원,서울특별시 강남구 선릉로72길 18,37.5002844,127.05266,132,50
강한영어교습소,서울특별시 강남구 선릉로62길 30,37.4977722,127.0550448,63,9
모델라인모델학원,서울특별시 강남구 언주로164길 33,37.5255946,127.036299,10,50
소논문통합수학학원,서울특별시 강남구 역삼로69길 5,37.5019692,127.0537153,20,67
로얄블루유학미술학원,서울특별시 강남구 언주로167길 36,37.526616,127.0303007,12,55
정연완전학습학원,서울특별시 강남구 역삼로 417,37.5013862,127.0526773,160,74
제3교실수학교습소,서울특별시 강남구 개포로22길 104,37.4755914,127.053641,10,5
게이트프렙스어학원,서울특별시 강남구 논현로168길 36,37.5232127,127.0309526,21,181
윤슬학원,서울특별시 강남구 삼성로71길 14,37.5022183,127.0577128,46,77
강남월드인코리아학원,서울특별시 강남구 강남대로96길 19,37.5001796,127.0285604,302,102
케이저랭귀지학원,서울특별시 강남구 삼성로82길 13,37.5052966,127.0588504,180,90
수아뜰리에미술교습소,서울특별시 강남구 도산대로19길 49,37.5216886,127.0240597,10,5
최상독서실,서울특별시 강남구 삼성로69길 12,37.5016211,127.0581185,291,97
대치베스트다빈치학원,서울특별시 강남구 역삼로 428,37.5012827,127.0539228,140,114
이창용어학원,서울특별시 강남구 테헤란로4길 28,37.4965132,127.0300705,452,226
장호진수학교습소,서울특별시 강남구 개포로 506,37.4891361,127.067521,35,7
피아노리브레(Piano Libre)학원,서울특별시 강남구 강남대로96길 20,37.4999135,127.0286403,1,27
에듀모스트어학학원,서울특별시 강남구 역삼로 415,37.501434,127.052328,120,149
짱솔학원,서울특별시 강남구 남부순환로 2935,37.4940247,127.0613442,110,259
솔(sol)수학학원,서울특별시 강남구 역삼로 444,37.501894,127.055663,140,71
엠아이디(MID)정시관학원,서울특별시 강남구 삼성로61길 20,37.4991647,127.0587869,75,45
에이엠씨스터디(aMCstudy)학원,서울특별시 강남구 논현로175길 60,37.524382,127.0239773,104,147
서울사진영상IT학원,서울특별시 강남구 역삼로1길 18,37.4944404,127.0305465,266,179
웨이즈비수학학원,서울특별시 강남구 남부순환로 2936,37.4933573,127.0619092,54,69
철벽수학인터넷학원,서울특별시 강남구 언주로167길 25,37.5263659,127.0310718,184,0
비탑영어그릿수학831학원,서울특별시 강남구 남부순환로 2936,37.4933573,127.0619092,387,121
오거서논술교습소,서울특별시 강남구 개포로110길 15,37.4922926,127.0783273,12,4
이강프리미엄관서울아카데미학원,서울특별시 강남구 역삼로 422,37.501055,127.0531811,990,340
터칭아트앤포터리미술교습소,서울특별시 강남구 개포로 506,37.4891361,127.067521,70,7
수학의흐름학원,서울특별시 강남구 도곡로63길 34,37.4991366,127.0537643,276,75
한별교육학원,서울특별시 강남구 삼성로 212,37.4974176,127.0653272,84,72
원더팩토리미술학원,서울특별시 강남구 도산대로27길 33,37.5221059,127.0272866,57,63
문경희영어학원,서울특별시 강남구 삼성로 150,37.4933928,127.0673501,140,35
에이비알에스엠(ABRSM)음악교습소,서울특별시 서초구 신반포로 189,37.5065127,127.0047106,21,5
데프댄스(DEF DANCE)학원,서울특별시 강남구 역삼로65길 25,37.5028419,127.0521602,1058,93
리온쥬니어미술학원,서울특별시 강남구 선릉로82길 10,37.5024684,127.0509008,210,79
플레이팩토강남학원,서울특별시 강남구 선릉로62길 39,37.4982592,127.0555379,76,83
수이수능학원,서울특별시 강남구 영동대로57길 16,37.500019,127.0661063,222,107
해빛나인어학원1관학원,서울특별시 강남구 도곡로 517,37.4998422,127.0629444,304,150
온어스에듀학원,서울특별시 강남구 언주로167길 34,37.5266094,127.0304576,310,69
(주)케이미디어텍학원,서울특별시 강남구 논현로 854,37.5254187,127.028869,119998,50
비전과멘토학원,서울특별시 강남구 선릉로66길 9,37.4986482,127.0527102,10,74
이끌림영어학원,서울특별시 강남구 역삼로 417,37.5013862,127.0526773,114,91
아트봄미술교습소,서울특별시 강남구 개포로82길 13-9,37.4886373,127.0677765,10,7
연우아트아카데미학원,서울특별시 강남구 강남대로156길 20,37.5182433,127.0208133,92,60
논술공감학원,서울특별시 강남구 삼성로 212,37.4974176,127.0653272,73,73
아이뮤직음악학원,서울특별시 강남구 삼성로119길 37,37.515298,127.0485626,30,10
엠피(MP)수학학원,서울특별시 강남구 선릉로62길 32-3,37.4976541,127.055336,30,25
개념폴리아학원,서울특별시 강남구 남부순환로 2911-1,37.4927102,127.0577477,4360,226
더프라임수학학원,서울특별시 강남구 도곡로 521,37.5000321,127.0632277,500,190
엔씨지아카데미학원,서울특별시 강남구 봉은사로49길 7,37.5104078,127.0419456,10,53
임지석과학전문학원,서울특별시 강남구 선릉로 660,37.5155551,127.0423675,30,30
해커스로스쿨학원,서울특별시 강남구 강남대로 428,37.5007737,127.0267129,420,294
애로우잉글리시학원,서울특별시 강남구 강남대로78길 12,37.4948619,127.0303579,330,127
라미아카데미학원,서울특별시 강남구 학동로 139,37.5127946,127.025956,40,58
세정2층학원,서울특별시 강남구 도곡로 435,37.4985188,127.0577494,1016,201
노블이안학원,서울특별시 강남구 선릉로62길 39,37.4982592,127.0555379,28,72
개념원리원격학원,서울특별시 강남구 테헤란로8길 37,37.4966013,127.0325739,16800,0
리엔이화피아노교습소,서울특별시 강남구 헌릉로590길 63,37.4602882,127.1011856,35,5
임재한문교습소,서울특별시 강남구 삼성로 212,37.4974176,127.0653272,14,7
잉글리쉬클리닉영어교습소,서울특별시 강남구 역삼로64길 26,37.4994478,127.0533138,5,5
엠에스씨수학학원,서울특별시 강남구 영동대로50길 10,37.4985403,127.0699374,70,140
수학마루교습소,서울특별시 강남구 삼성로 212,37.4974176,127.0653272,15,5
뉴(NEW)이선생수학전문학원,서울특별시 강남구 광평로10길 6,37.4818897,127.0775108,220,84
스페인어세계통역학원,서울특별시 강남구 강남대로110길 24,37.5036914,127.0267793,216,72
노바(NOVA)수학학원,서울특별시 강남구 개포로 615,37.4926936,127.0756284,47,125
생생수리논술학원,서울특별시 강남구 삼성로64길 51,37.5011262,127.0644719,82,80
개인별맞춤수학교습소,서울특별시 강남구 삼성로 324,37.5008476,127.0601302,75,5
펨토스에듀학원,서울특별시 강남구 역삼로 552,37.5044438,127.0634946,75,156
라하잉글리시강남개포직영학원,서울특별시 강남구 개포로 615,37.4926936,127.0756284,224,50
리드101대치영어학원,서울특별시 강남구 도곡로 531,37.5003212,127.0644992,1000,93
이피에스그룹어학원,서울특별시 강남구 압구정로 104,37.5225127,127.0200354,45,75
에스씨수학학원,서울특별시 강남구 삼성로58길 29,37.4992421,127.0635885,210,116
일대일수학교습소,서울특별시 강남구 남부순환로 2921,37.4936059,127.0597001,28,4
사이버제이엘에스원격학원,서울특별시 강남구 영동대로 227,37.4994104,127.067582,228,900
비앤알에듀케이션학원,서울특별시 강남구 논현로 816,37.5212749,127.0284551,283,163
별나무미술교습소,서울특별시 강남구 압구정로29길 68,37.5319756,127.0285632,7,7
지스트수학전문학원,서울특별시 강남구 남부순환로363길 12-53,37.4866201,127.0388676,30,44
영독대치캠퍼스어학원,서울특별시 강남구 남부순환로 2942,37.4935818,127.0623994,900,200
리터니손민국어교습소,서울특별시 강남구 삼성로 212,37.4974176,127.0653272,9,9
아트움미술교습소,서울특별시 강남구 개포로124길 17,37.493646,127.0831226,4,9
미래의학원,서울특별시 강남구 삼성로 350-5,37.5029035,127.0594249,847,180
귀큰여우창작소미술학원,서울특별시 강남구 선릉로 225,37.4953404,127.0526522,12,36
날개달기국어교습소,서울특별시 강남구 도곡로 173,37.491876,127.0382922,3,8
정현영어학원,서울특별시 강남구 도곡로 405,37.4974385,127.0546376,40,72
그루샘수학보습학원,서울특별시 강남구 도곡로 451,37.4988842,127.0597528,180,157
에이비씨(ABC)항공승무원학원,서울특별시 강남구 논현로 416,37.4974247,127.0389213,1110,79
더블유에스이티코리아와인비전호텔관광학원,서울특별시 강남구 선릉로135길 12,37.5186941,127.0396592,312,104
강남커피바리스타학원,서울특별시 강남구 학동로47길 16,37.5177226,127.0386898,45,60
에이매쓰학원,서울특별시 강남구 언주로30길 10,37.4873616,127.0513255,12,75
압구정베블렌3관학원,서울특별시 강남구 압구정로 110,37.5229663,127.0209482,420,101
글과문장논술교습소,서울특별시 강남구 선릉로130길 20,37.5161513,127.0434365,24,8
케이지에듀원아이티뱅크강남학원,서울특별시 강남구 강남대로84길 16,37.4966779,127.0299896,3672,249
센텀수학학원,서울특별시 강남구 역삼로64길 26,37.4994478,127.0533138,60,85
ANC크루팩토리승무원학원,서울특별시 강남구 강남대로 584,37.513958,127.0206632,450,112
바로새김학원,서울특별시 강남구 삼성로 331,37.5011637,127.0593306,201,129
기준과학대치해법수학학원,서울특별시 강남구 삼성로57길 5,37.4980215,127.0606264,105,50
스페셜리스트국어논술전문학원,서울특별시 강남구 남부순환로 2936,37.4933573,127.0619092,232,103
이챕터스도곡학원,서울특별시 강남구 선릉로 225,37.4953404,127.0526522,100,30
하이매쓰큐학원,서울특별시 강남구 삼성로 212,37.4974176,127.0653272,112,50
페디아플러스대치학원,서울특별시 강남구 삼성로 212,37.4974176,127.0653272,70,72
블루키대치어학원,서울특별시 강남구 삼성로 155,37.4938284,127.062941,210,151
만두쌤과특별한미술교습소,서울특별시 강남구 광평로10길 6,37.4818897,127.0775108,5,5
아르떼음악교습소,서울특별시 강남구 선릉로68길 27,37.4996155,127.0539702,15,5
에스와이액팅연기학원,서울특별시 강남구 봉은사로74길 15,37.5115428,127.0520441,107,77
로드맵학원,서울특별시 강남구 선릉로 225,37.4953404,127.0526522,62,69
대치미래인학원,서울특별시 강남구 삼성로 341,37.5019016,127.0589304,490,84
이원학원,서울특별시 강남구 선릉로115길 33,37.5114869,127.040304,60,51
유패스학원,서울특별시 강남구 삼성로76길 16,37.5040636,127.0596603,8,76
대치두다국어학원,서울특별시 강남구 삼성로61길 16,37.4992621,127.0591244,188,91
한국글로벌널리지학원,서울특별시 강남구 언주로 425,37.5011085,127.0428933,760,63
아틈학원,서울특별시 강남구 봉은사로61길 12,37.5120285,127.0464417,24,24
제이앤케이(J&K)액팅연기학원,서울특별시 강남구 선릉로120길 13,37.5140836,127.0436857,8,49
에이플러스독서실,서울특별시 강남구 도곡로 183,37.49227,127.039393,370,74
나엘음악학원,서울특별시 강남구 헌릉로570길 34,37.4631419,127.1034644,60,24