학원명,도로명주소,Latitude,Longitude,정원합계,일시수용능력인원합계
마들단디독서실,서울특별시 노원구 동일로227길 26,37.6687829,127.0537253,167,167
청우어학원,서울특별시 노원구 동일로 1368,37.6507502,127.0619389,90,147
경희로맨틱발레(Romanticballet)무용학원,서울특별시 노원구 동일로 1393,37.6529411,127.0605151,60,99
중계새롬보습학원,서울특별시 노원구 중계로 8길 29,37.6459851,127.0826402,55,105
한샘영재보습학원,서울특별시 노원구 섬밭로 209,37.6354449,127.0642439,50,85
리틀비음악학원,서울특별시 노원구 동일로227길 26,37.6687829,127.0537253,57,45
중앙키즈팝음악학원,서울특별시 노원구 동일로216길 70,37.6521365,127.0654852,60,19
세화음악학원,서울특별시 노원구 섬밭로 209,37.6354449,127.0642439,36,54
예쁜소리음악학원,서울특별시 노원구 동일로 1456,37.6588173,127.0604508,90,21
카라얀음악학원,서울특별시 노원구 한글비석로 460,37.66447,127.0669577,406,54
중앙음악학원,서울특별시 노원구 덕릉로 459-47,37.6472467,127.0595377,90,22
클릭전원미술학원,서울특별시 노원구 동일로 1354,37.6495588,127.062273,400,134
숙명피아노학원,서울특별시 노원구 광운로 43,37.6213249,127.0590216,3,54
SMMA음악학원,서울특별시 노원구 섬밭로 232,37.6368495,127.0663824,19,118
동명피아노학원,서울특별시 노원구 동일로228길 29,37.6678103,127.0587367,32,20
보람음악학원,서울특별시 노원구 한글비석로 474,37.6648566,127.0654725,16,150
보람웅변학원,서울특별시 노원구 한글비석로 474,37.6648566,127.0654725,90,120
맑은샘상계음악학원,서울특별시 노원구 노원로 547,37.6607248,127.0569722,22,114
어린화가들미술학원,서울특별시 노원구 동일로228길 29,37.6678103,127.0587367,10,120
예광음악학원,서울특별시 노원구 동일로 1384,37.6525437,127.0615355,24,53
매쓰플러스수학학원,서울특별시 노원구 한글비석로 227,37.6479003,127.0762756,96,87
아이린영어학원,서울특별시 노원구 동일로 1551,37.6668834,127.0568372,24,85
공감학원,서울특별시 노원구 노원로34길 102,37.6634793,127.0662276,90,104
최고수챌린지에듀학원,서울특별시 노원구 동일로 1528,37.6648039,127.0581367,710,204
감자과학수학전문학원,서울특별시 노원구 한글비석로 265,37.6514461,127.0765554,27,96
쎄실음악학원,서울특별시 노원구 상계로1길 74,37.6594056,127.0615269,136,17
은하피아노학원,서울특별시 노원구 노원로34길 92,37.663059,127.0661643,50,17
줄리어드음악학원,서울특별시 노원구 노원로 540,37.6614571,127.0593957,50,22
무한수학영어전문학원,서울특별시 노원구 동일로 1026,37.6217391,127.074606,84,78
예솔음악학원,서울특별시 노원구 동일로207길 23,37.642026,127.0641086,17,54
디자인은그린섬미술학원,서울특별시 노원구 노해로 488,37.6543208,127.0621574,125,153
연세이엘피(ELP)월계점음악학원,서울특별시 노원구 초안산로 19,37.6295685,127.0541403,75,71
제이실용음악학원,서울특별시 노원구 동일로230길 31,37.6716699,127.0580313,29,60
명음음악학원,서울특별시 노원구 중계로 198,37.6519314,127.0795434,110,162
준미술학원,서울특별시 노원구 상계로 108,37.6570828,127.0672266,365,73
제2조재필수학학원,서울특별시 노원구 한글비석로 254,37.6504079,127.0770904,110,91
제2과수원과학수학전문학원,서울특별시 노원구 중계로 201,37.6504487,127.0777705,1011,172
중계미래탐구초등영재센터학원,서울특별시 노원구 한글비석로 232,37.6483769,127.0769291,1100,191
한울비상학원,서울특별시 노원구 동일로230길 31,37.6716699,127.0580313,552,138
애플키즈보습학원,서울특별시 노원구 공릉로41길 15,37.6245095,127.0787845,30,90
비바체음악학원,서울특별시 노원구 노원로22길 77,37.6485878,127.0742954,10,55
천년의미소미술학원,서울특별시 노원구 동일로 1366,37.6505564,127.0619982,360,63
와이비엠이씨씨노원어학원,서울특별시 노원구 한글비석로 263,37.6512178,127.0764633,75,235
토즈하계스마트독서실,서울특별시 노원구 공릉로63길 13,37.6348629,127.0705387,122,122
클라라음악학원,서울특별시 노원구 동일로237길 46,37.6736727,127.0528512,310,31
윤선생우리집앞영어교실상승학원,서울특별시 노원구 동일로192길 37,37.6266059,127.074855,150,211
남주희실용음악학원,서울특별시 노원구 동일로 1532,37.6653113,127.0579985,9,56
조이앤플레이음악학원,서울특별시 노원구 동일로217길 58,37.6532867,127.0579391,28,30
김영편입노원캠퍼스학원,서울특별시 노원구 동일로 1396,37.6532435,127.0613144,2430,305
티씨에스(TCS)실용음악학원,서울특별시 노원구 동일로191길 15,37.625011,127.0721986,4,120
청담어학원,서울특별시 노원구 중계로 218,37.6508704,127.0760059,135,557
고려e학원,서울특별시 노원구 누원로 20,37.6869316,127.0528593,140,87
서진독서실,서울특별시 노원구 노원로 460,37.6575945,127.0665165,212,130
학여울연세음악학원,서울특별시 노원구 동일로207길 184,37.6363492,127.0613398,36,120
도전깨우침비상과학수학학원,서울특별시 노원구 한글비석로 271,37.6519943,127.0770251,30,76
엘리트보습학원,서울특별시 노원구 동일로218길 17,37.6539147,127.0619142,55,87
조승건수학전문학원,서울특별시 노원구 한글비석로 269,37.6517301,127.0767968,88,70
요리수창의교육학원,서울특별시 노원구 공릉로 146,37.623032,127.0795563,66,45
엠파워학원,서울특별시 노원구 중계로 218,37.6508704,127.0760059,96,101
크레버스영재관중계제2지점학원,서울특별시 노원구 중계로 217,37.6504871,127.0759853,854,169
예스(Yes)독서실,서울특별시 노원구 공릉로46길 3,37.6271808,127.0791659,126,126
디자인K미술학원,서울특별시 노원구 노해로 492,37.6544405,127.0626886,400,211
주주(JUJU)실용음악학원,서울특별시 노원구 중계로12가길 29,37.6483323,127.0829105,600,59
경희음악학원,서울특별시 노원구 동일로242마길 6,37.6742707,127.0589539,27,60
학림2관학원,서울특별시 노원구 중계로 217,37.6504871,127.0759853,2000,199
창신보습학원,서울특별시 노원구 덕릉로 744,37.6638594,127.076581,156,116
이보영의토킹클럽중계학원,서울특별시 노원구 한글비석로 269,37.6517301,127.0767968,60,75
리딩뱅크독서실,서울특별시 노원구 중계로 217,37.6504871,127.0759853,288,152
신세화음악학원,서울특별시 노원구 공릉로34길 62,37.6234994,127.0831875,41,41
플랜원영수전문학원,서울특별시 노원구 중계로 225,37.6498272,127.0743318,66,75
예음음악학원,서울특별시 노원구 덕릉로73길 28,37.6534321,127.072311,55,49
칼라키즈(COLOR)어학원,서울특별시 노원구 공릉로39길 22-1,37.6239417,127.0780231,50,148
한국UPI학원,서울특별시 노원구 석계로1길 22,37.6155573,127.0634946,220,298
선화음악학원,서울특별시 노원구 덕릉로118길 29,37.667829,127.0816184,50,30
종로엠스쿨중계학원독서실,서울특별시 노원구 동일로 1373,37.6511487,127.0610612,635,198
새리듬음악학원,서울특별시 노원구 동일로192길 77,37.6280811,127.0768426,127,28
시심학원,서울특별시 노원구 중계로 197,37.6497527,127.0784681,55,96
로사음악학원,서울특별시 노원구 공릉로58길 176,37.6374588,127.0773164,270,30
C&C미술학원,서울특별시 노원구 노해로 501,37.6552273,127.0635578,410,116
TOPIAEnglishZone어학학원,서울특별시 노원구 한글비석로 276,37.6518713,127.0777853,154,990
중계탑클래스은행사거리학원,서울특별시 노원구 한글비석로 271,37.6519943,127.0770251,602,81
이감수학학원,서울특별시 노원구 중계로18길 13,37.6513077,127.0778154,42,78
노원연세보습학원,서울특별시 노원구 상계로 193-25,37.6627597,127.0733601,30,91
김재현수학학원,서울특별시 노원구 노원로 254,37.6402077,127.0735771,30,73
새벽2시독서실,서울특별시 노원구 동일로230가길 10,37.6720151,127.0576106,148,148
이튼보습학원,서울특별시 노원구 중계로 217,37.6504871,127.0759853,223,167
윤오상수학학원,서울특별시 노원구 한글비석로 264,37.6509746,127.0771635,60,115
루체음악학원,서울특별시 노원구 공릉로34길 34,37.6229669,127.0810212,35,31
공릉최고수학보습학원,서울특별시 노원구 노원로1길 9,37.6221921,127.0863931,120,79
양지통역학원,서울특별시 노원구 노원로 468,37.658125,127.0659897,105,40
칼수학2관학원,서울특별시 노원구 한글비석로 272,37.6517354,127.0775931,186,201
정진우수학학원,서울특별시 노원구 한글비석로 273,37.6521755,127.0771914,44,75
맥스윈학원,서울특별시 노원구 노원로34길 76,37.6624675,127.0660687,62,81
edu-pro보습학원,서울특별시 노원구 동일로192길 77,37.6280811,127.0768426,214,85
고종대수학학원,서울특별시 노원구 공릉로46길 6,37.6268785,127.079495,140,74
중계세일입시학원,서울특별시 노원구 중계로 206,37.6508711,127.077531,851,863
토피아중등부학원,서울특별시 노원구 한글비석로 231,37.6482011,127.0762923,1060,917
강북메가스터디학원,서울특별시 노원구 노해로 459,37.6542638,127.0590018,6161,1400
아이원미술학원,서울특별시 노원구 섬밭로 139,37.6291633,127.0668178,80,57
조재필수학학원,서울특별시 노원구 한글비석로 253,37.6504239,127.0763502,60,185
엘림무용학원,서울특별시 노원구 동일로232길 27,37.6730038,127.0574204,56,42
조승건수학전문학원상계2캠퍼스학원,서울특별시 노원구 덕릉로 459-37,37.6467584,127.0595441,64,96
DES영어학원,서울특별시 노원구 화랑로51길 38,37.6249914,127.0890791,128,152
다솔학원,서울특별시 노원구 공릉로 154-8,37.6236801,127.0799425,204,107
Lisa영어학원,서울특별시 노원구 한글비석로 276,37.6518713,127.0777853,22,70
한빛간호학원,서울특별시 노원구 동일로 1393,37.6529411,127.0605151,133,165
탑클래스학원,서울특별시 노원구 덕릉로60길 182,37.6327047,127.0436854,50,68
언희당국어교육별관학원,서울특별시 노원구 한글비석로 272,37.6517354,127.0775931,42,77
피플미술학원,서울특별시 노원구 한글비석로 242,37.6493084,127.0769639,160,109
로뎀음악학원,서울특별시 노원구 수락산로 234,37.6715296,127.0530298,24,240
K연세음악학원,서울특별시 노원구 노원로34길 58,37.6614315,127.0659371,29,44
제1조재필수학보습학원,서울특별시 노원구 한글비석로 253,37.6504239,127.0763502,48,98
클링투영어보습학원,서울특별시 노원구 한글비석로 253,37.6504239,127.0763502,125,136
에꼴무용학원,서울특별시 노원구 석계로9길 17,37.6171761,127.063258,80,41
작은숲피아노교습소,서울특별시 노원구 동일로245가길 41,37.6799626,127.0535049,20,4
라라피아노교습소,서울특별시 노원구 노원로 421,37.654261,127.066997,15,5
자이온뮤직음악교습소,서울특별시 노원구 덕릉로 459-37,37.6467584,127.0595441,40,9
한우리독서토론논술보람논술교습소,서울특별시 노원구 한글비석로 474,37.6648566,127.0654725,12,6
송기수국어교습소,서울특별시 노원구 한글비석로 276,37.6518713,127.0777853,18,3
학림제3학원,서울특별시 노원구 한글비석로 242,37.6493084,127.0769639,2000,265
개념의힘수학전문학원,서울특별시 노원구 덕릉로 680,37.6583669,127.0754616,16,70
이보영의토킹클럽공릉학원,서울특별시 노원구 노원로1길 67,37.6208105,127.0836023,80,84
김연수국어논술교습소,서울특별시 노원구 한글비석로 269,37.6517301,127.0767968,16,4
팜스에듀학원,서울특별시 노원구 중계로 162-11,37.6497854,127.0813006,140,99
조이음악교습소,서울특별시 노원구 공릉로59길 15,37.6331962,127.0710597,16,4
중계1관정상어학원,서울특별시 노원구 노원로 248,37.6398509,127.0739204,166,279
금빛피아노교습소,서울특별시 노원구 상계로26길 20,37.6573541,127.0712422,9,3
21세기연세단과전문학원,서울특별시 노원구 동일로 1596,37.6708653,127.0566743,280,199
도담도담학원,서울특별시 노원구 노원로 560,37.6615763,127.0567228,660,155
칸타레음악교습소,서울특별시 노원구 동일로250길 18,37.6816043,127.0565915,16,4
마이엠수학학원,서울특별시 노원구 섬밭로 263,37.6387852,127.0624881,100,85
홍피아노교습소,서울특별시 노원구 한글비석로 571,37.6641843,127.0546598,8,4
위드(With)음악교습소,서울특별시 노원구 마들로 31,37.6178025,127.0685682,16,4
에듀타임학원,서울특별시 노원구 노원로22길 77,37.6485878,127.0742954,457,89
아름다운음악교습소,서울특별시 노원구 덕릉로 459-37,37.6467584,127.0595441,25,8
투비영어교습소,서울특별시 노원구 동일로 1545,37.6663796,127.0569683,30,5
지니영어학원,서울특별시 노원구 한글비석로 227,37.6479003,127.0762756,48,85
핵심학원,서울특별시 노원구 덕릉로 680,37.6583669,127.0754616,30,88
챌린지수학교습소,서울특별시 노원구 한글비석로 269,37.6517301,127.0767968,10,5
영피아노교습소,서울특별시 노원구 노원로 522,37.6612049,127.0610037,12,4
프로매쓰(promath)수학학원,서울특별시 노원구 중계로 197,37.6497527,127.0784681,35,93
와이즈만영재학원,서울특별시 노원구 중계로 219,37.6504923,127.0756701,64,140
중계미래탐구중등학원,서울특별시 노원구 한글비석로 232,37.6483769,127.0769291,1660,662
퀸실용음악학원,서울특별시 노원구 동일로192길 52,37.6266329,127.0758728,46,96
피아니스트음악학원,서울특별시 노원구 덕릉로77길 8,37.655024,127.0735727,60,59
옛동무그림이야기미술학원,서울특별시 노원구 동일로230길 39,37.6729841,127.0592029,23,58
최진혁수학학원,서울특별시 노원구 한글비석로 253,37.6504239,127.0763502,336,72
난파음악학원,서울특별시 노원구 화랑로51길 38,37.6249914,127.0890791,1,48
두드림에듀학원,서울특별시 노원구 중계로 220,37.6508775,127.0756868,86,99
생각하는황소영어학원,서울특별시 노원구 한글비석로 264,37.6509746,127.0771635,159,89
더와이즈(The whys)학원,서울특별시 노원구 한글비석로 265,37.6514461,127.0765554,390,77
강북청솔학원,서울특별시 노원구 한글비석로 242,37.6493084,127.0769639,6565,819
손호심국어학원,서울특별시 노원구 중계로 217,37.6504871,127.0759853,162,107
이앤아이음악교습소,서울특별시 노원구 공릉로34길 62,37.6234994,127.0831875,40,5
하늘높이영수학원,서울특별시 노원구 덕릉로 740,37.6636282,127.0764046,32,87
예뜰음악교습소,서울특별시 노원구 동일로191가길 59,37.627544,127.0699862,44,4
수학에미친사람들중계관학원,서울특별시 노원구 중계로 219,37.6504923,127.0756701,375,135
해냄학원,서울특별시 노원구 한글비석로 264,37.6509746,127.0771635,60,77
English무무중계학원,서울특별시 노원구 한글비석로 363,37.6579097,127.0744272,191,107
장현학수학교습소,서울특별시 노원구 한글비석로 571,37.6641843,127.0546598,42,7
하이퍼과학교습소,서울특별시 노원구 중계로18길 17,37.6515236,127.0778413,5,5
CRI창의학원,서울특별시 노원구 동일로203가길 29,37.6399359,127.0642574,56,73
나무미술교습소,서울특별시 노원구 중계로12가길 2,37.6473163,127.0821096,32,9
이보영의토킹클럽노원마들보습학원,서울특별시 노원구 동일로 1550,37.6669174,127.0575806,140,82
상계벽산해법영어교습소,서울특별시 노원구 한글비석로 396,37.6614765,127.0728242,14,7
청백해법수학교습소,서울특별시 노원구 월계로45가길 89,37.6317699,127.0501857,14,7
울림피아노교습소,서울특별시 노원구 한글비석로 396,37.6614765,127.0728242,16,4
이해와지혜학원,서울특별시 노원구 한글비석로 271,37.6519943,127.0770251,150,74
화랑점해법수학교습소,서울특별시 노원구 화랑로51길 78,37.6257733,127.0873569,10,5
아름무용나라무용학원,서울특별시 노원구 덕릉로 669,37.6573787,127.074582,117,51
올킬수학?과학학원,서울특별시 노원구 노원로22길 70,37.6468287,127.0728289,50,72
아인피아노교습소,서울특별시 노원구 동일로241길 53,37.6773841,127.0531484,15,3
크레용미술학원,서울특별시 노원구 덕릉로73길 18,37.6521826,127.0724569,50,69
반디독서실,서울특별시 노원구 덕릉로73길 18,37.6521826,127.0724569,110,156
수아인수학학원,서울특별시 노원구 한글비석로8길 16,37.6472756,127.0779151,90,85
최강영어전문학원,서울특별시 노원구 덕릉로112길 42,37.6663596,127.0798895,210,84
비앤비(BnB)영어교습소,서울특별시 노원구 한글비석로 571,37.6641843,127.0546598,44,4
한솔탑어학원,서울특별시 노원구 석계로 49,37.6185529,127.0625822,40,151
로망스음악교습소,서울특별시 노원구 덕릉로73길 28,37.6534321,127.072311,18,6
은빛해법영어교습소,서울특별시 노원구 동일로245가길 41,37.6799626,127.0535049,54,9
박기태언어학원,서울특별시 노원구 한글비석로 276,37.6518713,127.0777853,391,70
이디엠(EDM)수학전문학원,서울특별시 노원구 한글비석로 232,37.6483769,127.0769291,189,89
라라실용음악학원,서울특별시 노원구 월계로45길 37,37.6269962,127.0503638,7,62
SOSU과학전문보습학원,서울특별시 노원구 한글비석로 271,37.6519943,127.0770251,30,84
황현영어학원,서울특별시 노원구 한글비석로 474,37.6648566,127.0654725,136,89
능운한문교습소,서울특별시 노원구 석계로 49,37.6185529,127.0625822,18,9
최상영수학원,서울특별시 노원구 마들로 31,37.6178025,127.0685682,144,78
쎈중계학원,서울특별시 노원구 한글비석로15길 27,37.6570128,127.0741706,32,95
와이비엠(YBM)공릉용원캠퍼스학원,서울특별시 노원구 동일로197길 23,37.6283672,127.070056,98,86
배움의숲학원,서울특별시 노원구 중계로 217,37.6504871,127.0759853,2000,164
매일영어교습소,서울특별시 노원구 한글비석로31길 34,37.6605806,127.0690116,27,9
코원영어전문소수정예학원,서울특별시 노원구 동일로 1545,37.6663796,127.0569683,110,81
더베스트영어전문학원,서울특별시 노원구 한글비석로52길 18,37.6652985,127.0665267,20,84
코코스(KOKOS)영어교습소,서울특별시 노원구 한글비석로 264,37.6509746,127.0771635,32,4
최강수학영어과학학원,서울특별시 노원구 노원로1길 9,37.6221921,127.0863931,80,98
RedAcademy학원,서울특별시 노원구 노원로34길 88,37.6628649,127.0661333,135,85
이보영의토킹클럽월계번동학원,서울특별시 노원구 월계로45길 21,37.6265468,127.0497923,196,90
삼성컴퓨터학원,서울특별시 노원구 공릉로 223,37.6291131,127.076729,90,49
e-해법수학교습소,서울특별시 노원구 섬밭로 139,37.6291633,127.0668178,16,8
드릴스터디학원,서울특별시 노원구 월계로45길 21,37.6265468,127.0497923,50,95
SM영어교습소,서울특별시 노원구 동일로 1493,37.6616672,127.0578993,30,6
MAP학원,서울특별시 노원구 한글비석로15길 27,37.6570128,127.0741706,86,103
루리앤라라아트스튜디오미술교습소,서울특별시 노원구 섬밭로 125,37.6272664,127.0686136,42,7
바른수학학원,서울특별시 노원구 중계로 220,37.6508775,127.0756868,114,93
상계이룸수학교습소,서울특별시 노원구 동일로215길 81,37.6502137,127.0568875,24,7
VERITAS수학학원,서울특별시 노원구 노원로 257,37.6402604,127.072739,88,84
로고스(LOGOS)수학교습소,서울특별시 노원구 중계로 197,37.6497527,127.0784681,12,4
엔파인미술학원,서울특별시 노원구 노원로 257,37.6402604,127.072739,315,65
지니위니미술학원,서울특별시 노원구 노해로 447,37.6539869,127.057755,20,57
숙명F.G피아노교습소,서울특별시 노원구 한글비석로 377,37.6588308,127.0734449,28,5
정은경학원,서울특별시 노원구 한글비석로 254,37.6504079,127.0770904,97,87
위드에임하이학원,서울특별시 노원구 광운로2길 6,37.618081,127.0574256,138,85
중계청담에이프릴어학원,서울특별시 노원구 한글비석로 265,37.6514461,127.0765554,56,195
씨알학당어학원,서울특별시 노원구 공릉로 147,37.6231286,127.0790475,60,211
하계스터디뱅크독서실,서울특별시 노원구 노원로 253,37.6399496,127.0729464,284,142
예원보습학원,서울특별시 노원구 한글비석로48길 12,37.6648037,127.0673043,72,86
임광이화바이올린교습소,서울특별시 노원구 노원로 547,37.6607248,127.0569722,3,9
준CNC미술학원,서울특별시 노원구 노해로 517,37.655692,127.0654051,410,85
뉴욕어학원,서울특별시 노원구 중계로 220,37.6508775,127.0756868,455,177
벽산e해법수학교습소,서울특별시 노원구 한글비석로 396,37.6614765,127.0728242,12,4
예원플러스학원,서울특별시 노원구 중계로 170,37.6501065,127.0812326,80,154
케이투영어전문학원,서울특별시 노원구 한글비석로 254,37.6504079,127.0770904,40,82
원스실용음악학원,서울특별시 노원구 한글비석로 281,37.6528843,127.0777274,352,42
명인학원,서울특별시 노원구 한글비석로 235,37.6487645,127.0763385,4709,231
씨알학당보습학원,서울특별시 노원구 공릉로 147,37.6231286,127.0790475,126,140
리마인드수학교습소,서울특별시 노원구 한글비석로 269,37.6517301,127.0767968,60,4
미네르바사회교습소,서울특별시 노원구 한글비석로 269,37.6517301,127.0767968,39,3
베캠에듀학원,서울특별시 노원구 동일로217가길 27,37.6532269,127.0588327,180,195
과수원과학수학전문학원,서울특별시 노원구 중계로 201,37.6504487,127.0777705,916,111
유레카과학교습소,서울특별시 노원구 한글비석로 227,37.6479003,127.0762756,6,3
석선생영어전문SSP학원,서울특별시 노원구 중계로18길 13,37.6513077,127.0778154,215,140
파랑새음악학원,서울특별시 노원구 공릉로34길 10-2,37.6223308,127.0797916,380,32
비엔나음악교습소,서울특별시 노원구 중계로 8길 29,37.6458859,127.0824097,65,5
예원음악교습소,서울특별시 노원구 석계로 49,37.6185529,127.0625822,15,6
더좋은영어학원,서울특별시 노원구 중계로 198,37.6519314,127.0795434,24,73
이색화실미술교습소,서울특별시 노원구 중계로 230,37.652831,127.0759265,8,7
조이뮤직클래스음악교습소,서울특별시 노원구 동일로218길 35,37.6540888,127.0626882,30,6
지성피아노교습소,서울특별시 노원구 덕릉로126길 40,37.6715331,127.0829943,15,5
이화앤잉글리쉬영어교습소,서울특별시 노원구 노원로 421,37.654261,127.066997,20,5
주공5단지해법수학교습소,서울특별시 노원구 중계로 230,37.652831,127.0759265,18,6
드림키즈어학원,서울특별시 노원구 공릉로39길 22,37.6238321,127.0781393,168,184
스터디판다학원,서울특별시 노원구 한글비석로 242,37.6493084,127.0769639,42,93
바하기타교습소,서울특별시 노원구 한글비석로 466,37.6645684,127.0664163,27,9
소리마을피아노교습소,서울특별시 노원구 동일로 1116,37.6298796,127.0719275,3,5
예음악교습소,서울특별시 노원구 중계로14길 10,37.648757,127.0820467,6,2
이화소리음악교습소,서울특별시 노원구 노원로 421,37.654261,127.066997,12,5
홍음악교습소,서울특별시 노원구 마들로3길 37,37.6294153,127.062514,12,4
예그린피아노교습소,서울특별시 노원구 동일로177길 33,37.6205207,127.0724891,9,4
문성희음악교습소,서울특별시 노원구 동일로182길 37-25,37.6237774,127.0759131,36,5
캔버스위의아이들미술교습소,서울특별시 노원구 공릉로34길 45,37.6239418,127.0811978,14,7
높은음자리음악교습소,서울특별시 노원구 동일로245길 162,37.6815167,127.0538446,50,5
은빛피아노교습소,서울특별시 노원구 동일로245가길 41,37.6799626,127.0535049,16,4
월계연세음악교습소,서울특별시 노원구 월계로55길 4,37.6325655,127.0609172,20,0
가온피아노교습소,서울특별시 노원구 한글비석로 396,37.6614765,127.0728242,16,5
예향음악교습소,서울특별시 노원구 노원로 58,37.6266495,127.0873143,25,5
가브리엘피아노교습소,서울특별시 노원구 한글비석로 474,37.6648566,127.0654725,20,9
아이다빈치미술교습소,서울특별시 노원구 동일로245길 162,37.6815167,127.0538446,48,9
아이뮤즈음악교습소,서울특별시 노원구 상계로 193-14,37.6630427,127.0745157,12,9
하나피아노교습소,서울특별시 노원구 한글비석로15길 6,37.6580062,127.0742115,10,5
연세클라브생음악교습소,서울특별시 노원구 덕릉로 595,37.6514399,127.071939,60,6
탄탄음악교습소,서울특별시 노원구 상계로24길 26,37.6573308,127.0703899,30,9
루체미술교습소,서울특별시 노원구 공릉로34길 34,37.6229669,127.0810212,14,9
혜지음악교습소,서울특별시 노원구 한글비석로 571,37.6641843,127.0546598,30,9
이화음악교습소,서울특별시 노원구 동일로216길 92,37.6516527,127.0674223,1,0
이지음악교습소,서울특별시 노원구 동일로 1363,37.6504175,127.0612655,110,7
소망음악교습소,서울특별시 노원구 한글비석로 530,37.6661657,127.0593193,30,6
선화꽃들음악교습소,서울특별시 노원구 덕릉로 459-37,37.6467584,127.0595441,25,5
예일피아노교습소,서울특별시 노원구 노원로 434,37.6549617,127.0683084,12,0
예원피아노교습소,서울특별시 노원구 동일로215길 81,37.6502137,127.0568875,30,5
보스톤피아노교습소,서울특별시 노원구 한글비석로 253,37.6504239,127.0763502,4,4
뉴예인음악교습소,서울특별시 노원구 초안산로2길 98,37.6329074,127.0576826,15,8
참벗미술교습소,서울특별시 노원구 석계로 49,37.6185529,127.0625822,32,8
나무기린미술교습소,서울특별시 노원구 노원로 540,37.6614571,127.0593957,18,9
청예음피아노교습소,서울특별시 노원구 덕릉로94가길 20,37.663117,127.0785759,20,4
조은음악교습소,서울특별시 노원구 섬밭로 287,37.6408062,127.0620278,25,5
숙명바이올린교습소,서울특별시 노원구 중계로 198,37.6519314,127.0795434,5,5
그림터치미술교습소,서울특별시 노원구 중계로 164,37.6497313,127.0811529,45,9
롯데음악교습소,서울특별시 노원구 섬밭로 263,37.6387852,127.0624881,23,5
뉴모짜르트음악교습소,서울특별시 노원구 중계로16가길 10,37.6509372,127.0818059,15,5
SYSTEM영어교습소,서울특별시 노원구 한글비석로 254,37.6504079,127.0770904,36,4
소망피아노음악교습소,서울특별시 노원구 노원로 62,37.6277372,127.0869084,104,8
참연세피아노교습소,서울특별시 노원구 월계로55길 3,37.6317292,127.0596864,12,4
엄지음악교습소,서울특별시 노원구 한글비석로 332,37.6571045,127.0779954,3,3
연음음악교습소,서울특별시 노원구 한글비석로 89,37.6393884,127.0715555,15,5
을지피아노교습소,서울특별시 노원구 공릉로63길 13,37.6348629,127.0705387,16,4
현대연세피아노교습소,서울특별시 노원구 노원로314,37.6446072,127.0720589,20,5
청린중국어교습소,서울특별시 노원구 노원로22길 70,37.6468287,127.0728289,20,9
샘소리피아노교습소,서울특별시 노원구 중계로 230,37.652831,127.0759265,25,5
HongPiano음악교습소,서울특별시 노원구 공릉로34길 29,37.623081,127.0805294,15,5
한나음악교습소,서울특별시 노원구 동일로215길 81,37.6502137,127.0568875,35,5
이주영리코더교습소,서울특별시 노원구 중계로 160,37.6494322,127.0813431,10,9
그림마당미술교습소,서울특별시 노원구 노원로 421,37.654261,127.066997,63,7
중원피아노교습소,서울특별시 노원구 동일로 1279,37.642026,127.0641086,20,5
더클라비어음악교습소,서울특별시 노원구 섬밭로 209,37.6354449,127.0642439,15,5
이화향기음악교습소,서울특별시 노원구 공릉로34길 62,37.6234994,127.0831875,21,4
아티즘음악교습소,서울특별시 노원구 동일로 1554,37.6671866,127.0575159,28,4
푸른꿈미술교습소,서울특별시 노원구 덕릉로118길 29,37.667829,127.0816184,45,9
새봄음악교습소,서울특별시 노원구 동일로 1473,37.6597796,127.0575276,20,5
햇님피아노교습소,서울특별시 노원구 화랑로 556,37.6210784,127.0885654,35,5
채움영어교습소,서울특별시 노원구 한글비석로 253,37.6504239,127.0763502,2,2
혜윰미술교습소,서울특별시 노원구 한글비석로54길 116,37.6683107,127.0604105,15,6
상상누리온미술교습소,서울특별시 노원구 섬밭로 263,37.6387852,127.0624881,20,8
(주)워너비리더스어학원,서울특별시 노원구 한글비석로 273,37.6521755,127.0771914,48,150
고구마수학학원,서울특별시 노원구 한글비석로 264,37.6509746,127.0771635,30,70
한솔주니어랩영어교습소,서울특별시 노원구 한글비석로54길 116,37.6683107,127.0604105,15,7
리얼모션미술학원,서울특별시 노원구 동일로 1354,37.6495588,127.062273,330,93
강함수학교습소,서울특별시 노원구 한글비석로 253,37.6504239,127.0763502,8,2
한얼국어학원,서울특별시 노원구 한글비석로 232,37.6483769,127.0769291,300,73
웅진씽크빅스마트올클래스월계학원,서울특별시 노원구 초안산로5길 12,37.6325534,127.0516543,112,84
가우스수학교습소,서울특별시 노원구 한글비석로 269,37.6517301,127.0767968,9,3
오케이에듀학원,서울특별시 노원구 노원로 254,37.6402077,127.0735771,24,91
에듀플렉스에듀코치개별지도상계학원,서울특별시 노원구 수락산로 212,37.6708271,127.0553544,550,105
예원음악교습소,서울특별시 노원구 한글비석로 250,37.6499887,127.0770075,2,5
포레음악교습소,서울특별시 노원구 마들로 111,37.6245902,127.0654159,55,5
칸탄도피아노교습소,서울특별시 노원구 중계로 197,37.6497527,127.0784681,35,5
유리Lab영상영어교습소,서울특별시 노원구 덕릉로71길 30,37.651184,127.0705238,18,6
중계DYB최선어학원,서울특별시 노원구 한글비석로 264,37.6509746,127.0771635,105,634
오름국어교습소,서울특별시 노원구 한글비석로 254,37.6504079,127.0770904,24,3
EPIC영어전문학원,서울특별시 노원구 수락산로 232,37.6710933,127.0528888,24,86
눈높이러닝센터상계학원,서울특별시 노원구 한글비석로 474,37.6648566,127.0654725,780,92
에이엘에스(ALS)학원,서울특별시 노원구 노원로30길 45,37.6552934,127.0697356,80,80
루바토피아노음악교습소,서울특별시 노원구 중계로 140,37.6470263,127.0812771,32,4
탑플러스영어수학전문학원,서울특별시 노원구 동일로207길 184,37.6363492,127.0613398,310,86
파이(PAI)수학학원,서울특별시 노원구 덕릉로 619,37.6530677,127.0735446,105,83
윤선생우리집앞영어교실보람영어교습소,서울특별시 노원구 한글비석로49길 1,37.6641243,127.0667277,32,8
공릉코드원독서실,서울특별시 노원구 노원로1길 9,37.6221921,127.0863931,145,115
이혁재영어교습소,서울특별시 노원구 한글비석로 265,37.6514461,127.0765554,10,6
제이탑영어메릭스(MERIX)해법수학학원,서울특별시 노원구 수락산로 234,37.6715296,127.0530298,46,74
라별음악교습소,서울특별시 노원구 화랑로47길 38,37.6166121,127.0667598,72,9
티와이피수학(TYP MATH)전문학원,서울특별시 노원구 한글비석로 269,37.6517301,127.0767968,80,71
그로잉영어교습소,서울특별시 노원구 월계로45가길 89,37.6317699,127.0501857,21,7
위더스학원,서울특별시 노원구 노원로 257,37.6402604,127.072739,48,82
아발론랭콘중계어학원,서울특별시 노원구 한글비석로 250,37.6499887,127.0770075,140,316
미술로크는아이미술교습소,서울특별시 노원구 동일로237길 64,37.6734602,127.0516919,25,9
중계지앤비(GnB)학원,서울특별시 노원구 동일로207길 23,37.642026,127.0641086,102,92
더(The)스카이(SKY)영어수학전문학원,서울특별시 노원구 한글비석로 444,37.6636731,127.0685418,48,72
스카이(SKY)학원,서울특별시 노원구 한글비석로 254,37.6504079,127.0770904,385,74
아이원음악교습소,서울특별시 노원구 섬밭로 139,37.6291633,127.0668178,39,3
트라이어드음악학원,서울특별시 노원구 동일로 1639-6,37.6748028,127.0547274,90,61
물음표미술교습소,서울특별시 노원구 덕릉로 591,37.6510441,127.0718403,36,9
더샵(PIANOINSTITUTE)음악교습소,서울특별시 노원구 동일로227길 26,37.666989,127.054523,25,5
에이플러스영어학원,서울특별시 노원구 중계로 201,37.6504487,127.0777705,48,86
가송인테리어목공기술학원,서울특별시 노원구 공릉로58나길 9,37.6359735,127.0734083,100,150
ArtCenter나무미술교습소,서울특별시 노원구 한글비석로 396,37.6614765,127.0728242,81,9
해드니미술교습소,서울특별시 노원구 동일로 1456,37.6588173,127.0604508,25,5
키즈잉글리쉬어학원,서울특별시 노원구 동일로 1550,37.6669174,127.0575806,40,178
생각찬국어교습소,서울특별시 노원구 동일로 1456,37.6588173,127.0604508,6,4
다올음악교습소,서울특별시 노원구 덕릉로 780,37.6669564,127.0796885,20,5
조창용수학교습소,서울특별시 노원구 덕릉로73길 28,37.6534321,127.072311,12,3
공부의기술수학과학전문학원,서울특별시 노원구 한글비석로 264,37.6509746,127.0771635,20,119
스터디폴수학교습소,서울특별시 노원구 중계로18길 17,37.6515236,127.0778413,24,4
공릉주니어랩영어교습소,서울특별시 노원구 화랑로51길 17,37.6236127,127.0885326,30,6
천사회교습소,서울특별시 노원구 한글비석로 232,37.6483769,127.0769291,12,4
김만억수학학원,서울특별시 노원구 동일로 1547,37.666557,127.0569221,112,105
수음악학원,서울특별시 노원구 중계로14길 34,37.6498584,127.082413,170,112
하늘교육화랑학원,서울특별시 노원구 노원로 43,37.6254113,127.085785,80,89
학림학원,서울특별시 노원구 한글비석로 250,37.6499887,127.0770075,2000,321
영어의바다보습학원,서울특별시 노원구 한글비석로 269,37.6517301,127.0767968,20,71
보다미술학원,서울특별시 노원구 동일로 1345,37.6486893,127.0618793,510,53
필즈아카데미학원,서울특별시 노원구 덕릉로 669,37.6573787,127.074582,536,94
HIMS명성학원,서울특별시 노원구 광운로 59,37.6227495,127.0596279,20,69
시매쓰중계학원,서울특별시 노원구 한글비석로 273,37.6521755,127.0771914,158,80
최고수학교습소,서울특별시 노원구 섬밭로 263,37.6387852,127.0624881,24,8
아썸논술영어교습소,서울특별시 노원구 동일로227길 26,37.6687829,127.0537253,8,2
월계셈스터디학원,서울특별시 노원구 월계로45길 28,37.6269404,127.0512537,110,145
밀라노음악학원,서울특별시 노원구 중계로14길 28,37.6496828,127.0822503,11,60
올림포스학원,서울특별시 노원구 노원로34길 80,37.6626141,127.0660955,400,84
황장석수학교습소,서울특별시 노원구 한글비석로 242,37.6493084,127.0769639,6,3
플러튼영어학원,서울특별시 노원구 중계로12가길 2,37.6473163,127.0821096,40,84
중계에이닷영어학원,서울특별시 노원구 한글비석로 227,37.6479003,127.0762756,560,99
이우준고등영어교습소,서울특별시 노원구 한글비석로8길 16,37.6472756,127.0779151,3,3
김대수수학교습소,서울특별시 노원구 덕릉로73길 28,37.6534321,127.072311,7,5
쥴리어드음악교습소,서울특별시 노원구 덕릉로82길 25,37.6584511,127.0766999,27,5
싸인매쓰수학학원,서울특별시 노원구 한글비석로 242,37.6493084,127.0769639,360,101
창의나무미술교습소,서울특별시 노원구 초안산로 19,37.6295685,127.0541403,24,9
김미정국어교습소,서울특별시 노원구 한글비석로 264,37.6509746,127.0771635,4,2
랄라음악학원,서울특별시 노원구 중계로16가길 29,37.6504461,127.0826393,260,67
박앤김영어수학학원,서울특별시 노원구 한글비석로 264,37.6509746,127.0771635,244,90
Grace Music음악학원,서울특별시 노원구 석계로9길 17,37.6171761,127.063258,381,63
손가락기타교습소,서울특별시 노원구 노원로 421,37.654261,127.066997,12,6
윤선생아이지에스이(IGSE)상계학원,서울특별시 노원구 동일로 1549,37.6667157,127.0568809,100,94
김경미논술국어교습소,서울특별시 노원구 석계로9길 29,37.6168241,127.0628055,12,6
윤복경음악교습소,서울특별시 노원구 중계로16길 10,37.6509894,127.0813834,30,9
하계청솔해법수학교습소,서울특별시 노원구 공릉로59길 15,37.6331962,127.0710597,28,7
유클리드영어수학학원,서울특별시 노원구 공릉로59길 15,37.6331962,127.0710597,135,88
야마하음악학원,서울특별시 노원구 화랑로 453,37.6186232,127.0775658,135,62
대치동에듀케이션학원,서울특별시 노원구 섬밭로 258,37.6388263,127.0647546,48,72
송암독서실,서울특별시 노원구 공릉로 187,37.626444,127.0788963,895,179
스마트해법영어공릉화랑영어교습소,서울특별시 노원구 화랑로51길 81,37.6246057,127.0876067,27,4
뉴혜지음악교습소,서울특별시 노원구 한글비석로 571,37.6641843,127.0546598,15,3
네오아뜰리에미술교습소,서울특별시 노원구 화랑로51길 38,37.6249914,127.0890791,27,9
다다름학원,서울특별시 노원구 상계로23다길 18,37.6592486,127.0695216,110,73
수학만학원,서울특별시 노원구 한글비석로 272,37.6517354,127.0775931,40,217
스마트해법불암초점학원,서울특별시 노원구 중계로 166,37.649898,127.081201,42,73
잉글리쉬식스학원,서울특별시 노원구 섬밭로 258,37.6388263,127.0647546,80,75
락기타드럼베이스통기타전문음악교습소,서울특별시 노원구 한글비석로 15길 51,37.655891,127.073994,18,9
이엔제이영어학원,서울특별시 노원구 한글비석로 232,37.6483769,127.0769291,142,72
학림제2학원,서울특별시 노원구 한글비석로 250,37.6499887,127.0770075,2000,431
크레버스영재교육센터중계제1지점학원,서울특별시 노원구 중계로 225,37.6498272,127.0743318,63,270
SEM수학학원,서울특별시 노원구 동일로237마길 30,37.6747817,127.0519464,16,72
진국어교습소,서울특별시 노원구 동일로218길 17,37.6539147,127.0619142,12,6
엠케이수학교습소,서울특별시 노원구 노원로 421,37.654261,127.066997,20,7
잉글리쉬무무상계5학원,서울특별시 노원구 동일로 1550,37.6669174,127.0575806,60,71
조재필독서실,서울특별시 노원구 한글비석로 254,37.6504079,127.0770904,440,116
탑스영어교습소,서울특별시 노원구 섬밭로 258,37.6388263,127.0647546,63,9
하늘높이일학원,서울특별시 노원구 중계로 197,37.6497527,127.0784681,71,74
해법수학영어학원,서울특별시 노원구 공릉로34길 62,37.6234994,127.0831875,64,72
성희피아노교습소,서울특별시 노원구 한글비석로54길 116,37.6683107,127.0604105,1,5
e해법수학교습소,서울특별시 노원구 노원로22길 77,37.6485878,127.0742954,45,9
미술로크는아이들미술교습소,서울특별시 노원구 덕릉로94가길 20,37.663117,127.0785759,15,5
더카렌네일아트미용학원,서울특별시 노원구 상계로3길 29,37.6575591,127.0623479,107,61
엔(N)-플러스간호학원,서울특별시 노원구 노해로 511,37.6554626,127.0647318,240,114
눈높이러닝센터마들학원,서울특별시 노원구 동일로 1545,37.6663796,127.0569683,780,126
에듀플렉스에듀코치개별지도중계학원,서울특별시 노원구 한글비석로 269,37.6517301,127.0767968,550,221
박현영영어수학학원,서울특별시 노원구 한글비석로52길 38,37.6661009,127.0666369,168,71
점프기타교습소,서울특별시 노원구 덕릉로73길 28,37.6534321,127.072311,4,4
눈높이러닝센터신중계학원,서울특별시 노원구 한글비석로15길 15,37.6574722,127.0742984,780,110
CMI실용음악학원,서울특별시 노원구 노해로 521,37.655741,127.065897,9,63
고구마학원,서울특별시 노원구 한글비석로 264,37.6509746,127.0771635,38,75
생각의좌표학원,서울특별시 노원구 한글비석로 250,37.6499887,127.0770075,110,77
라돌체(La Dolce)음악교습소,서울특별시 노원구 한글비석로 571,37.6641843,127.0546598,20,7
이백수학교습소,서울특별시 노원구 동일로 1456,37.6588173,127.0604508,16,4
정선생수학교습소,서울특별시 노원구 중계로18길 17,37.6515236,127.0778413,15,6
피아노숲음악교습소,서울특별시 노원구 동일로175길 20,37.6196843,127.0736685,40,4
더(THE)바른수학학원,서울특별시 노원구 마들로 31,37.6178025,127.0685682,70,69
펠리체음악교습소,서울특별시 노원구 한글비석로50길 2,37.6645029,127.0667764,9,8
칼수학학원,서울특별시 노원구 한글비석로 272,37.6517354,127.0775931,243,193
씨앤에이논술보습학원,서울특별시 노원구 덕릉로 603,37.651819,127.0728249,360,113
스티브영어학원,서울특별시 노원구 초안산로5길 12,37.6325534,127.0516543,276,69
단국악학원,서울특별시 노원구 공릉로58길 63,37.635232,127.0721094,18,55
상상공간고래발자국미술교습소,서울특별시 노원구 노원로1길 77,37.6207776,127.0829427,27,9
미술로생각하기학원,서울특별시 노원구 동일로 1419,37.6553063,127.0598512,10,59
중계해법영어교습소,서울특별시 노원구 한글비석로15길 48,37.6562734,127.0734915,18,6
스터디캡슐독서실,서울특별시 노원구 한글비석로 235,37.6487645,127.0763385,477,191
은혜피아노교습소,서울특별시 노원구 한글비석로 265,37.6514461,127.0765554,30,5
키즈브라운어학원,서울특별시 노원구 공릉로46길 6,37.6268785,127.079495,72,149
지혜바둑교습소,서울특별시 노원구 덕릉로 591,37.6510441,127.0718403,9,9
중계음악교습소,서울특별시 노원구 덕릉로 589,37.6509693,127.0717399,18,9
올웨이즈학원,서울특별시 노원구 한글비석로 227,37.6479003,127.0762756,172,153
리틀모짜르트음악교습소,서울특별시 노원구 중계로16가길 10,37.6509372,127.0818059,74,5
상상나무수학교습소,서울특별시 노원구 한글비석로15길 48,37.6562734,127.0734915,54,6
라임잉글리쉬(Lime English)영어교습소,서울특별시 노원구 덕릉로 669,37.6573787,127.074582,15,3
눈높이러닝센터공릉학원,서울특별시 노원구 공릉로34길 10-2,37.6223308,127.0797916,1464,70
바퀴달린그림책미술학원,서울특별시 노원구 동일로 1365,37.6505935,127.0612172,12,53
공릉해법수학교습소,서울특별시 노원구 동일로192길 77,37.6280811,127.0768426,12,4
은빛해법수학교습소,서울특별시 노원구 동일로245가길 41,37.6799626,127.0535049,16,8
이엘삼성영어노원1캠퍼스학원,서울특별시 노원구 상계로1길 24,37.6570888,127.0617207,90,71
마이다스학원,서울특별시 노원구 한글비석로 456,37.6647789,127.0680427,72,74
새샘음악교습소,서울특별시 노원구 섬밭로 190,37.6337017,127.0678655,20,9
아이끌레르미술학원,서울특별시 노원구 노원로34길 48-4,37.6610057,127.0659031,3,57
Hi멘토학원,서울특별시 노원구 동일로191가길 42,37.6268984,127.0711272,42,68
비와이(BY)학원,서울특별시 노원구 중계로18길 17,37.6515236,127.0778413,80,80
공연수학교습소,서울특별시 노원구 동일로192가길 9,37.6265327,127.0736959,15,9
영어잘하는아이들영어교습소,서울특별시 노원구 한글비석로 232,37.6483769,127.0769291,12,4
성균관서당한자교습소,서울특별시 노원구 한글비석로 264,37.6509746,127.0771635,7,3
연세실용음악학원,서울특별시 노원구 노원로 257,37.6402604,127.072739,27,53
11월의기적학원,서울특별시 노원구 중계로 172-6,37.6500418,127.0813677,42,91
홍석화수학전문학원,서울특별시 노원구 한글비석로 264,37.6509746,127.0771635,86,137
텐브릿지어학원,서울특별시 노원구 중계로18길 13,37.6513077,127.0778154,68,162
튼튼영어마스터클럽월계3동학원,서울특별시 노원구 마들로 31,37.6178025,127.0685682,50,72
키즈위즈어학원,서울특별시 노원구 덕릉로86길 65,37.6610028,127.0784879,190,237
하이레벨수학전문학원,서울특별시 노원구 중계로 198,37.6519314,127.0795434,82,70
캠브리지영어학원,서울특별시 노원구 덕릉로60길 192,37.6323466,127.0439425,18,76
역전타에듀학원,서울특별시 노원구 동일로 1280,37.6427206,127.0665677,94,74
이화엘음악교습소,서울특별시 노원구 덕릉로71길 30,37.651184,127.0705238,6,3
김철수必수학학원,서울특별시 노원구 중계로 201,37.6504487,127.0777705,305,140
엠플랜(MPLAN)수학전문학원,서울특별시 노원구 한글비석로 264,37.6509746,127.0771635,42,67
눈높이러닝센터과기대학원,서울특별시 노원구 동일로192길 41,37.6267014,127.0750858,1305,79
선일학원,서울특별시 노원구 한글비석로52길 34,37.6659508,127.0666358,32,82
엘리스클럽학원,서울특별시 노원구 섬밭로 229,37.6354449,127.0642439,100,71
김만억학원,서울특별시 노원구 동일로 1547,37.666557,127.0569221,57,90
초록나무미술교습소,서울특별시 노원구 동일로 1368,37.6507502,127.0619389,133,7
국보영어교습소,서울특별시 노원구 한글비석로 242,37.6493084,127.0769639,30,5
도레미음악교습소,서울특별시 노원구 누원로 18,37.6860515,127.0535696,40,5
이주연영어학원,서울특별시 노원구 노원로 547,37.6607248,127.0569722,49,77
카이수학학원,서울특별시 노원구 한글비석로 325,37.6563943,127.0777101,24,70
아테나영어교습소,서울특별시 노원구 한글비석로 264,37.6509746,127.0771635,9,4
에코독서실,서울특별시 노원구 한글비석로 444,37.6636731,127.0685418,106,106
원스톱직업학원,서울특별시 노원구 동일로 1371,37.6509451,127.0611209,224,99
발레앤코학원,서울특별시 노원구 상계로7길 39,37.6583767,127.0642514,84,80
능률쥬니어랩영어교습소,서울특별시 노원구 동일로 1541,37.6658552,127.0570269,18,6
이진수영어교습소,서울특별시 노원구 노원로22길 77,37.6485878,127.0742954,8,4
조샘영어교습소,서울특별시 노원구 한글비석로 232,37.6483769,127.0769291,15,7
I-PMP학원,서울특별시 노원구 공릉로 152-5,37.6236341,127.0798258,228,69
시각과공간미술학원,서울특별시 노원구 동일로 1027,37.6218258,127.0738848,120,66
그랜드음악학원,서울특별시 노원구 누원로 22,37.6870816,127.0530523,92,49
한솔영재학원,서울특별시 노원구 누원로 22,37.6870816,127.0530523,75,105
메카수학교습소,서울특별시 노원구 공릉로38길 7 (),37.6233298,127.0798859,207,9
EnglishHeaven영어교습소,서울특별시 노원구 한글비석로 254,37.6504079,127.0770904,8,4
수락창의미술교습소,서울특별시 노원구 누원로 22,37.6870816,127.0530523,24,8
손랩정보영재학원,서울특별시 노원구 중계로 218,37.6508704,127.0760059,66,49
슬로비매쓰수학학원,서울특별시 노원구 한글비석로 269,37.6517301,127.0767968,42,69
han`s상계실용음악학원,서울특별시 노원구 한글비석로24길 44,37.6624978,127.0727803,13,50
버팀스카이수학교습소,서울특별시 노원구 한글비석로 232,37.6483769,127.0769291,12,2
정수학학원,서울특별시 노원구 한글비석로 227,37.6479003,127.0762756,40,71
키즈브라운음악학원,서울특별시 노원구 공릉로46길 6,37.6268785,127.079495,40,53
소마사고력수학학원,서울특별시 노원구 한글비석로 232,37.6483769,127.0769291,210,90
세이지(Sage)영어학원,서울특별시 노원구 한글비석로 254,37.6504079,127.0770904,100,71
제3조재필수학학원,서울특별시 노원구 한글비석로 254,37.6504079,127.0770904,125,157
짱솔학원,서울특별시 노원구 한글비석로 264,37.6509746,127.0771635,120,84
Y&C학원,서울특별시 노원구 노원로34길 88,37.6628649,127.0661333,48,73
플레이그라운드(PLAYGROUND)음악교습소,서울특별시 노원구 한글비석로54길 116,37.6683107,127.0604105,6,7
주아트미술교습소,서울특별시 노원구 섬발로 285,37.6408062,127.0620278,27,9
달란트음악교습소,서울특별시 노원구 덕릉로71길 5,37.6501609,127.0700389,96,8
삼성학원,서울특별시 노원구 공릉로59길 15,37.6331962,127.0710597,92,73
김유나참국어독해학원,서울특별시 노원구 중계로 206,37.6508711,127.077531,225,182
삼성영어중계학원,서울특별시 노원구 한글비석로15길 19,37.6573004,127.0742447,190,88
종로엠학원,서울특별시 노원구 섬밭로 139,37.6291633,127.0668178,103,83
e해법수학월계성원점수학교습소,서울특별시 노원구 마들로3길 37,37.6294153,127.062514,24,4
허소정국어교습소,서울특별시 노원구 한글비석로 242,37.6493084,127.0769639,10,2
중앙오름수학교습소,서울특별시 노원구 동일로184길 6,37.6234776,127.0742091,28,7
예하음악교습소,서울특별시 노원구 한글비석로14길 36,37.6588547,127.077351,25,8
스마트영어교습소,서울특별시 노원구 덕릉로112길 44,37.6664154,127.0800224,10,5
시그마수학교습소,서울특별시 노원구 한글비석로 264,37.6509746,127.0771635,36,3
우리들음악교습소,서울특별시 노원구 공릉로59길 15,37.6331962,127.0710597,20,5
아트앤하트중계본동은행사거리미술교습소,서울특별시 노원구 한글비석로 232,37.6483769,127.0769291,12,3
연두미술교습소,서울특별시 노원구 중계로 8길 29,37.6462721,127.0844407,20,9
중계을지하연과학교습소,서울특별시 노원구 한글비석로5길 62,37.6463141,127.0753281,30,5
로제타스톤영어교습소,서울특별시 노원구 덕릉로 780,37.6669564,127.0796885,9,3
아잉카-서울노원학원,서울특별시 노원구 동일로191가길 51,37.6272567,127.0706407,80,73
음악을만들다음악교습소,서울특별시 노원구 중계로 230,37.652831,127.0759265,36,9
수학의달인중계본점수학교습소,서울특별시 노원구 중계로14길 28,37.6496828,127.0822503,29,7
제스트수학교습소,서울특별시 노원구 노원로 540,37.6614571,127.0593957,20,4
해법수학공릉점수학교습소,서울특별시 노원구 화랑로51길 78,37.6257733,127.0873569,18,6
1:1학원,서울특별시 노원구 노해로 501,37.6552273,127.0635578,40,107
(상계분원)오메가수학학원,서울특별시 노원구 한글비석로 460,37.66447,127.0669577,80,78
WiZ로봇학원,서울특별시 노원구 한글비석로 271,37.6519943,127.0770251,16,76
조의영어수학영역학원,서울특별시 노원구 중계로 219,37.6504923,127.0756701,60,75
뮤직피플실용음악학원,서울특별시 노원구 석계로1길 22,37.6155573,127.0634946,15,50
엔와이댄스학원,서울특별시 노원구 상계로7길 39,37.6583767,127.0642514,97,77
지니(GENIE)영어교습소,서울특별시 노원구 섬밭로 134,37.6284092,127.0692533,24,6
에듀탑수학교습소,서울특별시 노원구 동일로 1279,37.642026,127.0641086,15,5
와이키즈노원중계학원,서울특별시 노원구 덕릉로 603,37.651819,127.0728249,168,54
멘토과학전문학원,서울특별시 노원구 중계로 206,37.6508711,127.077531,18,68
아담리즈수학중계센터학원,서울특별시 노원구 한글비석로 264,37.6509746,127.0771635,12,51
김지민영어영재관학원,서울특별시 노원구 중계로 225,37.6498272,127.0743318,100,74
박재일영어교습소,서울특별시 노원구 한글비석로 253,37.6504239,127.0763502,4,2
국어의자신감국어교습소,서울특별시 노원구 한글비석로 232,37.6483769,127.0769291,12,3
루아미술교습소,서울특별시 노원구 동일로250길 18,37.6816043,127.0565915,6,2
드림아이수학교습소,서울특별시 노원구 동일로245길 162,37.6815167,127.0538446,12,4
노원우쿨렐레사랑음악교습소,서울특별시 노원구 동일로 1384,37.6525437,127.0615355,25,5
이명환첼로교습소,서울특별시 노원구 동일로207길 184,37.6363492,127.0613398,7,5
DavidEnglish영어교습소,서울특별시 노원구 중계로18길 17,37.6515236,127.0778413,84,7
중계상위권영어교습소,서울특별시 노원구 한글비석로 269,37.6517301,127.0767968,15,5
서준수학교습소,서울특별시 노원구 동일로 1530,37.665073,127.0580605,12,4
해법영어상원영어교습소,서울특별시 노원구 한글비석로54길 116,37.6683107,127.0604105,16,5
소피아음악학원,서울특별시 노원구 초안산로5길 12,37.6325534,127.0516543,168,45
GTM수학과학학원,서울특별시 노원구 동일로 1368,37.6507502,127.0619389,152,91
아트피쉬미술학원,서울특별시 노원구 중계로 225,37.6498272,127.0743318,20,50
퍼스트명문학원,서울특별시 노원구 공릉로 107,37.6199779,127.0777701,180,71
청구음악학원,서울특별시 노원구 중계로 225,37.6498272,127.0743318,55,90
신나는피아노음악교습소,서울특별시 노원구 동일로 1356,37.6500651,127.0622174,35,6
TnC수학교습소,서울특별시 노원구 노원로22길 77,37.6485878,127.0742954,16,4
상계베스트학원,서울특별시 노원구 노원로28길 9,37.6537412,127.0689054,117,69
눈높이러닝센터하계학원,서울특별시 노원구 동일로207길 184,37.6363492,127.0613398,780,81
스카이(SKY)한솔+영어교습소,서울특별시 노원구 동일로245가길 41,37.6799626,127.0535049,12,4
한우리독서논술월계국어교습소,서울특별시 노원구 월계로45길 21,37.6265468,127.0497923,6,3
은수희RAD발레학원,서울특별시 노원구 노원로 547,37.6607248,127.0569722,80,45
자유자재학원,서울특별시 노원구 한글비석로 263,37.6512178,127.0764633,700,82
눈높이러닝센터수암학원,서울특별시 노원구 중계로12길 6,37.6476389,127.0811347,780,119
노원-한국아파트경리전문학원,서울특별시 노원구 상계로3길 9,37.6566689,127.0621902,72,74
클라비어음악교습소,서울특별시 노원구 중계로14나길 25,37.6489526,127.0833132,25,5
애플트리영어교습소,서울특별시 노원구 동일로230길 32,37.6714269,127.0581089,25,5
러셀중계학원,서울특별시 노원구 한글비석로 242,37.6493084,127.0769639,7660,298
올바른학원,서울특별시 노원구 한글비석로 227,37.6479003,127.0762756,104,75
이상프라임에듀학원,서울특별시 노원구 한글비석로48길 28,37.6654192,127.0674172,240,80
아이러브음악교습소,서울특별시 노원구 노원로 421,37.654261,127.066997,15,8
모네논술국어교습소,서울특별시 노원구 동일로213길 78,37.6481378,127.0575649,30,5
수학에미친사람들중계3관학원,서울특별시 노원구 한글비석로 264,37.6509746,127.0771635,375,81
지혜의숲국어논술교습소,서울특별시 노원구 중계로 225,37.6498272,127.0743318,6,6
주선생수학캠프수학교습소,서울특별시 노원구 한글비석로 474,37.6648566,127.0654725,15,3
안일훈영어교습소,서울특별시 노원구 한글비석로 232,37.6483769,127.0769291,6,3
지유국어교습소,서울특별시 노원구 한글비석로 242,37.6493084,127.0769639,8,4
미라정영어학원,서울특별시 노원구 중계로 218,37.6508704,127.0760059,16,82
승리어학원,서울특별시 노원구 한글비석로 227,37.6479003,127.0762756,472,274
이다(IDA)영어교습소,서울특별시 노원구 한글비석로 232,37.6483769,127.0769291,16,5
로시(ROSSI)미술학원,서울특별시 노원구 중계로 225,37.6498272,127.0743318,42,72
교원더퍼스트캠퍼스하계직영학원,서울특별시 노원구 섬밭로 209,37.6354449,127.0642439,79,68
셀파독서논술교습소,서울특별시 노원구 공릉로34길 62,37.6234994,127.0831875,14,5
학림3관학원,서울특별시 노원구 한글비석로 250,37.6499887,127.0770075,2000,324
씨앤아이(CNI)학원,서울특별시 노원구 중계로 219,37.6504923,127.0756701,131,68
월계해드니미술교습소,서울특별시 노원구 월계로45가길 89,37.6317699,127.0501857,35,7
수학에미친사람들중계2관학원,서울특별시 노원구 중계로 219,37.6504923,127.0756701,375,150
혜성코멧학원,서울특별시 노원구 섬밭로 190,37.6337017,127.0678655,1170,92
스마트해법엘리영어교습소,서울특별시 노원구 한글비석로 571,37.6641843,127.0546598,15,5
예대실용음악교습소,서울특별시 노원구 한글비석로48길 12,37.6648037,127.0673043,29,6
샬롬피아노교습소,서울특별시 노원구 동일로 1456,37.6588173,127.0604508,12,4
노엘음악학원,서울특별시 노원구 공릉로58길 87,37.6357361,127.0733258,80,50
래피드속독학원,서울특별시 노원구 한글비석로 254,37.6504079,127.0770904,154,70
J영어학원,서울특별시 노원구 동일로 1393,37.6529411,127.0605151,137,87
옐로우아트미술교습소,서울특별시 노원구 중계로 225,37.6498272,127.0743318,21,7
세손교육중계국어교습소,서울특별시 노원구 중계로 220,37.6508775,127.0756868,80,5
신의한수학원,서울특별시 노원구 덕릉로60길 186,37.6325722,127.0437784,120,71
Fun&Joy영어교습소,서울특별시 노원구 동일로215길 81,37.6502137,127.0568875,12,7
윤선생우리집앞불암산영어교습소,서울특별시 노원구 덕릉로94가길 20,37.663117,127.0785759,12,6
이신범수학학원,서울특별시 노원구 한글비석로 265,37.6514461,127.0765554,220,74
칸타빌레음악학원,서울특별시 노원구 덕릉로77길 5,37.6542909,127.0735576,75,55
피켈중계학원,서울특별시 노원구 한글비석로 242,37.6493084,127.0769639,5500,84
가리온학원,서울특별시 노원구 한글비석로 254,37.6504079,127.0770904,18,75
윤선생우리집앞영어교실용원영어교습소,서울특별시 노원구 섬밭로 139,37.6291633,127.0668178,27,9
이아이이(EiE)노원상계어학원,서울특별시 노원구 노해로 521,37.655741,127.065897,50,146
Hi멘토수학학원,서울특별시 노원구 동일로191가길 42,37.6268984,127.0711272,110,90
영은피아노교습소,서울특별시 노원구 동일로213길 78,37.6481378,127.0575649,15,5
엠-피엠피학원,서울특별시 노원구 동일로 1530,37.665073,127.0580605,120,135
중계사랑음악학원,서울특별시 노원구 한글비석로 363,37.6579097,127.0744272,32,39
중계표현1관어학원,서울특별시 노원구 한글비석로 235,37.6487645,127.0763385,154,166
벨트(Belt)영어교습소,서울특별시 노원구 한글비석로 571,37.6641843,127.0546598,14,7
아네뜨미술학원,서울특별시 노원구 한글비석로 265,37.6514461,127.0765554,100,52
노원중계이아이이(EIE)어학원,서울특별시 노원구 중계로 206,37.6508711,127.077531,104,150
한예종라라무용학원,서울특별시 노원구 동일로191가길 22,37.6260045,127.0714139,130,74
어썸잉글리쉬학원,서울특별시 노원구 공릉로34길 10-2,37.6223308,127.0797916,40,72
격수당수학학원,서울특별시 노원구 중계로 217,37.6504871,127.0759853,50,70
수수학교습소,서울특별시 노원구 누원로 28,37.6875043,127.0544509,20,5
중원해법영어교습소,서울특별시 노원구 동일로 1279,37.642026,127.0641086,4,7
워너비뷰티아카데미학원,서울특별시 노원구 노해로 501,37.6552273,127.0635578,620,108
베르디음악교습소,서울특별시 노원구 광운로2나길 30,37.6175521,127.0612663,9,7
해빗수학교습소,서울특별시 노원구 한글비석로31길 34,37.6605806,127.0690116,48,6
입시형인간학원,서울특별시 노원구 중계로 201,37.6504487,127.0777705,208,94
시그마수학과학학원,서울특별시 노원구 노원로 254,37.6402077,127.0735771,107,149
임설현창의미술교습소,서울특별시 노원구 동일로245가길 41,37.6799626,127.0535049,18,9
프라임영어교습소,서울특별시 노원구 동일로 1639-6,37.6748028,127.0547274,72,9
뮤엠영어공릉영어교습소,서울특별시 노원구 동일로175길 30,37.6195701,127.0730541,10,9
배움학원,서울특별시 노원구 중계로 162-11,37.6497854,127.0813006,56,94
아라해법학원,서울특별시 노원구 동일로216길 70,37.6521365,127.0654852,43,95
중평최강수학교습소,서울특별시 노원구 동일로207길 184,37.6363492,127.0613398,12,4
데프댄스(DEF DANCE)학원,서울특별시 노원구 상계로 55,37.6560884,127.0610411,644,98
해법영어중평엘리트영어교습소,서울특별시 노원구 동일로207길 184,37.6363492,127.0613398,35,7
쎈수학러닝센터월계수학교습소,서울특별시 노원구 석계로 49,37.6185529,127.0625822,12,4
더함미술학원,서울특별시 노원구 덕릉로 669,37.6573787,127.074582,18,52
건우애듀원격교육학원,서울특별시 노원구 동일로191가길 22,37.6260045,127.0714139,2619738,9999
비트영어학원,서울특별시 노원구 한글비석로 272,37.6517354,127.0775931,46,110
스코어퍼펙트영어교습소,서울특별시 노원구 한글비석로 269,37.6517301,127.0767968,15,5
더베스트학원,서울특별시 노원구 한글비석로 273,37.6521755,127.0771914,90,82
S.JGuitarMusic음악교습소,서울특별시 노원구 상계로1길 74,37.6594056,127.0615269,28,7
SR과학탐구학원,서울특별시 노원구 한글비석로 263,37.6512178,127.0764633,80,90
The오른수학학원,서울특별시 노원구 한글비석로52길 16,37.6651931,127.0665093,130,87
다원수타수학학원,서울특별시 노원구 한글비석로 254,37.6504079,127.0770904,110,88
티앤씨학원,서울특별시 노원구 월계로45길 37,37.6269962,127.0503638,192,78
수리수리와수학교습소,서울특별시 노원구 섬밭로 139,37.6291633,127.0668178,16,5
클라쎄독일어교습소,서울특별시 노원구 한글비석로 250,37.6499887,127.0770075,2,5
수학의기술은행사거리점학원,서울특별시 노원구 한글비석로 254,37.6504079,127.0770904,101,72
예일1:1맞춤코칭학원,서울특별시 노원구 한글비석로41가길 15,37.6623379,127.067762,80,78
클리닉과학교습소,서울특별시 노원구 한글비석로 232,37.6483769,127.0769291,21,3
장민준영어학원,서울특별시 노원구 한글비석로 273,37.6521755,127.0771914,330,69
KO과학교습소,서울특별시 노원구 한글비석로 242,37.6493084,127.0769639,35,5
알로곤학원,서울특별시 노원구 중계로 218,37.6508704,127.0760059,410,134
알로곤영재센터학원,서울특별시 노원구 중계로 218,37.6508704,127.0760059,280,125
Museum학원,서울특별시 노원구 한글비석로 325,37.6563943,127.0777101,100,84
그리고미술교습소,서울특별시 노원구 동일로242라길 9,37.6761423,127.0571793,56,8
이승하수학교습소,서울특별시 노원구 동일로 1343,37.6484923,127.0619864,12,4
산내들미술학원,서울특별시 노원구 한글비석로 470,37.6647174,127.0659868,524,133
더베스트프리미엄영어교습소,서울특별시 노원구 한글비석로 269,37.6517301,127.0767968,15,5
최쌤수학상계수학교습소,서울특별시 노원구 동일로227길 26,37.6687829,127.0537253,72,9
올리브국어논술교습소,서울특별시 노원구 중계로14나길 44,37.6483087,127.0831926,12,4
차수학교습소,서울특별시 노원구 동일로245길 162,37.6815167,127.0538446,18,6
중계당근수학교습소,서울특별시 노원구 상계로1길 74,37.6594056,127.0615269,119,9
조송아국어전문학원,서울특별시 노원구 한글비석로 254,37.6504079,127.0770904,83,98
안성용수학교습소,서울특별시 노원구 한글비석로 269,37.6517301,127.0767968,48,3
엠베스트에스(SE)중계건영캠퍼스학원,서울특별시 노원구 노원로22길 77,37.6485878,127.0742954,80,69
명수학교습소,서울특별시 노원구 마들로 59,37.6212796,127.0676557,15,3
다니엘학원,서울특별시 노원구 한글비석로 411,37.6612609,127.0706481,55,76
아트앤아트미술교습소,서울특별시 노원구 석계로 49,37.6185529,127.0625822,54,9
윤승완영어학원,서울특별시 노원구 한글비석로 235,37.6487645,127.0763385,4539,207
수락리버시티잉글리시아이영어교습소,서울특별시 노원구 누원로 18,37.6860515,127.0535696,25,5
킴스뮤직음악교습소,서울특별시 노원구 노원로1길 75,37.6208425,127.0830671,25,8
로고스이(e)해법학원,서울특별시 노원구 덕릉로118길 29,37.667829,127.0816184,180,86
자연계에듀학원,서울특별시 노원구 한글비석로 245,37.6495965,127.0763777,59994,9999
서울부동산경(공)매전문학원,서울특별시 노원구 상계로1길 24,37.6570888,127.0617207,210,76
토즈상계스마트독서실,서울특별시 노원구 동일로 1528,37.6648039,127.0581367,130,138
메타클래스(metaclass)영수전문학원,서울특별시 노원구 동일로 1365,37.6505935,127.0612172,40,83
고도미술교습소,서울특별시 노원구 동일로177길 20,37.6209566,127.0732633,6,3
수북수북국어논술교습소,서울특별시 노원구 노원로1길 9,37.6221921,127.0863931,20,8
원일수학교습소,서울특별시 노원구 한글비석로 264,37.6509746,127.0771635,12,6
중계스즈키바이올린첼로학원,서울특별시 노원구 중계로 225,37.6498272,127.0743318,80,43
크레버스영재관중계제1지점학원,서울특별시 노원구 중계로 225,37.6498272,127.0743318,854,105
오렌지수학교습소,서울특별시 노원구 노원로 314,37.6446072,127.0720589,20,5
동덕피아노박사음악학원,서울특별시 노원구 마들로 31,37.6178025,127.0685682,148,49
혜윰서가독서논술교습소,서울특별시 노원구 한글비석로 232,37.6483769,127.0769291,40,4
우리수학교습소,서울특별시 노원구 한글비석로1길 65,37.6405411,127.0703623,20,4
숙명예인발레아카데미학원,서울특별시 노원구 노원로1길 9,37.6221921,127.0863931,128,54
스카이(SKY)미래연학원,서울특별시 노원구 노원로22길 77,37.6485878,127.0742954,135,79
이화라인발레학원,서울특별시 노원구 한글비석로48길 11,37.664778,127.0670262,48,48
큐브레인수학교습소,서울특별시 노원구 노원로 547,37.6607248,127.0569722,4,5
Sally`s바이올린교습소,서울특별시 노원구 노원로22길 77,37.6485878,127.0742954,2,2
라티오수학학원,서울특별시 노원구 한글비석로 273,37.6521755,127.0771914,30,214
멘토수학전문학원,서울특별시 노원구 한글비석로 273,37.6521755,127.0771914,42,74
중계이바인어학원,서울특별시 노원구 중계로 219,37.6504923,127.0756701,15,153
지이티영어교습소,서울특별시 노원구 한글비석로 265,37.6514461,127.0765554,18,9
중계세종수학교습소,서울특별시 노원구 노원로22길 77,37.6485878,127.0742954,24,5
윤선생우리집앞영어상계은빛영어교습소,서울특별시 노원구 동일로245길 162,37.6815167,127.0538446,81,9
윤선생우리집앞영어교실하계현대우성영어교습소,서울특별시 노원구 섬밭로 232,37.6368495,127.0663824,34,6
예랑피아노교습소,서울특별시 노원구 한글비석로46길 26,37.6646861,127.0689404,20,5
아트빈미술창작소미술교습소,서울특별시 노원구 노원로22길 77,37.6485878,127.0742954,18,8
레몬영어교습소,서울특별시 노원구 한글비석로 269,37.6517301,127.0767968,6,3
스카이(SKY)2관학원,서울특별시 노원구 한글비석로 250,37.6499887,127.0770075,214,161
노창호수학전문학원,서울특별시 노원구 동일로 1345,37.6486893,127.0618793,240,75
노원이르키움학원,서울특별시 노원구 상계로 77,37.6566612,127.0635755,74,129
디에이블(theA+ble)학원,서울특별시 노원구 덕릉로83길 5,37.6591605,127.0744704,60,70
프라임리더스앤1:1영어학원,서울특별시 노원구 덕릉로73길 18,37.6521826,127.0724569,29,95
글맛국어교습소,서울특별시 노원구 공릉로34길 118,37.626007,127.0806262,15,5
스터디코치영어전문학원,서울특별시 노원구 한글비석로 227,37.6479003,127.0762756,180,114
중계미래탐구영재관학원,서울특별시 노원구 한글비석로 232,37.6483769,127.0769291,240,83
그림숲미술교습소,서울특별시 노원구 덕릉로112길 36,37.6662857,127.07975,54,6
중계그린e해법수학교습소,서울특별시 노원구 동일로 1279,37.642026,127.0641086,27,9
이유신원탑국어논술교습소,서울특별시 노원구 동일로 1550,37.6669174,127.0575806,15,5
한우리중계독서논술교습소,서울특별시 노원구 한글비석로 265,37.6514461,127.0765554,14,7
줄리어드피아노교습소,서울특별시 노원구 중계로 225,37.6498272,127.0743318,15,3
하이매스수학교습소,서울특별시 노원구 한글비석로 253,37.6504239,127.0763502,20,4
피즐음악학원,서울특별시 노원구 중계로 225,37.6498272,127.0743318,420,54
구영민클리닉수학교습소,서울특별시 노원구 한글비석로 242,37.6493084,127.0769639,12,4
그림그리는화가들미술교습소,서울특별시 노원구 노원로 522,37.6612049,127.0610037,8,4
문정희e해법수학학원,서울특별시 노원구 섬밭로 209,37.6354449,127.0642439,80,69
스마트해법수학하계연촌초점수학교습소,서울특별시 노원구 공릉로58길 82,37.6354592,127.0729904,35,5
서울국가검정고시학원,서울특별시 노원구 상계로 90,37.656272,127.0646298,499950,9999
아이드림과학교습소,서울특별시 노원구 중계로18길 17,37.6515236,127.0778413,15,5
백탑영어교습소,서울특별시 노원구 중계로18길 17,37.6515236,127.0778413,24,4
생각생긋미술교습소,서울특별시 노원구 한글비석로 571,37.6641843,127.0546598,21,7
생각을그리는미술교습소,서울특별시 노원구 마들로 31,37.6178025,127.0685682,10,5
수박에듀학원,서울특별시 노원구 한글비석로 232,37.6483769,127.0769291,220,69
배틀영어학원,서울특별시 노원구 중계로19길 48,37.6485878,127.0742954,20,71
삼성영어교습소,서울특별시 노원구 덕릉로 459-37,37.6467584,127.0595441,15,5
홍익미술교습소,서울특별시 노원구 동일로192나길 14,37.6272811,127.0751572,12,6
그린숲아트미술교습소,서울특별시 노원구 덕릉로 459-37,37.6467584,127.0595441,90,9
국풍2000중계1관학원,서울특별시 노원구 중계로18길 9,37.6511373,127.077782,475,90
스터디플러스독서실,서울특별시 노원구 덕릉로 603,37.651819,127.0728249,400,100
러닝템푸스학원,서울특별시 노원구 동일로 1308,37.6470009,127.0661,46,68
BNK어학원,서울특별시 노원구 노원로22길 77,37.6485878,127.0742954,96,151
쏙쏙수학교습소,서울특별시 노원구 마들로 59,37.6212796,127.0676557,55,6
중계심슨어학원,서울특별시 노원구 한글비석로 253,37.6504239,127.0763502,600,285
Jh안정희영어학원,서울특별시 노원구 동일로 1053,37.6240241,127.0731581,210,174
다온국어전문학원,서울특별시 노원구 중계로 201,37.6504487,127.0777705,40,70
불암미래해법영어교습소,서울특별시 노원구 덕릉로118길 17,37.6677706,127.0798573,10,5
레알영어학원,서울특별시 노원구 동일로 1554,37.6671866,127.0575159,88,83
엘파인어학원,서울특별시 노원구 노원로 254,37.6402077,127.0735771,36,156
김쌤수학의숲수학교습소,서울특별시 노원구 섬밭로 263,37.6387852,127.0624881,69,8
중계컴퓨터학원,서울특별시 노원구 한글비석로 253,37.6504239,127.0763502,118,48
김영숙컨설팅키즈스피치마루지웅변학원,서울특별시 노원구 한글비석로 264,37.6509746,127.0771635,48,44
리드앤톡영어교습소,서울특별시 노원구 월계로45길 21,37.6265468,127.0497923,7,7
카이스트수학교습소,서울특별시 노원구 섬밭로 125,37.6272664,127.0686136,63,7
명인어린이바둑교습소,서울특별시 노원구 노원로 540,37.6614571,127.0593957,9,9
제니퍼영어?수학학원,서울특별시 노원구 노원로 522,37.6612049,127.0610037,60,82
이엔엠멘토보습학원,서울특별시 노원구 공릉로59길 15,37.6331962,127.0710597,72,68
YBM시사잉글루학원,서울특별시 노원구 석계로9길 13,37.6173257,127.0634073,21,69
이화영수학교습소,서울특별시 노원구 한글비석로 571,37.6641843,127.0546598,36,4
중계리드인독서논술교습소,서울특별시 노원구 한글비석로 253,37.6504239,127.0763502,40,8
강!수학교습소,서울특별시 노원구 섬밭로 287,37.6408062,127.0620278,12,4
숨음악교습소,서울특별시 노원구 한글비석로24길 21,37.6619099,127.0718904,18,9
유진영어교습소,서울특별시 노원구 석계로 49,37.6185529,127.0625822,35,7
이투스247강북학원,서울특별시 노원구 노원로 236,37.6391161,127.0751565,210,275
수단비학원,서울특별시 노원구 화랑로 349,37.6153932,127.066658,30,74
노원위드피아노학원,서울특별시 노원구 상계로3길 21,37.6572049,127.0623355,601,46
클라라음악교습소,서울특별시 노원구 덕릉로 591,37.6510441,127.0718403,55,9
e해법수학셀파수학중계염광점수학교습소,서울특별시 노원구 한글비석로15길 48,37.6562734,127.0734915,36,9
공마연독서실,서울특별시 노원구 노원로34길 112,37.6639575,127.066305,315,101
이앤엠(E&M)학원,서울특별시 노원구 수락산로 212,37.6708271,127.0553544,560,80
더쌤(The Ssam)학원,서울특별시 노원구 동일로198길 10,37.6285642,127.0727285,164,71
발해사탐사회교습소,서울특별시 노원구 중계로 198,37.6519314,127.0795434,30,6
자연머리아카데미학원,서울특별시 노원구 동일로 1673,37.6778864,127.0548082,50,70
작은별바이올린교습소,서울특별시 노원구 덕릉로73길 28,37.6534321,127.072311,3,3
유년의정원도자기미술교습소,서울특별시 노원구 동일로 1368,37.6507502,127.0619389,9,9
인서울플래너수학교습소,서울특별시 노원구 공릉로59길 15,37.6331962,127.0710597,8,2
스터디뱅크상계독서실,서울특별시 노원구 노원로 558,37.6615829,127.0570969,85,136
뿌리과학교습소,서울특별시 노원구 한글비석로 269,37.6517301,127.0767968,12,2
대신영어교습소,서울특별시 노원구 한글비석로 269,37.6517301,127.0767968,24,6
참국어논술교습소,서울특별시 노원구 한글비석로 269,37.6517301,127.0767968,15,3
이레영어학원,서울특별시 노원구 동일로 1550,37.6669174,127.0575806,24,68
최태영영어교습소,서울특별시 노원구 한글비석로 265,37.6514461,127.0765554,18,3
에꼴(ecole)뮤직음악교습소,서울특별시 노원구 중계로 8길 29,37.6473305,127.0833006,88,8
제이(J)음악교습소,서울특별시 노원구 노원로28길 9,37.6537412,127.0689054,25,7
로보티즈키즈랩노원학원,서울특별시 노원구 중계로 225,37.6498272,127.0743318,120,102
스카이독서실,서울특별시 노원구 동일로207길 184,37.6363492,127.0613398,138,138
하계점와와학습코칭학원,서울특별시 노원구 노원로 254,37.6402077,127.0735771,432,93
에듀맥스학원,서울특별시 노원구 한글비석로 363,37.6579097,127.0744272,168,74
윤승기영어학원,서울특별시 노원구 중계로 218,37.6508704,127.0760059,30,73
라온독서실,서울특별시 노원구 동일로198길 78,37.629665,127.075765,132,96
애니포스만화학원,서울특별시 노원구 동일로 1379,37.6518002,127.0608789,326,114
대진중국어학원,서울특별시 노원구 노해로75길 14-26,37.6545625,127.0588968,70,147
뉴대원학원,서울특별시 노원구 동일로 1530,37.665073,127.0580605,140,99
진영어교습소,서울특별시 노원구 덕릉로 804,37.6685946,127.0800143,81,9
그래이수학학원,서울특별시 노원구 중계로 220,37.6508775,127.0756868,100,116
노승환의화학과학교습소,서울특별시 노원구 한글비석로 276,37.6518713,127.0777853,20,7
이은아카데미학원,서울특별시 노원구 덕릉로115다길 66,37.6695145,127.0790147,40,44
중계탑클래스학원,서울특별시 노원구 한글비석로 367,37.6582966,127.0741003,860,94
피아노의숲음악학원,서울특별시 노원구 덕릉로112길 36,37.6662857,127.07975,126,42
토즈스터디센터상계2독서실,서울특별시 노원구 동일로243길 33,37.6784574,127.053067,762,141
영재아카데미학원,서울특별시 노원구 중계로 218,37.6508704,127.0760059,220,82
독한에듀윌경찰소방학원,서울특별시 노원구 상계로5길 32,37.6571323,127.0628182,1680,401
스타일미용학원,서울특별시 노원구 상계로 55,37.6560884,127.0610411,258,139
강철수학교습소,서울특별시 노원구 석계로 49,37.6185529,127.0625822,27,9
더그림미술교습소,서울특별시 노원구 동일로227길 26,37.666989,127.054523,28,9
민희피아노음악교습소,서울특별시 노원구 동일로 1550,37.6669174,127.0575806,40,9
브레인스쿨학원,서울특별시 노원구 동일로 1374,37.6513068,127.061782,25,51
김쌤수학교습소,서울특별시 노원구 섬밭로 125,37.6272664,127.0686136,8,9
씨오에스(COS)학원,서울특별시 노원구 중계로 202,37.6508676,127.077805,36,70
더블유티알씨(TRC)수학학원,서울특별시 노원구 중계로 206,37.6508711,127.077531,135,104
더이룸학원,서울특별시 노원구 동일로227길 26,37.666989,127.054523,70,70
에이비씨(ABC)피아노교습소,서울특별시 노원구 노원로1나길 11,37.6214089,127.0826538,40,5
캠브리지학원,서울특별시 노원구 한글비석로 530,37.6661657,127.0593193,110,148
깃국어교습소,서울특별시 노원구 한글비석로 232,37.6483769,127.0769291,24,4
와이지수학과학학원,서울특별시 노원구 동일로 1533,37.665345,127.0572197,48,73
자라다남아미술학원,서울특별시 노원구 노원로 254,37.6402077,127.0735771,15,52
진수학교습소,서울특별시 노원구 동일로218길 17,37.6539147,127.0619142,10,5
엠에스씨브레인컨설팅중계학원,서울특별시 노원구 한글비석로 254,37.6504079,127.0770904,80,97
아몬드트리미술교습소,서울특별시 노원구 공릉로34길 22,37.6227002,127.0804238,8,8
로제타스톤영어교실상계보람점영어교습소,서울특별시 노원구 노원로34길 98,37.6632663,127.0661948,45,9
더제이엠학원,서울특별시 노원구 공릉로46길 13,37.6273958,127.079562,170,90
진환주영어교습소,서울특별시 노원구 동일로218길 17,37.6539147,127.0619142,20,4
코스모스과학학원,서울특별시 노원구 한글비석로 269,37.6517301,127.0767968,88,107
상생국영수학원,서울특별시 노원구 동일로227길 26,37.6687829,127.0537253,132,88
이젠수학교습소,서울특별시 노원구 동일로 1554,37.6671866,127.0575159,28,4
아울미술교습소,서울특별시 노원구 공릉로59길 15,37.6331962,127.0710597,96,8
에이블독서실,서울특별시 노원구 한글비석로24길 63,37.6632238,127.0735239,72,100
그림앤그림미술교습소,서울특별시 노원구 한글비석로8길 16,37.6472756,127.0779151,32,4
지니음악교습소,서울특별시 노원구 누원로 28,37.6875043,127.0544509,40,4
조재현수학교습소,서울특별시 노원구 노원로 434,37.6549617,127.0683084,45,9
원실용음악학원,서울특별시 노원구 노원로26길 181,37.6580745,127.0713023,10,51
더엠(TheM)수학전문학원,서울특별시 노원구 한글비석로 235,37.6487645,127.0763385,130,69
수학의달인공릉수학교습소,서울특별시 노원구 공릉로34길 62,37.6234994,127.0831875,8,4
하이미디어컴퓨터학원,서울특별시 노원구 상계로5길 32,37.6571323,127.0628182,4360,227
씨비씨(CBC)수학학원,서울특별시 노원구 한글비석로 271,37.6519943,127.0770251,108,79
중계폴리어학원,서울특별시 노원구 노원로 236,37.6391161,127.0751565,144,288
윈(WIN)영어교습소,서울특별시 노원구 중계로 201,37.6504487,127.0777705,18,3
에이원(Aone)수학전문학원,서울특별시 노원구 노원로 257,37.6402604,127.072739,83,68
와우미술교습소,서울특별시 노원구 공릉로58길 111,37.6359551,127.0745015,48,9
더블유수학학원,서울특별시 노원구 한글비석로 272,37.6517354,127.0775931,91,185
플래뮤노원미술학원,서울특별시 노원구 한글비석로 242,37.6493084,127.0769639,25,51
장민준영어1관학원,서울특별시 노원구 한글비석로 273,37.6521755,127.0771914,330,111
SR사회탐구1관학원,서울특별시 노원구 중계로 206,37.6508711,127.077531,70,111
레알편입학원,서울특별시 노원구 동일로 1341,37.6483254,127.0620718,114,182
조봉관수학수리논술학원,서울특별시 노원구 한글비석로 232,37.6483769,127.0769291,64,68
아우라(aura)학원,서울특별시 노원구 공릉로35길 2,37.6229716,127.0791633,128,68
뮤직트리음악교습소,서울특별시 노원구 덕릉로 730,37.6632116,127.0771559,25,5
뿌리깊은국어논술교습소,서울특별시 노원구 마들로 31,37.6178025,127.0685682,15,5
스마트해법수학공릉수학교습소,서울특별시 노원구 공릉로46길 23,37.6280883,127.0803087,8,4
뮤직프렌즈음악교습소,서울특별시 노원구 한글비석로52길 12,37.664986,127.0664767,17,8
윤선생우리집앞영어교실중평영어교습소,서울특별시 노원구 섬밭로 263,37.6387852,127.0624881,96,8
키즈앤수학교습소,서울특별시 노원구 중계로 225,37.6498272,127.0743318,9,3
몽마르뜨미술교습소,서울특별시 노원구 덕릉로71길 30,37.651184,127.0705238,20,7
에이스미술학원,서울특별시 노원구 노해로 482,37.6542263,127.0617322,30,80
매일플러스수학교습소,서울특별시 노원구 노원로1길 21,37.6214487,127.0851487,12,4
해법상계주공2영어교습소,서울특별시 노원구 동일로215길 81,37.6502137,127.0568875,30,5
비상플러스수학교습소,서울특별시 노원구 동일로215길 81,37.6502137,127.0568875,25,5
더쎈수학전문학원,서울특별시 노원구 한글비석로47길 34,37.6627231,127.0667191,58,78
어썸팩토리중계플레이스독서실,서울특별시 노원구 중계로12가길 19,37.6479908,127.0825978,376,188
영재체험수학학원,서울특별시 노원구 한글비석로 271,37.6519943,127.0770251,30,69
니드영어교습소,서울특별시 노원구 동일로 1530,37.665073,127.0580605,21,4
스마트해법수학공릉우방점수학교습소,서울특별시 노원구 노원로 58,37.6266495,127.0873143,36,9
스터디센터씨엔티(CNT)서울공릉센터독서실,서울특별시 노원구 동일로 1051,37.623801,127.073232,69,96
수풀림수학학원,서울특별시 노원구 노원로 254,37.6402077,127.0735771,73,83
러시아클래식발레교습소,서울특별시 노원구 노원로 476,37.6588282,127.0652956,24,9
그릿영어교습소,서울특별시 노원구 중계로 202,37.6508676,127.077805,25,5
청담노원역점독서실,서울특별시 노원구 동일로218길 41,37.6541939,127.0631566,174,124
슈에뜨음악교습소,서울특별시 노원구 상계로9가길 53,37.6599814,127.0683071,47,9
노원창조의아침미술학원,서울특별시 노원구 동일로 1402,37.6537517,127.0611686,470,86
엘리스의다락방공예교습소,서울특별시 노원구 덕릉로 459-47,37.6472467,127.0595377,4,1
생각하는황소수학학원,서울특별시 노원구 중계로 206,37.6508711,127.077531,1955,173
한창호영어교습소,서울특별시 노원구 중계로 164,37.6497313,127.0811529,28,7
채움독서실,서울특별시 노원구 섬밭로 258,37.6388263,127.0647546,110,139
밀리에듀영어학원,서울특별시 노원구 상계로 193-14,37.6630427,127.0745157,62,68
아우라수학교습소,서울특별시 노원구 한글비석로 242,37.6493084,127.0769639,3,3
탑그린영어교습소,서울특별시 노원구 노원로 314,37.6446072,127.0720589,6,2
최샘영어교습소,서울특별시 노원구 석계로 49,37.6185529,127.0625822,8,4
파고다(PAGODA)차이랑중국어교습소,서울특별시 노원구 동일로 1280,37.6427206,127.0665677,80,4
영쌤창의수학교습소,서울특별시 노원구 한글비석로15길 48,37.6562734,127.0734915,52,4
제타영어학원,서울특별시 노원구 덕릉로 589,37.6509693,127.0717399,94,70
중계수암스마트해법영어교습소,서울특별시 노원구 중계로 8길 29,37.6473305,127.0833006,24,6
더올림(노원)학원,서울특별시 노원구 한글비석로 460,37.66447,127.0669577,240,70
케이엠에듀(KMEdu)수학학원,서울특별시 노원구 한글비석로8길 29,37.648309,127.0784988,174,94
스타메디간호학원,서울특별시 노원구 동일로 1372,37.6510984,127.0618323,1005,174
하늘높이컨설팅진학지도교습소,서울특별시 노원구 한글비석로 254,37.6504079,127.0770904,16,4
홍재룡수학전문학원,서울특별시 노원구 한글비석로 281,37.6528843,127.0777274,102,116
그린램프라이브러리중계캠퍼스독서실,서울특별시 노원구 한글비석로 265,37.6514461,127.0765554,226,113
크리스티잉글리시영어교습소,서울특별시 노원구 동일로245길 162,37.6815167,127.0538446,24,4
어썸잉글리쉬중계브랜치학원,서울특별시 노원구 중계로 217,37.6504871,127.0759853,24,76
노원바리스타전문학원,서울특별시 노원구 동일로 1393,37.6529411,127.0605151,106,111
닥터(Dr.)국어교습소,서울특별시 노원구 노원로 547,37.6607248,127.0569722,9,9
마이스터제과제빵학원,서울특별시 노원구 상계로7길 13,37.657322,127.065016,188,75
책통클럽독서논술교습소,서울특별시 노원구 한글비석로15길 48,37.6562734,127.0734915,21,7
카이로스프랩독서실,서울특별시 노원구 덕릉로 712-4,37.6609927,127.075927,224,112
하이스트영어교습소,서울특별시 노원구 한글비석로48길 25,37.6654456,127.0671842,6,3
기파랑문해원학원,서울특별시 노원구 한글비석로 253,37.6504239,127.0763502,105,79
준`S수학교습소,서울특별시 노원구 한글비석로15길 48,37.6562734,127.0734915,15,5
하우스터디중계2센터독서실,서울특별시 노원구 중계로14길 41,37.6502284,127.08244,186,93
이주영영어교습소,서울특별시 노원구 덕릉로73길 28,37.6534321,127.072311,15,3
디자인가우디애니마션미술학원,서울특별시 노원구 동일로217가길 11,37.6534592,127.059882,450,95
북꼬리논술교습소,서울특별시 노원구 중계로 217,37.6504871,127.0759853,18,9
중계덕스원격교습학원,서울특별시 노원구 한글비석로 233,37.6484948,127.0763004,500,9999
토마토아틀리에미술교습소,서울특별시 노원구 공릉로 159,37.6242674,127.0794917,108,9
아이비탑리딩중계영어학원,서울특별시 노원구 중계로 170,37.6501065,127.0812326,49,78
임팩트과학학원,서울특별시 노원구 노원로22길 70,37.6468287,127.0728289,100,73
단디독서실,서울특별시 노원구 동일로 1365,37.6505935,127.0612172,132,136
강북청솔독서실,서울특별시 노원구 한글비석로 242,37.6493084,127.0769639,121,952
유플러스에듀(u+edu)영어교습소,서울특별시 노원구 한글비석로 89,37.6393884,127.0715555,8,4
예진음악교습소,서울특별시 노원구 동일로 1280,37.6427206,127.0665677,63,9
버팀수학학원,서울특별시 노원구 한글비석로 227,37.6479003,127.0762756,26,74
타임유독서실,서울특별시 노원구 수락산로 212,37.6708271,127.0553544,127,127
또래음악교습소,서울특별시 노원구 한글비석로46길 72,37.6665942,127.0696978,11,9
혜윰수학교습소,서울특별시 노원구 마들로 31,37.6178025,127.0685682,44,4
옳은국어논술전문학원,서울특별시 노원구 노원로 257,37.6402604,127.072739,150,117
정회원아뜰리에미술교습소,서울특별시 노원구 섬밭로 209,37.6354449,127.0642439,32,8
해법셀파수학교습소,서울특별시 노원구 동일로175길 20,37.6196843,127.0736685,20,5
캥거루영어교습소,서울특별시 노원구 상계로1길 74,37.6594056,127.0615269,16,8
피오나영어교습소,서울특별시 노원구 상계로1길 74,37.6594056,127.0615269,13,8
마술피리음악교습소,서울특별시 노원구 월계로45길 21,37.6265468,127.0497923,80,6
리즈음악교습소,서울특별시 노원구 월계로45길 21,37.6265468,127.0497923,39,9
매쓰위너수학교습소,서울특별시 노원구 덕릉로73길 28,37.6534321,127.072311,56,9
포커스독서실,서울특별시 노원구 석계로 49,37.6185529,127.0625822,127,97
아이엔수학교습소,서울특별시 노원구 중계로 220,37.6508775,127.0756868,6,6
EA+(이에이플러스)수학교습소,서울특별시 노원구 덕릉로 669,37.6573787,127.074582,12,4
국풍2000중계2관학원,서울특별시 노원구 중계로 202,37.6508676,127.077805,475,163
피티(PT)수학학원,서울특별시 노원구 노원로22길 77,37.6485878,127.0742954,12,76
인스카이승무원학원,서울특별시 노원구 동일로 1426,37.6560024,127.0605468,74,81
바른학원,서울특별시 노원구 공릉로34길 10-5,37.6223495,127.0799658,50,69
상상미술교습소,서울특별시 노원구 한글비석로 474,37.6648566,127.0654725,27,9
참바른글씨펜글씨교습소,서울특별시 노원구 동일로218길 35,37.6540888,127.0626882,8,8
미술공장아트토리학원,서울특별시 노원구 상계로 74,37.6560154,127.063116,90,54
한울학원,서울특별시 노원구 공릉로38길 23-6,37.6234908,127.0808456,172,68
그림그리다미술교습소,서울특별시 노원구 한글비석로52길 6,37.6647798,127.0664431,25,5
엠(M)수학학원,서울특별시 노원구 동일로 1393,37.6529411,127.0605151,100,70
지오수학교습소,서울특별시 노원구 노원로22길 77,37.6485878,127.0742954,50,5
이엘피아노음악교습소,서울특별시 노원구 동일로228길 35,37.6679406,127.0590332,40,6
제이스(JAY`S)보습학원,서울특별시 노원구 광운로10길 3,37.6208884,127.0593315,96,99
영샘의영어교실영어교습소,서울특별시 노원구 월계로55길 3,37.6317292,127.0596864,12,4
우나숨국어논술학원,서울특별시 노원구 노원로 526,37.6612312,127.0605602,58,77
투핸즈과학전문학원,서울특별시 노원구 중계로 219,37.6504923,127.0756701,120,68
글숲국어논술교습소,서울특별시 노원구 한글비석로 250,37.6499887,127.0770075,35,5
수쌤수학교습소,서울특별시 노원구 월계로55길 3,37.6317292,127.0596864,36,9
재밌는수학교습소,서울특별시 노원구 한글비석로 396,37.6614765,127.0728242,12,4
알파영어교습소,서울특별시 노원구 동일로207길 184,37.6363492,127.0613398,24,6
(주)메디잡리더스간호학원,서울특별시 노원구 노해로 488,37.6543208,127.0621574,30,197
탑플레이스비알(BR)영어교습소,서울특별시 노원구 중계로18길 9,37.6511373,127.077782,20,4
유투엠중계캠퍼스학원,서울특별시 노원구 한글비석로 270,37.6515579,127.077432,72,143
중계고등전문안형준국어교습소,서울특별시 노원구 한글비석로 269,37.6517301,127.0767968,28,4
시온수학교습소,서울특별시 노원구 동일로 1551,37.6668834,127.0568372,48,9
수학의기술학원,서울특별시 노원구 노원로22길 70,37.6468287,127.0728289,85,68
전문가집단2관학원,서울특별시 노원구 한글비석로 270,37.6515579,127.077432,60,77
아르떼발레학원,서울특별시 노원구 동일로 1365,37.6505935,127.0612172,50,53
엘에스씨(LSC)영어학원,서울특별시 노원구 한글비석로 270,37.6515579,127.077432,100,77
이투스수학학원,서울특별시 노원구 중계로 217,37.6504871,127.0759853,30,117
이(e)해법셀파수학학원,서울특별시 노원구 수락산로 232,37.6710933,127.0528888,80,72
악어연기학원,서울특별시 노원구 노해로83길 4,37.6555352,127.064536,112,62
유비스카이학원,서울특별시 노원구 한글비석로 270,37.6515579,127.077432,36,113
잇올스파르타독학재수학원,서울특별시 노원구 한글비석로 270,37.6515579,127.077432,600,120
잇올스파르타관리형프리미엄독서실,서울특별시 노원구 한글비석로 270,37.6515579,127.077432,264,143
블러썸미술학원,서울특별시 노원구 동일로227길 26,37.6687829,127.0537253,180,56
웅진씽크빅학습센터중계학원,서울특별시 노원구 덕릉로73길 18,37.6521826,127.0724569,390,144
크레버스영재관중계제3지점학원,서울특별시 노원구 한글비석로 270,37.6515579,127.077432,534,173
이룸영어교습소,서울특별시 노원구 덕릉로94가길 20,37.663117,127.0785759,10,5
로직큐(Q)수학교습소,서울특별시 노원구 덕릉로71길 30,37.651184,127.0705238,40,4
올림피아드영재센터학원,서울특별시 노원구 한글비석로 270,37.6515579,127.077432,504,220
민지미술비끄아트노원학원,서울특별시 노원구 섬밭로 209,37.6354449,127.0642439,50,53
전문가집단학원,서울특별시 노원구 한글비석로 270,37.6515579,127.077432,29,89
러셀중계바른공부자습전용관독서실,서울특별시 노원구 한글비석로 242,37.6493084,127.0769639,350,558
로보나라로봇코딩교습소,서울특별시 노원구 한글비석로54길 116,37.6683107,127.0604105,18,3
빵샘영어경영학원,서울특별시 노원구 노원로 236,37.6391161,127.0751565,64,70
씽크톡창의수학교습소,서울특별시 노원구 동일로213길 77,37.647755,127.0577479,36,6
에스(S)수학교습소,서울특별시 노원구 공릉로 143,37.6227596,127.0791105,42,7
유니팝미술교습소,서울특별시 노원구 화랑로51길 78,37.6257733,127.0873569,40,8
서울공릉작심독서실,서울특별시 노원구 동일로191가길 34,37.6266765,127.0713204,672,112
엘-피엠피(L-PMP)학원,서울특별시 노원구 동일로 1530,37.665073,127.0580605,60,78
두림과학학원,서울특별시 노원구 한글비석로 227,37.6479003,127.0762756,1080,195
크레버스씨큐브코딩중계제1지점학원,서울특별시 노원구 중계로 225,37.6498272,127.0743318,612,145
코치클래스영어교습소,서울특별시 노원구 노원로 58,37.6266495,127.0873143,20,5
우리해법수학논술학원,서울특별시 노원구 동일로 1549,37.6667157,127.0568809,225,129
청구홍익미술교습소,서울특별시 노원구 한글비석로 89,37.6393884,127.0715555,4,4
꿈꾸는창의교육학원,서울특별시 노원구 노원로1나길 3,37.621147,127.0829943,40,53
플라이업수학교습소,서울특별시 노원구 덕릉로73길 28,37.6534321,127.072311,10,5
한솔학원,서울특별시 노원구 석계로 49,37.6185529,127.0625822,56,74
커브(Curve)영어학원,서울특별시 노원구 노원로1나길 3,37.621147,127.0829943,30,125
에이치아이엠에스초중등관명성학원,서울특별시 노원구 광운로 57,37.6226528,127.0595318,40,82
스카이(SKY)미래연수학학원,서울특별시 노원구 한글비석로 232,37.6483769,127.0769291,135,182
아리엘음악교습소,서울특별시 노원구 섬밭로 232,37.6368495,127.0663824,28,8
미래수학국어과학학원,서울특별시 노원구 공릉로34길 10-2,37.6223308,127.0797916,80,74
유아이수학교습소,서울특별시 노원구 중계로 225,37.6498272,127.0743318,6,3
한상욱영문법영어교습소,서울특별시 노원구 중계로 170,37.6501065,127.0812326,54,9
311잉글리쉬(English)학원,서울특별시 노원구 중계로 218,37.6508704,127.0760059,85,70
다온도예교습소,서울특별시 노원구 노원로 540,37.6614571,127.0593957,18,8
코드원독서실,서울특별시 노원구 한글비석로 227,37.6479003,127.0762756,198,280
보람해법수학교습소,서울특별시 노원구 한글비석로 474,37.6648566,127.0654725,15,5
해법영어보람교실영어교습소,서울특별시 노원구 한글비석로 474,37.6648566,127.0654725,21,7
삼성영어태랑보습학원,서울특별시 노원구 화랑로51길 38,37.6249914,127.0890791,191,73
원패스전기학원,서울특별시 노원구 동일로216길 70,37.6521365,127.0654852,132,113
편입엔편입학원,서울특별시 노원구 노해로75길 14-26,37.6545625,127.0588968,210,153
제이영어교습소,서울특별시 노원구 노원로22길 70,37.6468287,127.0728289,12,2
명광일종합논술교습소,서울특별시 노원구 섬밭로 263,37.6387852,127.0624881,74,8
레이쌤영어교습소,서울특별시 노원구 한글비석로 89,37.6393884,127.0715555,24,4
짱수학교습소,서울특별시 노원구 공릉로34길 62,37.6234994,127.0831875,24,8
중계염광한우리독서토론논술교습소,서울특별시 노원구 한글비석로15길 48,37.6562734,127.0734915,14,7
탑솔루션수학교습소,서울특별시 노원구 화랑로51길 38,37.6249914,127.0890791,26,7
에스앤케이(SNK)영어월계점학원,서울특별시 노원구 마들로 31,37.6178025,127.0685682,46,73
맘스잉글리쉬영어교습소,서울특별시 노원구 광운로2가길 23,37.6181778,127.0592496,8,4
그리미미술교습소,서울특별시 노원구 동일로215길 81,37.6502137,127.0568875,7,7
생각하는수학교습소,서울특별시 노원구 노원로1나길 15,37.6215403,127.0824257,30,5
실천이성학원,서울특별시 노원구 한글비석로 227,37.6479003,127.0762756,960,119
소리샘음악교습소,서울특별시 노원구 한글비석로52길 64,37.6674016,127.0675193,20,7
에르모소뷰티아카데미미용학원,서울특별시 노원구 노원로 449,37.6566669,127.066444,565,67
노원씨엠학원,서울특별시 노원구 상계로7길 25,37.6578412,127.0646118,60,132
남스클라리넷음악교습소,서울특별시 노원구 섬밭로 190,37.6337017,127.0678655,15,5
에스엘에이(SLA)애듀영어교습소,서울특별시 노원구 섬밭로 263,37.6387852,127.0624881,42,7
매쓰랩수학교습소,서울특별시 노원구 마들로 31,37.6178025,127.0685682,6,3
사이언스랩과학교습소,서울특별시 노원구 마들로 31,37.6178025,127.0685682,12,4
오후의드로잉미술교습소,서울특별시 노원구 동일로217가길 39,37.6530889,127.0582112,117,9
글의힘국어학원,서울특별시 노원구 한글비석로 273,37.6521755,127.0771914,3110,186
한우리공릉태강독서토론논술교습소,서울특별시 노원구 공릉로34길 62,37.6234994,127.0831875,6,3
매쓰플레이수학교습소,서울특별시 도봉구 마들로 650,37.6680262,127.0470738,60,6
서미선전문수학교습소,서울특별시 노원구 동일로 1530,37.665073,127.0580605,10,5
그래비티컬쳐그라운드댄스학원,서울특별시 노원구 동일로 1085,37.626701,127.0720804,190,63
에벤에셀음악학원,서울특별시 노원구 한글비석로54길 116/,37.6683107,127.0604105,74,58
그릿수학교습소,서울특별시 노원구 노원로22길 77,37.6485878,127.0742954,72,4
나무음악교습소,서울특별시 노원구 섬밭로 190,37.6337017,127.0678655,16,5
윤선생우리집앞영어교실을지영어교습소,서울특별시 노원구 중계로 225,37.6498272,127.0743318,24,8
봉(BONG)수학교습소,서울특별시 노원구 한글비석로 242,37.6493084,127.0769639,18,3
마이매쓰수학교습소,서울특별시 노원구 중계로18길 13,37.6513077,127.0778154,12,6
플라톤아카데미중계본동독서논술교습소,서울특별시 노원구 중계로14길 52,37.6505284,127.0828832,42,3
호크마수학학원,서울특별시 노원구 중계로18길 9,37.6511373,127.077782,117,123
진에이플러스수학교습소,서울특별시 노원구 섬밭로 125,37.6272664,127.0686136,63,7
화랑음악교습소,서울특별시 노원구 화랑로51길 17,37.6236127,127.0885326,20,4
유피(up)수학교습소,서울특별시 노원구 중계로 225,37.6498272,127.0743318,64,8
릴팅댄스스튜디오학원,서울특별시 노원구 동일로237길 58,37.6735548,127.0521474,80,72
챌린지에듀어학원,서울특별시 노원구 동일로 1532,37.6653113,127.0579985,210,152
두이국어전문학원,서울특별시 노원구 한글비석로 272,37.6517354,127.0775931,95,91
늘해법수학학원,서울특별시 노원구 누원로 22,37.6870816,127.0530523,60,70
김즌아트미술교습소,서울특별시 노원구 동일로237다길 29,37.6748529,127.0524559,9,9
김은수스카이(SKY)수학교습소,서울특별시 노원구 중계로18길 17,37.6515236,127.0778413,10,2
이창과학교습소,서울특별시 노원구 중계로18길 17,37.6515236,127.0778413,40,4
씨드런컴퓨터교습소,서울특별시 노원구 한글비석로 444,37.6636731,127.0685418,87,7
어썸팩토리중계은사플레이스독서실,서울특별시 노원구 중계로 205,37.6504553,127.0774563,60,120
플라톤아카데미공릉독서논술교습소,서울특별시 노원구 노원로 29,37.6245531,127.0848004,70,5
피아노멘토음악교습소,서울특별시 노원구 중계로12길 16,37.6475345,127.0813803,120,5
태랑하연과학교습소,서울특별시 노원구 화랑로51길 17,37.6236127,127.0885326,25,5
원노트(Onenote)재즈피아노음악교습소,서울특별시 노원구 동일로204가길 34,37.6407489,127.0682363,8,4
중계미래탐구영과센터학원,서울특별시 노원구 한글비석로 232,37.6483769,127.0769291,740,109
지앤비이화음악교습소,서울특별시 노원구 덕릉로 740,37.6636282,127.0764046,62,6
제로플러스학원,서울특별시 노원구 공릉로59길 28,37.6346823,127.0695415,70,102
브로스댄스스튜디오학원,서울특별시 노원구 한글비석로15길 27,37.6570128,127.0741706,60,65
더블유에스(WS)적중학원,서울특별시 노원구 노원로22길 77,37.6485878,127.0742954,1540,79
뉴모짜르트음악학원,서울특별시 노원구 동일로198길 10,37.6285642,127.0727285,263,45
세영컴퓨터교습소,서울특별시 노원구 한글비석로 232,37.6483769,127.0769291,48,4
지퍼스트(Gfirst)학원,서울특별시 노원구 석계로9길 13,37.6173257,127.0634073,68,76
진심영어교습소,서울특별시 노원구 중계로18길 13,37.6513077,127.0778154,24,4
브이아이피독서논술교습소,서울특별시 노원구 중계로18길 17,37.6515236,127.0778413,12,4
김지민영어학원,서울특별시 노원구 한글비석로 265,37.6514461,127.0765554,58,72
라티오2관수학학원,서울특별시 노원구 한글비석로 265,37.6514461,127.0765554,20,100
중계다독독서실,서울특별시 노원구 한글비석로 254,37.6504079,127.0770904,104,104
수학쌤수학교습소,서울특별시 노원구 공릉로42길 17,37.6243682,127.0807361,12,6
모네의작업실미술교습소,서울특별시 노원구 상계로 193-14,37.6630427,127.0745157,9,3
고수학교습소,서울특별시 노원구 한글비석로 232,37.6483769,127.0769291,10,4
디폴영어교습소,서울특별시 노원구 누원로 22,37.6870816,127.0530523,18,6
벽산즐거운수학교습소,서울특별시 노원구 한글비석로 396,37.6614765,127.0728242,24,4
리드인독서교습소,서울특별시 노원구 동일로213길 78,37.6481378,127.0575649,18,9
웅진프라임노원월계학원,서울특별시 노원구 초안산로2라길 11,37.6318407,127.0573268,24,112
대치어센트영어전문학원,서울특별시 노원구 한글비석로 254,37.6504079,127.0770904,414,96
생각의정원국어논술교습소,서울특별시 노원구 한글비석로 232,37.6483769,127.0769291,16,4
와이지학원,서울특별시 노원구 동일로 1533,37.665345,127.0572197,24,76
유격수수학교습소,서울특별시 노원구 동일로 1551,37.6668834,127.0568372,20,5
제이클래식뮤직음악교습소,서울특별시 노원구 동일로 986,37.6185315,127.0762191,19,9
레오의서재논술교습소,서울특별시 노원구 중계로 158,37.6490587,127.0810337,25,5
조은샘수학교습소,서울특별시 노원구 공릉로58길 112,37.6357271,127.0746958,4,2
국어의온도학원,서울특별시 노원구 중계로 206,37.6508711,127.077531,40,101
문셈사고력수학교습소,서울특별시 노원구 화랑로51길 17,37.6236127,127.0885326,6,9
로율수학교습소,서울특별시 노원구 동일로 1530,37.665073,127.0580605,25,5
이유리무용학원,서울특별시 노원구 한글비석로 474,37.6648566,127.0654725,76,49
이지영어학원,서울특별시 노원구 동일로 1533,37.665345,127.0572197,168,75
비비(BB)영어교습소,서울특별시 노원구 동일로 1551,37.6668834,127.0568372,18,6
서현경진로진학교습소,서울특별시 노원구 한글비석로 232,37.6483769,127.0769291,12,2
엘렌아트미술교습소,서울특별시 노원구 마들로 59,37.6212796,127.0676557,16,9
블랙스미스(BLAVKSMITH)미술학원,서울특별시 노원구 한글비석로 460,37.66447,127.0669577,20,50
원탑영어교습소,서울특별시 노원구 동일로 1624,37.6733664,127.0558584,27,9
원탑수학교습소,서울특별시 노원구 동일로 1624,37.6733664,127.0558584,12,4
더탑수학교습소,서울특별시 노원구 한글비석로 232,37.6483769,127.0769291,6,7
메리베리영어교습소,서울특별시 노원구 한글비석로 232,37.6483769,127.0769291,18,3
노브(nov)영어교습소,서울특별시 노원구 한글비석로 232,37.6483769,127.0769291,8,4
수학사냥수학교습소,서울특별시 노원구 한글비석로 227,37.6479003,127.0762756,24,9
탑노치잉글리쉬영어교습소,서울특별시 노원구 노원로22길 77,37.6485878,127.0742954,35,5
백인백색수학교습소,서울특별시 노원구 중계로 220,37.6508775,127.0756868,21,3
범블비영어교습소,서울특별시 노원구 덕릉로 459-37,37.6467584,127.0595441,52,4
생각+플레이팩토수학교습소,서울특별시 노원구 한글비석로 456,37.6647789,127.0680427,8,9
비앤기타(B&Guitar)음악교습소,서울특별시 노원구 동일로218길 35,37.6540888,127.0626882,6,3
에이원(A1)수학학원,서울특별시 노원구 덕릉로118길 29,37.667829,127.0816184,100,75
토토도예학원,서울특별시 노원구 상계로12길 52,37.6560004,127.0698741,100,51
샘터진학상담지도교습소,서울특별시 노원구 한글비석로 242,37.6493084,127.0769639,81,9
한울국어논술교습소,서울특별시 노원구 상계로1길 74,37.6594056,127.0615269,15,5
알고리즘수학교습소,서울특별시 노원구 한글비석로 232,37.6483769,127.0769291,45,9
나의바이올린음악교습소,서울특별시 노원구 중계로12가길 2,37.6473163,127.0821096,12,4
예랑미술교습소,서울특별시 노원구 누원로 28,37.6875043,127.0544509,33,7
윤선생우리집앞영어교실월계사슴영어보습학원,서울특별시 노원구 월계로 370,37.6309352,127.061014,24,77
미대입시에이스미술학원,서울특별시 노원구 노해로 495,37.6551168,127.0631328,35,92
오희라바이올린음악교습소,서울특별시 노원구 중계로 197,37.6497527,127.0784681,5,5
이상희바이올린음악교습소,서울특별시 노원구 중계로 197,37.6497527,127.0784681,2,5
퍼스트바리스타제과제빵학원,서울특별시 노원구 노해로85길 14,37.6560891,127.0652902,200,80
언희당국어교육본관학원,서울특별시 노원구 한글비석로 272,37.6517354,127.0775931,48,148
메이크잇독서실,서울특별시 노원구 동일로 1596,37.6708653,127.0566743,116,180
달봉국어원격학원,서울특별시 노원구 중계로 206,37.6508711,127.077531,59994,9999
베테랑미술학원,서울특별시 노원구 동일로 1352,37.6494079,127.0623309,210,85
더민(The Min)수학교습소,서울특별시 노원구 덕릉로73길 28,37.6534321,127.072311,8,5
찐영어교습소,서울특별시 노원구 한글비석로 242,37.6493084,127.0769639,18,3
퍼펙트수학교습소,서울특별시 노원구 석계로 49,37.6185529,127.0625822,12,4
아이스크림홈런월계영어교습소,서울특별시 노원구 석계로 49,37.6185529,127.0625822,21,7
해를품은달국어학원,서울특별시 노원구 한글비석로 276,37.6518713,127.0777853,205,113
국풍온원격학원,서울특별시 노원구 중계로 202,37.6508676,127.077805,109989,9999
조이영어교습소,서울특별시 노원구 공릉로34길 62,37.6234994,127.0831875,15,5
해냄수학교습소,서울특별시 노원구 한글비석로 264,37.6509746,127.0771635,21,3
노원댄스스포츠학원,서울특별시 노원구 한글비석로24길 3,37.6611889,127.0713385,156,60
북(Book)적북(Book)적독서논술교습소,서울특별시 노원구 한글비석로 396,37.6614765,127.0728242,5,5
글고은독서논술교습소,서울특별시 노원구 한글비석로52길 54,37.6674016,127.0675193,18,3
새솔국어논술교습소,서울특별시 노원구 한글비석로 264,37.6509746,127.0771635,18,6
배수현영어교습소,서울특별시 노원구 노원로1길 9,37.6221921,127.0863931,42,7
이-베스트(E-BEST)영어학원,서울특별시 노원구 덕릉로 619,37.6530677,127.0735446,21,74
중계레이수학학원,서울특별시 노원구 중계로 160,37.6494322,127.0813431,50,77
국공작국어학원,서울특별시 노원구 중계로 197,37.6497527,127.0784681,55,72
통액터스아카데미연기학원,서울특별시 노원구 덕릉로127길 25,37.6719593,127.0812497,20,59
디에이블베이직학원,서울특별시 노원구 덕릉로 704,37.6604391,127.0757326,14,80
바른국어논술교습소,서울특별시 노원구 노원로22길 70,37.6468287,127.0728289,64,8
유철문수학교습소,서울특별시 노원구 한글비석로 232,37.6483769,127.0769291,8,4
오렌지사고력센터수학교습소,서울특별시 노원구 덕릉로87길 21,37.6607795,127.0745238,45,9
리썸무용학원,서울특별시 노원구 덕릉로87길 21,37.6607795,127.0745238,38,70
분석학원,서울특별시 노원구 중계로18길 9,37.6511373,127.077782,31,73
중계케이트영어학원,서울특별시 노원구 노원로22길 71,37.6485878,127.0742954,72,136
로지코국어교습소,서울특별시 노원구 한글비석로 242,37.6493084,127.0769639,6,3
코듀정보코딩교습소,서울특별시 노원구 한글비석로 232,37.6483769,127.0769291,44,4
한수위영어학원,서울특별시 노원구 노원로 257,37.6402604,127.072739,24,87
정N왕중국어보습학원,서울특별시 노원구 중계로 219,37.6504923,127.0756701,180,77
스카이(SKY)미래연3관학원,서울특별시 노원구 중계로 206,37.6508711,127.077531,90,105
수학의시작수학교습소,서울특별시 노원구 한글비석로 232,37.6483769,127.0769291,6,3
프리탑영어교습소,서울특별시 노원구 한글비석로 232,37.6483769,127.0769291,6,3
나우학원,서울특별시 노원구 한글비석로 409,37.6611267,127.070846,136,69
연쌤수학교습소,서울특별시 노원구 동일로241길 53,37.6773841,127.0531484,63,9
사다리미술교습소,서울특별시 노원구 노원로22길 70,37.6468287,127.0728289,8,8
오하운폴댄스학원,서울특별시 노원구 상계로1길 14-11,37.6570026,127.0618733,390,85
수학플러스학원,서울특별시 노원구 노원로 257,37.6402604,127.072739,50,100
뿌탄스마트해법수학학원,서울특별시 노원구 노원로34길 58,37.6614315,127.0659371,120,74
제이와이(JY)공감영어교습소,서울특별시 노원구 중계로 198,37.6519314,127.0795434,32,4
플라톤상계독서논술교습소,서울특별시 노원구 덕릉로 780,37.6669564,127.0796885,70,5
리드앤리드(Read&Lead)영어리딩학원,서울특별시 노원구 덕릉로 669,37.6573787,127.074582,420,80
바꿈수학교습소,서울특별시 노원구 동일로204가길 34,37.6407489,127.0682363,30,5
캔디영어교습소,서울특별시 노원구 화랑로51길 17,37.6236127,127.0885326,10,5
수학생각수학교습소,서울특별시 노원구 동일로 1545,37.6663796,127.0569683,8,4
꼼꼼한수학교습소,서울특별시 노원구 한글비석로 269,37.6517301,127.0767968,18,6
박신아수학교습소,서울특별시 노원구 공릉로38길 19,37.6232826,127.0805548,45,8
중계리딩비영어독서학원,서울특별시 노원구 한글비석로 232,37.6483769,127.0769291,60,71
오름수학교습소,서울특별시 노원구 덕릉로 459-37,37.6467584,127.0595441,60,4
로제타스톤영어교실월계점영어교습소,서울특별시 노원구 마들로 59,37.6212796,127.0676557,18,9
손쌤국어교습소,서울특별시 노원구 노원로22길 77,37.6485878,127.0742954,6,3
시아영어교습소,서울특별시 노원구 공릉로58길 80,37.6354467,127.0728368,12,4
정국어논술교습소,서울특별시 노원구 상계로1길 74,37.6594056,127.0615269,12,3
엘뷰티이용미용학원,서울특별시 노원구 공릉로 187,37.626444,127.0788963,390,159
모아미술교습소,서울특별시 노원구 동일로 1551,37.6668834,127.0568372,27,9
알콘멘토수학교습소,서울특별시 노원구 덕릉로94가길 20,37.663117,127.0785759,28,4
탄탄수학교습소,서울특별시 노원구 덕릉로126길 12,37.6703392,127.0821145,9,3
니콜영어교습소,서울특별시 노원구 공릉로34길 62,37.6234994,127.0831875,10,5
영가스파르타센터노원독서실,서울특별시 노원구 동일로217가길 17,37.6533517,127.0593947,206,162
이태민바이올린교습소,서울특별시 노원구 동일로204가길 34,37.6407489,127.0682363,6,3
수학세상수학교습소,서울특별시 노원구 광운로2가길 23,37.6181778,127.0592496,9,3
확신학원,서울특별시 노원구 상계로 110,37.6572178,127.0672477,70,73
스마트해법영어공릉영어교습소,서울특별시 노원구 공릉로46길 23,37.6280883,127.0803087,3,3
채움수학교습소,서울특별시 노원구 덕릉로 780,37.6669564,127.0796885,45,5
하이원과학교습소,서울특별시 노원구 노원로22길 77,37.6485878,127.0742954,4,2
아띠아띠미술교습소,서울특별시 노원구 동일로 1280,37.6427206,127.0665677,24,3
영어종결센터월계학원,서울특별시 노원구 석계로9길 25,37.6169499,127.062945,18,70
이화라인발레2관학원,서울특별시 노원구 한글비석로 460,37.66447,127.0669577,111,60
위즈펫애견미용학원,서울특별시 노원구 동일로217가길 27,37.6532269,127.0588327,90,10
오성수학학원,서울특별시 노원구 중계로12가길 29,37.6483323,127.0829105,16,67
마크영어학원,서울특별시 노원구 섬밭로 263,37.6387852,127.0624881,90,77
비더원고등영어교습소,서울특별시 노원구 상계로1길 74,37.6594056,127.0615269,32,8
오늘수학교습소,서울특별시 노원구 동일로 1550,37.6669174,127.0575806,40,5
지나첼로교습소,서울특별시 노원구 한글비석로 474,37.6648566,127.0654725,30,5
개념원리수학교습소,서울특별시 노원구 노원로22길 77,37.6485878,127.0742954,30,6
미라클영어교습소,서울특별시 노원구 노원로 58,37.6266495,127.0873143,9,3
로제타스톤노원제1캠퍼스어학원,서울특별시 노원구 동일로213길 78,37.6481378,127.0575649,450,171
이건우음악교습소,서울특별시 노원구 노원로16길 15,37.6427975,127.0743507,2,2
에이엔씨(AnC)영어교습소,서울특별시 노원구 공릉로34길 62,37.6234994,127.0831875,30,6
드림하이영어교습소,서울특별시 노원구 노원로1길 21,37.6214487,127.0851487,45,5
리에또음악교습소,서울특별시 노원구 마들로 59,37.6212796,127.0676557,54,9
더피아노교습소,서울특별시 노원구 노원로22길 77,37.6485878,127.0742954,1,5
더(The)채움학원,서울특별시 노원구 수락산로 9,37.6640361,127.0745947,112,105
하울뮤직음악교습소,서울특별시 노원구 공릉로38길 21,37.6232758,127.0806753,83,9
유형기수학교습소,서울특별시 노원구 동일로 1551,37.6668834,127.0568372,63,9
고리수학교습소,서울특별시 노원구 한글비석로 232,37.6483769,127.0769291,6,3
리드과학교습소,서울특별시 노원구 한글비석로54길 116,37.6683107,127.0604105,9,3
잇올스파르타노원중계2관리형프리미엄독서실,서울특별시 노원구 한글비석로 231,37.6482011,127.0762923,276,151
에듀플렉스에듀코치개별지도하계학원,서울특별시 노원구 동일로204가길 34,37.6407489,127.0682363,550,92
오투오쌤과학교습소,서울특별시 노원구 한글비석로 242,37.6493084,127.0769639,16,8
썬수학교습소,서울특별시 노원구 한글비석로 232,37.6483769,127.0769291,6,3
에스비에스(SBS)아카데미컴퓨터아트학원,서울특별시 노원구 노해로83길 21,37.6561885,127.0640094,3355,197
학림제5학원,서울특별시 노원구 중계로 225,37.6498272,127.0743318,2000,166
매스타트수학학원,서울특별시 노원구 중계로16길 30,37.6510109,127.0821138,105,113
은사수와식학원,서울특별시 노원구 한글비석로 250,37.6499887,127.0770075,209,230
라플라스(laplace)수학학원,서울특별시 노원구 한글비석로50길 22,37.6653593,127.0669738,180,71
디아크잉글리시학원,서울특별시 노원구 한글비석로 232,37.6483769,127.0769291,45,77
책나무중계독서교습소,서울특별시 노원구 중계로 225,37.6498272,127.0743318,48,8
최광웅국어교습소,서울특별시 노원구 한글비석로 242,37.6493084,127.0769639,21,7
독공학원,서울특별시 노원구 한글비석로52길 20,37.6654037,127.066544,330,130
아트와미술교습소,서울특별시 노원구 덕릉로79길 35,37.6561809,127.0729456,36,9
이룸수학교습소,서울특별시 노원구 동일로 1279,37.642026,127.0641086,12,6
케이트잉글리쉬가든영어교습소,서울특별시 노원구 한글비석로 264,37.6509746,127.0771635,81,9
어뉴영어교습소,서울특별시 노원구 공릉로38길 58,37.6224705,127.0824813,54,9
크리스티ENM(이앤엠)영어수학학원,서울특별시 노원구 동일로245길 162,37.6815167,127.0538446,72,74
혜다국어논술교습소,서울특별시 노원구 한글비석로 474,37.6648566,127.0654725,56,7
스마트해법수학마들수학교습소,서울특별시 노원구 동일로 1549,37.6667157,127.0568809,18,6
메타포스학원,서울특별시 노원구 중계로 225,37.6498272,127.0743318,336,75
원스잉글리쉬(Won`s English)영어교습소,서울특별시 노원구 한글비석로 232,37.6483769,127.0769291,49,7
뉴퍼펙트수학교습소,서울특별시 노원구 동일로243길 10,37.6785809,127.054692,8,4
클랑음악학원,서울특별시 노원구 중계로12가길 2,37.6473163,127.0821096,100,46
아소비키즈잉글리쉬(KIDS ENGLISH)학원,서울특별시 노원구 동일로227길 26,37.6687829,127.0537253,86,67
영어의바다송쌤영어교습소,서울특별시 노원구 한글비석로 269,37.6517301,127.0767968,24,9
책나무글꽃학원,서울특별시 노원구 동일로203가길 29,37.6399359,127.0642574,32,73
웅진씽크빅학습센터공릉학원,서울특별시 노원구 동일로 1053,37.6240241,127.0731581,88,97
아자!수학교습소,서울특별시 노원구 동일로191가길 9,37.6254863,127.0712405,15,3
미디어에듀컴퓨터교습소,서울특별시 노원구 덕릉로 669,37.6573787,127.074582,90,6
퍼스트아카데미(바리스타/제과제빵)학원,서울특별시 노원구 노해로85길 14,37.6560891,127.0652902,423,92
준스잉글리쉬영어교습소,서울특별시 노원구 동일로242라길 9,37.6761423,127.0571793,15,5
펀!펀!플레이팩토수학교습소,서울특별시 노원구 한글비석로 232,37.6483769,127.0769291,3,3
글로벌스피치학원,서울특별시 노원구 화랑로 337,37.6152839,127.0651295,81,47
수학의중심학원,서울특별시 노원구 중계로 202,37.6508676,127.077805,80,75
언희당국어교육2관학원,서울특별시 노원구 중계로 202,37.6508676,127.077805,58,91
최상위수학학원,서울특별시 노원구 덕릉로 459-47,37.6472467,127.0595377,136,71
첼로의하루음악교습소,서울특별시 노원구 노원로22길 77,37.6485878,127.0742954,3,3
이투스247노원학원,서울특별시 노원구 상계로1길 34,37.6575767,127.0618254,190,208
홍수학교습소,서울특별시 노원구 노원로30길 60,37.6554579,127.0703282,24,8
쨈(ZZEM)과학교습소,서울특별시 노원구 한글비석로 250,37.6499887,127.0770075,20,5
펀펀잉글리쉬영어교습소,서울특별시 노원구 한글비석로15길 48,37.6562734,127.0734915,16,4
로보티즈노원학원,서울특별시 노원구 덕릉로 669,37.6573787,127.074582,120,52
PMPEDU외대HS어학원,서울특별시 노원구 공릉로 154-5,37.6238095,127.0798275,192,169
뮤엠영어하계점영어교습소,서울특별시 노원구 섬밭로 258,37.6388263,127.0647546,24,8
너수학잘하고싶니학원,서울특별시 노원구 동일로 1636,37.6744018,127.0556148,70,73
강북메가스터디독서실,서울특별시 노원구 노해로 459,37.6542638,127.0590018,1338,592
SBS아카데미게임학원,서울특별시 노원구 노해로 459,37.6542638,127.0590018,6572,161
트윈스잉글리쉬영어교습소,서울특별시 노원구 덕릉로 730,37.6632116,127.0771559,35,5
튼튼영어마스터클럽중계분원영어교습소,서울특별시 노원구 중계로12가길 2,37.6473163,127.0821096,54,9
그린섬미술학원,서울특별시 노원구 동일로 1419,37.6553063,127.0598512,80,67
글로리영어학원,서울특별시 노원구 동일로 1547,37.666557,127.0569221,69,71
매쓰잇수학학원,서울특별시 노원구 동일로213길 78,37.6481378,127.0575649,96,88
우다함어학원,서울특별시 노원구 공릉로34길 4,37.622212,127.0795497,45,158
이다미술학원,서울특별시 노원구 노원로 3,37.6219864,127.0866205,700,71
눈높이러닝센터월계학원,서울특별시 노원구 마들로 31,37.6178025,127.0685682,1164,85
온영어교습소,서울특별시 노원구 덕릉로 459-47,37.6472467,127.0595377,60,5
The오르고학원,서울특별시 노원구 한글비석로 273,37.6521755,127.0771914,48,78
좋은그림미술학원,서울특별시 노원구 중계로 162-11,37.6497854,127.0813006,24,52
제이킴스잉글리쉬영어교습소,서울특별시 노원구 화랑로 556,37.6210784,127.0885654,70,5
아트앤나미술교습소,서울특별시 노원구 중계로 140,37.6470263,127.0812771,24,4
더차오름수학교습소,서울특별시 노원구 한글비석로 242,37.6493084,127.0769639,18,3
스마트해법영어교습소,서울특별시 노원구 공릉로59길 15,37.6331962,127.0710597,24,8
국어의얼학원,서울특별시 노원구 중계로 166,37.649898,127.081201,45,72
선화그리다미술학원,서울특별시 노원구 동일로216길 70,37.6521365,127.0654852,28,40
네이처과학교습소,서울특별시 노원구 광운로 17-11,37.6195104,127.0572665,40,8
썬에듀수학교습소,서울특별시 노원구 월계로45길 28,37.6269404,127.0512537,25,5
생각하는과학교습소,서울특별시 노원구 노원로1나길 15,37.6215403,127.0824257,30,5
별빛음악학원,서울특별시 노원구 한글비석로48길 13,37.6648822,127.0670428,330,40
요리수창의수학교습소,서울특별시 노원구 중계로12가길 2,37.6473163,127.0821096,12,6
국어선언문국어교습소,서울특별시 노원구 한글비석로 264,37.6509746,127.0771635,9,9
비앤비(BnB)수학교습소,서울특별시 노원구 한글비석로 264,37.6509746,127.0771635,162,9
코리아코딩아카데미학원,서울특별시 노원구 상계로1길 34,37.6575767,127.0618254,784,46
코리아IT아카데미학원,서울특별시 노원구 상계로1길 34,37.6575767,127.0618254,2324,248
아이미마인영어교습소,서울특별시 노원구 덕릉로82길 25,37.6584511,127.0766999,24,6
잇올스파르타노원중계2독학재수학원,서울특별시 노원구 한글비석로 231,37.6482011,127.0762923,150,70
잇올스파르타노원중계3독학재수학원,서울특별시 노원구 한글비석로 270,37.6515579,127.077432,101,191
뮤엠영어(용원초점)리즈영어교습소,서울특별시 노원구 섬밭로 152,37.6302736,127.0694304,36,6
혜람국어논술학원,서울특별시 노원구 한글비석로 281,37.6528843,127.0777274,32,70
중계지엠에스수학과학학원,서울특별시 노원구 한글비석로 232,37.6483769,127.0769291,190,108
윤선생상계상수영어교습소,서울특별시 노원구 동일로216길 70,37.6521365,127.0654852,16,4
올리드학원,서울특별시 노원구 노원로28길 73,37.6550087,127.0709305,96,70
아이브레인수학교습소,서울특별시 노원구 중계로 225,37.6498272,127.0743318,5,5
로고스멘토학원,서울특별시 노원구 노해로 452,37.6534875,127.0584277,40,75
뭉게구름있는날미술학원,서울특별시 노원구 노원로 547,37.6607248,127.0569722,54,53
이층미술학원,서울특별시 노원구 한글비석로20길 61,37.6617483,127.0749025,80,56
노원애견미용학원,서울특별시 노원구 상계로7길 23,37.6577048,127.0647175,40,51
탑스카이학원,서울특별시 노원구 동일로 1639-6,37.6748028,127.0547274,90,82
에듀코치개별지도공릉학원,서울특별시 노원구 공릉로46길 6,37.6268785,127.079495,690,91
주디쌤영어교습소,서울특별시 노원구 한글비석로 444,37.6636731,127.0685418,12,3
생각나무보습학원,서울특별시 노원구 한글비석로15길 19,37.6573004,127.0742447,165,90
필즈더클래식중계센터학원,서울특별시 노원구 덕릉로 603,37.651819,127.0728249,70,87
스마트해법수학중계양지대림2차수학교습소,서울특별시 노원구 덕릉로73길 28,37.6534321,127.072311,18,6
리엔블미술학원,서울특별시 노원구 동일로 1372,37.6510984,127.0618323,50,51
원픽영어과학학원,서울특별시 노원구 공릉로 149,37.6234422,127.0792962,60,70
빵쌤영어경영원격학원,서울특별시 노원구 노원로 248,37.6398509,127.0739204,9990,9999
차이랑중국어은행사거리캠퍼스중국어교습소,서울특별시 노원구 중계로 225,37.6498272,127.0743318,72,8
웰라잉글리쉬학원,서울특별시 노원구 광운로2나길 11,37.6168624,127.0599949,44,84
박태옥능률영어교습소,서울특별시 노원구 초안산로2라길 31,37.6311732,127.0582071,32,8
펜트하우스클래식아카데미학원,서울특별시 노원구 한글비석로 325,37.6563943,127.0777101,34,35
맑은샘청구재즈뮤직음악교습소,서울특별시 노원구 중계로 225,37.6498272,127.0743318,16,4
윤선생우리집앞영어교실태릉화랑영어교습소,서울특별시 노원구 노원로1길 75,37.6208425,127.0830671,35,7
쏘울아트미술교습소,서울특별시 노원구 동일로 1368,37.6507502,127.0619389,52,8
킹스수학교습소,서울특별시 노원구 중계로 197,37.6497527,127.0784681,18,3
보라수학교습소,서울특별시 노원구 섬밭로 232,37.6368495,127.0663824,36,5
예원음악학원,서울특별시 노원구 동일로237길 34,37.6737527,127.0533081,37,36
꿈을꾸는피아노교습소,서울특별시 노원구 노원로1가길 10,37.6232692,127.0860109,8,4
올댓뷰티아카데미미용학원,서울특별시 노원구 노해로 488,37.6543208,127.0621574,842,111
월계스마트해법수학영어학원,서울특별시 노원구 석계로 49,37.6185529,127.0625822,120,68
레이스쿨영어교습소,서울특별시 노원구 노원로1가길 10,37.6232692,127.0860109,30,6
수풀림수학중계관학원,서울특별시 노원구 중계로18길 13,37.6513077,127.0778154,75,100
플래뮤월계미술학원,서울특별시 노원구 초안산로5길 12,37.6325534,127.0516543,24,38
박대한영어학원상계관학원,서울특별시 노원구 동일로 1554,37.6671866,127.0575159,75,69
글밭국어독서논술교습소,서울특별시 노원구 광운로2가길 23,37.6181778,127.0592496,16,4
에스앤제이수학교습소,서울특별시 노원구 중계로 162-11,37.6497854,127.0813006,12,4
오!키즈아트미술교습소,서울특별시 노원구 공릉로34길 86,37.626375,127.0830489,21,7
빛나는영어교습소,서울특별시 노원구 공릉로34길 86,37.626375,127.0830489,36,9
온리원수학교습소,서울특별시 노원구 공릉로34길 86,37.626375,127.0830489,45,5
라온수학교습소,서울특별시 노원구 공릉로34길 86,37.626375,127.0830489,30,6
미하영원격학원,서울특별시 노원구 동일로214길 21,37.6506353,127.0647516,1998,9999
빌리버수학교습소,서울특별시 노원구 초안산로2라길 31,37.6311732,127.0582071,8,4
즐거운음악교습소,서울특별시 노원구 광운로2나길 11,37.6168624,127.0599949,27,9
삼호스마트해법수학교습소,서울특별시 노원구 마들로 111,37.6245902,127.0654159,6,6
한승우수학교습소,서울특별시 노원구 동일로218길 35,37.6540888,127.0626882,9,3
그라바공릉점미술교습소,서울특별시 노원구 공릉로34길 86,37.626375,127.0830489,17,7
마이브레인수학교습소,서울특별시 노원구 한글비석로 571,37.6641843,127.0546598,21,7
노원상계자라다남아미술학원,서울특별시 노원구 동일로 1545,37.6663796,127.0569683,10,45
별하미술교습소,서울특별시 노원구 덕릉로 459-47,37.6472467,127.0595377,36,9
비너스튜디오첼로교습소,서울특별시 노원구 중계로 225,37.6498272,127.0743318,10,5
참수학교습소,서울특별시 노원구 마들로3길 37,37.6294153,127.062514,18,3
범쌤수학교습소,서울특별시 노원구 동일로207길 23,37.642026,127.0641086,18,9
윤선생우리집앞영어교실중계그린영어교습소,서울특별시 노원구 동일로207길 23,37.642026,127.0641086,90,9
김동준수학학원,서울특별시 노원구 동일로 1550,37.6669174,127.0575806,92,69
토피아고등부학원,서울특별시 노원구 한글비석로 231,37.6482011,127.0762923,120,178
봄꽃미술교습소,서울특별시 노원구 덕릉로73길 28,37.6534321,127.072311,12,6
정자욱수학교습소,서울특별시 노원구 덕릉로 712-4,37.6609927,127.075927,15,5
리틀키도미술학원,서울특별시 노원구 한글비석로 325,37.6563943,127.0777101,44,45
씨엔케이(CNK)수학학원,서울특별시 노원구 노원로 257,37.6402604,127.072739,300,68
최상위권이과전문관러셀중계독서실,서울특별시 노원구 한글비석로 232,37.6483769,127.0769291,202,363
조이풀잉글리시영어교습소,서울특별시 노원구 동일로 1550,37.6669174,127.0575806,12,6
해먼드학원,서울특별시 노원구 월계로44길 63,37.6225064,127.0529848,270,70
개념수학교습소,서울특별시 노원구 동일로 1550,37.6669174,127.0575806,18,6
리드앤톡영어노원상계5영어교습소,서울특별시 노원구 한글비석로52길 64,37.6674016,127.0675193,56,7
소정재학원,서울특별시 노원구 노해로 459,37.6542638,127.0590018,24,95
언희마루학원,서울특별시 노원구 중계로 197,37.6497527,127.0784681,48,85
스마트해법영어중계은사교실영어교습소,서울특별시 노원구 중계로14길 24,37.6494818,127.081895,63,9
구름국어학원,서울특별시 노원구 상계로 55,37.6560884,127.0610411,72,70
중원아름다운피아노학원,서울특별시 노원구 동일로207길 23,37.642026,127.0641086,39,31
에듀코치개별지도상계2학원,서울특별시 노원구 동일로 1335,37.6479916,127.0622426,1920,86
일등급영어교습소,서울특별시 노원구 중계로 219,37.6504923,127.0756701,18,9
놀리독서논술교습소,서울특별시 노원구 공릉로34길 86,37.626375,127.0830489,6,9
삼성영어셀레나마들1교실영어교습소,서울특별시 노원구 한글비석로54길 116,37.6683107,127.0604105,20,5
아트몬미술교습소,서울특별시 노원구 한글비석로54길 116,37.6683107,127.0604105,30,6
영어실력발전소영어교습소,서울특별시 노원구 한글비석로15길 48,37.6562734,127.0734915,30,5
김민경국어교습소,서울특별시 노원구 노해로 495,37.6551168,127.0631328,21,7
레브아트미술교습소,서울특별시 노원구 화랑로51길 17,37.6236127,127.0885326,45,9
학림제6학원,서울특별시 노원구 한글비석로8길 29,37.648309,127.0784988,2000,259
골든매스수학교습소,서울특별시 노원구 한글비석로 232,37.6483769,127.0769291,6,3
연세퍼스트학원,서울특별시 노원구 광운로3길 5,37.6188613,127.0574134,104,73
국어의날개학원,서울특별시 노원구 동일로 1545,37.6663796,127.0569683,8,82
러셀중계내신관학원,서울특별시 노원구 한글비석로8길 29,37.648309,127.0784988,5500,289
원쌤수학학원,서울특별시 노원구 동일로207길 184,37.6363492,127.0613398,52,69
파피베어학원(원격),서울특별시 노원구 덕릉로79길 23,37.6561809,127.0729456,1998,9999
맥(脈)영어교습소,서울특별시 노원구 한글비석로52길 26,37.6656171,127.0665765,12,4
루다국어교습소,서울특별시 노원구 한글비석로52길 26,37.6656171,127.0665765,8,4
정상국어교습소,서울특별시 노원구 한글비석로 460,37.66447,127.0669577,20,5
투비뉴컴퍼니원격학원,서울특별시 노원구 동일로207길 186,37.6363492,127.0613398,999,9999
링키영어하계1호점영어교습소,서울특별시 노원구 섬밭로 258,37.6388263,127.0647546,18,6
노스코사회탐구교습소,서울특별시 노원구 한글비석로 269,37.6517301,127.0767968,24,4
제니스온학원,서울특별시 노원구 섬밭로 258,37.6388263,127.0647546,72,76
크리스챤쇼보미용학원,서울특별시 노원구 상계로 77,37.6566612,127.0635755,843,143
김동길영어학원,서울특별시 노원구 한글비석로 269,37.6517301,127.0767968,80,103
상상력창고미술교습소,서울특별시 노원구 덕릉로73길 28,37.6534321,127.072311,16,6
상계지엘에스(GLS)수학학원,서울특별시 노원구 상계로3길 38-8,37.6579677,127.0630508,80,74
정쌤영어교습소,서울특별시 노원구 한글비석로15길 48,37.6562734,127.0734915,20,5
웅진씽크빅학습센터상계학원,서울특별시 노원구 한글비석로 474,37.6648566,127.0654725,390,95
수학공감학원,서울특별시 노원구 한글비석로 272,37.6517354,127.0775931,124,84
한솔플러스영어교습소,서울특별시 노원구 공릉로34길 33,37.6232249,127.0808294,126,9
문기암학원,서울특별시 노원구 한글비석로 270,37.6515579,127.077432,170,78
마스터영어교습소,서울특별시 노원구 노원로22길 77,37.6485878,127.0742954,6,3
김서원독서논술교습소,서울특별시 노원구 덕릉로73길 15,37.6520898,127.0720551,10,5
칼리번영어교습소,서울특별시 노원구 중계로14바길 2,37.6498756,127.0825982,3,3
덕암음악교습소,서울특별시 노원구 덕릉로112길 42,37.6663596,127.0798895,39,9
장현진수학보습학원,서울특별시 노원구 동일로 1554,37.6671866,127.0575159,64,88
그린손미술교습소,서울특별시 노원구 상계로1길 74,37.6594056,127.0615269,10,5
성재수학교습소,서울특별시 노원구 노원로22길 70,37.6468287,127.0728289,20,4
아이비영어교습소,서울특별시 노원구 상계로1길 74,37.6594056,127.0615269,30,6
국권논술국어학원,서울특별시 노원구 한글비석로 264,37.6509746,127.0771635,30,69
토브수학학원,서울특별시 노원구 한글비석로 265,37.6514461,127.0765554,60,88
예현기타교습소,서울특별시 노원구 한글비석로 227,37.6479003,127.0762756,48,8
수학여행학원,서울특별시 노원구 한글비석로 273,37.6521755,127.0771914,72,84
에듀탑학원,서울특별시 노원구 한글비석로 325,37.6563943,127.0777101,90,79
쥬니어랩스쿨영어교습소,서울특별시 노원구 한글비석로52길 22,37.6655077,127.0665599,12,9
신나는중국어보습학원,서울특별시 노원구 한글비석로 227,37.6479003,127.0762756,150,84
코어잉글리쉬학원,서울특별시 노원구 한글비석로 264,37.6509746,127.0771635,228,84
안상욱수학학원,서울특별시 노원구 중계로 220,37.6508775,127.0756868,185,69
예본미술교습소,서울특별시 노원구 동일로207길 184,37.6363492,127.0613398,28,7
더원학원,서울특별시 노원구 한글비석로 359,37.6576974,127.0746962,200,171
아름음악교습소,서울특별시 노원구 상계로1길 74,37.6594056,127.0615269,15,7
예스탑보습학원,서울특별시 노원구 덕릉로 773,37.666363,127.0777933,246,106
노원SLP영어학원,서울특별시 노원구 노원로 248,37.6398509,127.0739204,50,283
중계이화음악교습소,서울특별시 노원구 한글비석로 227,37.6479003,127.0762756,12,3
길라잡이학원,서울특별시 노원구 한글비석로 271,37.6519943,127.0770251,180,68
오피앙보습학원,서울특별시 노원구 동일로 1701,37.6802697,127.0548888,104,128
리드101영어학원,서울특별시 노원구 한글비석로 227,37.6479003,127.0762756,180,71
오피앙피아노교습소,서울특별시 노원구 동일로 1701,37.6802697,127.0548888,15,4
박기훈전문수학교습소,서울특별시 노원구 동일로 1530,37.665073,127.0580605,8,4
e브레인보습학원,서울특별시 노원구 중계로16가길 29,37.6504461,127.0826393,120,85
수학저격학원,서울특별시 노원구 한글비석로 265,37.6514461,127.0765554,60,91
케이론수학전문학원,서울특별시 노원구 덕릉로73길 18,37.6521826,127.0724569,150,87
보람홍익미술교습소,서울특별시 노원구 한글비석로 474,37.6648566,127.0654725,63,9
삼성영어헤더영어교습소,서울특별시 노원구 동일로191가길 59,37.627544,127.0699862,72,8
키야미술교습소,서울특별시 노원구 공릉로34길 19,37.6228782,127.0801724,16,7
중계덕스어학원,서울특별시 노원구 한글비석로 272,37.6517354,127.0775931,150,188
에이스에듀학원,서울특별시 노원구 동일로 1639-6,37.6748028,127.0547274,190,71
은빛연세음악교습소,서울특별시 노원구 동일로245길 162,37.6815167,127.0538446,44,4
솔루니중계독서토론논술교습소,서울특별시 노원구 중계로18길 17,37.6515236,127.0778413,48,7
더클래식음악교습소,서울특별시 노원구 동일로 1550,37.6669174,127.0575806,73,8
연세피아노음악교습소,서울특별시 노원구 한글비석로5길 62,37.6463141,127.0753281,36,4
탑수학학원,서울특별시 노원구 동일로 1554,37.6671866,127.0575159,106,93
디딤수학교습소,서울특별시 노원구 덕릉로71길 30,37.651184,127.0705238,41,9
최고수보습학원,서울특별시 노원구 동일로 1529,37.6650978,127.0573004,120,113
중계아인스플러스학원,서울특별시 노원구 중계로 202,37.6508676,127.077805,120,85
소리엘음악학원,서울특별시 노원구 노원로28길 73,37.6550087,127.0709305,40,56
비욘드학원,서울특별시 노원구 상계로1길 74,37.6594056,127.0615269,44,119
이경희고등수학전문학원,서울특별시 노원구 동일로 1533,37.665345,127.0572197,64,68
채움학원,서울특별시 노원구 월계로 370,37.6309352,127.061014,159,297
피아노치는베토벤음악교습소,서울특별시 노원구 중계로 230,37.652831,127.0759265,56,7
홍수학&지앤비영어학원,서울특별시 노원구 동일로 1619,37.6726812,127.0551786,28,90
예인발레무용학원,서울특별시 노원구 중계로 225,37.6498272,127.0743318,130,41
엠베스트학원,서울특별시 노원구 섬밭로 139,37.6291633,127.0668178,87,72
와이논술교습소,서울특별시 노원구 중계로 220,37.6508775,127.0756868,48,6
버클리음악학원,서울특별시 노원구 공릉로46길 18,37.6270994,127.079923,4,40
예지미술교습소,서울특별시 노원구 동일로 1363,37.6504175,127.0612655,36,9
예랑전문미술교습소,서울특별시 노원구 공릉로46길 18,37.6270994,127.079923,63,9
석선생영어전문보습학원,서울특별시 노원구 노원로 253,37.6399496,127.0729464,80,132
수앤학학원,서울특별시 노원구 섬밭로 209,37.6354449,127.0642439,189,90
스터디존독서실,서울특별시 노원구 중계로12길 6,37.6476389,127.0811347,101,102
누리수학교습소,서울특별시 노원구 한글비석로 571,37.6641843,127.0546598,40,4
큰나래음악학원,서울특별시 노원구 섬밭로 139,37.6291633,127.0668178,82,40
이화종합보습학원,서울특별시 노원구 덕릉로 740,37.6636282,127.0764046,168,82
새힘국어논술교습소,서울특별시 노원구 한글비석로 265,37.6514461,127.0765554,24,3
에이앤에스(A&S)학원,서울특별시 노원구 동일로 1639-6,37.6748028,127.0547274,518,70
꿈나무음악학원,서울특별시 노원구 상계로1길 74,37.6594056,127.0615269,18,64
초암국어논술학원,서울특별시 노원구 중계로 220,37.6508775,127.0756868,34,84
공릉계명피아노교습소,서울특별시 노원구 화랑로51길 17,37.6236127,127.0885326,16,4
더블유에이미술학원,서울특별시 노원구 한글비석로 253,37.6504239,127.0763502,536,71
여백미술학원,서울특별시 노원구 마들로 31,37.6178025,127.0685682,36,61
하계한우리독서토론논술교습소,서울특별시 노원구 공릉로59길 15,37.6331962,127.0710597,4,2
슈베음악학원,서울특별시 노원구 마들로 31,37.6178025,127.0685682,315,40
한영복영어학원,서울특별시 노원구 중계로 220,37.6508775,127.0756868,60,89
생각의힘수학학원,서울특별시 노원구 중계로 220,37.6508775,127.0756868,54,82
푸른꿈음악교습소,서울특별시 노원구 동일로242라길 27,37.6763789,127.0583623,48,5
참글논술교습소,서울특별시 노원구 동일로245길 162,37.6815167,127.0538446,30,5
골든벨수학전문학원,서울특별시 노원구 노원로 526,37.6612312,127.0605602,105,85
Yu음악교습소,서울특별시 노원구 한글비석로 253,37.6504239,127.0763502,16,4
제이에스뮤직음악교습소,서울특별시 노원구 중계로8길 29,37.6473305,127.0833006,20,4
상원해법수학교습소,서울특별시 노원구 한글비석로54길 116,37.6683107,127.0604105,30,6
비바체음악교습소,서울특별시 노원구 한글비석로 269,37.6517301,127.0767968,30,5
높은음피아노음악교습소,서울특별시 노원구 공릉로58길 94,37.6354992,127.0737135,16,4
샘터피아노교습소,서울특별시 노원구 노원로 522,37.6612049,127.0610037,48,4
와이엘에듀통역학원,서울특별시 노원구 상계로 51,37.6560438,127.0608229,170,129
중계2이바인어학원,서울특별시 노원구 중계로 225,37.6498272,127.0743318,84,195
엠티씨(MTC)탑클래스영어교습소,서울특별시 노원구 한글비석로52길 4,37.6646757,127.0664265,50,5
설명수학교습소,서울특별시 노원구 한글비석로 444,37.6636731,127.0685418,12,7
이룸해법학원,서울특별시 노원구 중계로12가길 29,37.6483323,127.0829105,35,83
곽쌤의꽉잡는수학학원,서울특별시 노원구 노원로1길 67,37.6208105,127.0836023,48,92
그림아트스튜디오미술교습소,서울특별시 노원구 중계로 230,37.652831,127.0759265,46,9
그림드림미술교습소,서울특별시 노원구 동일로192길 77,37.6280811,127.0768426,16,9