지번주소,업태구분명,위도,경도
서울특별시 노원구 상계동 649-6 1층,패스트푸드,37.6653113,127.0579985
서울특별시 노원구 상계동 389-125,편의점,37.6612609,127.0706481
서울특별시 노원구 상계동 456-51번지,편의점,37.6641175,127.066333
서울특별시 노원구 상계동 669 1층,패스트푸드,37.6615829,127.0570969
서울특별시 노원구 월계동 50-29번지 1층,패스트푸드,37.6149069,127.0640514
서울특별시 노원구 상계동 617번지 1층,패스트푸드,37.6556813,127.0623264
서울특별시 노원구 상계동 763-2 장우빌딩 1층,패스트푸드,37.6483254,127.0620718
서울특별시 노원구 중계동 364-14 청암상가빌딩,패스트푸드,37.6481989,127.0784708
서울특별시 노원구 하계동 284 세이브존,패스트푸드,37.6378658,127.068707
"서울특별시 노원구 중계동 359-14 원광빌딩 1,2층",패스트푸드,37.6508704,127.0760059
서울특별시 노원구 월계동 285-13번지 현주프라자 1층,패스트푸드,37.6296546,127.0586337
서울특별시 노원구 중계동 509-0번지 (주)이천일아울렛지하1층,패스트푸드,37.6413039,127.0679877
서울특별시 노원구 공릉동 653-5번지,패스트푸드,37.619162,127.0788975
서울특별시 노원구 상계동 684-0,패스트푸드,37.6641181,127.0655654
서울특별시 노원구 상계동 599-0번지,커피숍,37.6559978,127.0628614
서울특별시 노원구 공릉동 126 서울여자대학교 1층 가은 학생누리관동,패스트푸드,37.6281126,127.0904568
서울특별시 노원구 중계동 517번지,패스트푸드,37.6472951,127.0702749
서울특별시 노원구 중계동 359-8번지,편의점,37.6521755,127.0771914
서울특별시 노원구 공릉동 633-15번지,편의점,37.6193465,127.0778318
서울특별시 노원구 상계동 735-6번지,편의점,37.6532766,127.0590564
서울특별시 노원구 상계동 651-4번지,편의점,37.666557,127.0569221
서울특별시 노원구 중계동 366-6번지 그랜드프라자 117호,패스트푸드,37.6508596,127.0770963
서울특별시 노원구 상계동 724번지,편의점,37.6543208,127.0621574
서울특별시 노원구 중계동 509-1번지 지하1층,패스트푸드,37.6407489,127.0682363
서울특별시 노원구 중계동 509-1번지 씨엔미 106호,패스트푸드,37.6407489,127.0682363
서울특별시 노원구 중계동 360-11번지 하나프라자 105호,커피숍,37.6487645,127.0763385
서울특별시 노원구 월계동 469-3번지 금혁빌딩 106호,커피숍,37.6190666,127.0576031
서울특별시 노원구 상계동 728-3번지 103호,패스트푸드,37.6525437,127.0615355
서울특별시 노원구 월계동 333-1번지,패스트푸드,37.6273402,127.0618582
서울특별시 노원구 월계동 55-7번지,패스트푸드,37.6159655,127.0635077
서울특별시 노원구 중계동 509번지 2001아울렛8층,패스트푸드,37.6413039,127.0679877
서울특별시 노원구 공릉동 441-152번지 1층,패스트푸드,37.6277024,127.0775641
서울특별시 노원구 공릉동 517-28,패스트푸드,37.6235888,127.0743985
서울특별시 노원구 중계동 364-24번지 오성프라자102호,커피숍,37.6504487,127.0777705
"서울특별시 노원구 중계동 360-6 중계중흥빌딩 1층 103호, 2층 203호",커피숍,37.6504871,127.0759853
서울특별시 노원구 하계동 284번지 5층,커피숍,37.6378658,127.068707
서울특별시 노원구 상계동 292-1번지 와우쇼핑몰 1층,커피숍,37.6553676,127.0639688
서울특별시 노원구 상계동 730-5 108호,커피숍,37.6529411,127.0605151
"서울특별시 노원구 상계동 717번지 삼용빌딩 1,2층",커피숍,37.6551168,127.0631328
서울특별시 노원구 공릉동 434-2번지 청교프라자,커피숍,37.62964,127.0756804
"서울특별시 노원구 공릉동 89-1번지 대덕프라자, 1~2층 117,208호",커피숍,37.6208105,127.0836023
서울특별시 노원구 중계동 509-2번지 홈플러스 1층,커피숍,37.6399182,127.0686084
서울특별시 노원구 공릉동 424-2번지,커피숍,37.6274909,127.0780546
서울특별시 노원구 중계동 143번지 우암에이스 102호,패스트푸드,37.660263,127.0753269
서울특별시 노원구 공릉동 172 제2학생회관1층 105호,편의점,37.6329741,127.0798802
서울특별시 노원구 상계동 322-14번지,커피숍,37.6559321,127.0674249
서울특별시 노원구 상계동 713 외 1필지,커피숍,37.6551438,127.0610785
서울특별시 노원구 중계동 359-11 성모빌딩 1층,커피숍,37.6511746,127.0764616
서울특별시 노원구 공릉동 661-1번지,커피숍,37.6189341,127.0772489
서울특별시 노원구 공릉동 680-9번지 태릉성심종합병원,커피숍,37.6182424,127.074916
서울특별시 노원구 공릉동 111 화랑타운아파트,커피숍,37.623938,127.086694
서울특별시 노원구 상계동 730-5번지 일신프라자 106호,커피숍,37.6529411,127.0605151
서울특별시 노원구 상계동 1118-53번지 1층,패스트푸드,37.6756548,127.0550133
서울특별시 노원구 중계동 154-8,편의점,37.6600844,127.0748469
서울특별시 노원구 중계동 506번지 브라운스톤 165호,패스트푸드,37.6399359,127.0642574
서울특별시 노원구 상계동 651번지 상계주공11단지 종합상가105호,패스트푸드,37.6658552,127.0570269
서울특별시 노원구 공릉동 388-3번지 1층,패스트푸드,37.6263979,127.0743527
서울특별시 노원구 하계동 354번지 학여울청구아파트상가 1층동 27호,패스트푸드,37.6363492,127.0613398
서울특별시 노원구 월계동 287-11번지,커피숍,37.6282394,127.0567599
"서울특별시 노원구 상계동 724-1 길빌딩 201호, 202호, 203호, 204호, 205호",커피숍,37.6543867,127.062431
서울특별시 노원구 월계동 321-2번지 희성프라자 B동 125호,커피숍,37.6309352,127.061014
서울특별시 노원구 공릉동 107-135 보나펠리체,커피숍,37.6243997,127.0896688
서울특별시 노원구 월계동 62-7,커피숍,37.6158796,127.064947
서울특별시 노원구 상계동 725-1번지 301호,커피숍,37.654039,127.0624667
서울특별시 노원구 월계동 50-29번지 1층,커피숍,37.6149069,127.0640514
서울특별시 노원구 상계동 724 근호빌딩 1층,커피숍,37.6543034,127.062181
서울특별시 노원구 공릉동 383-7번지 101호,편의점,37.6260408,127.0724058
서울특별시 노원구 상계동 734-1 혜룡빌딩 103호,커피숍,37.6532867,127.0579391
서울특별시 노원구 월계동 633-61번지 지상1층,커피숍,37.6380564,127.0503032
서울특별시 노원구 월계동 18번지 그랑빌아파트 주상가129호,커피숍,37.6178025,127.0685682
서울특별시 노원구 공릉동 380-51,커피숍,37.6259292,127.0711022
서울특별시 노원구 중계동 82-10번지 지상1층,패스트푸드,37.6494818,127.081895
"서울특별시 노원구 중계동 364-19 삼부프라자 지하1,1층",커피숍,37.6492209,127.0769575
서울특별시 노원구 중계동 360-15 104호,편의점,37.6485878,127.0742954
"서울특별시 노원구 상계동 1262 하이베라스 117,118호",편의점,37.6791891,127.0549866
서울특별시 노원구 월계동 496-3번지 성진빌딩 1층,커피숍,37.6194153,127.057315
서울특별시 노원구 공릉동 90-4번지,커피숍,37.6219864,127.0866205
서울특별시 노원구 공릉동 238-47번지 (공릉로38길 6),커피숍,37.6231539,127.079744
서울특별시 노원구 중계동 152-5,커피숍,37.6598377,127.0756577
서울특별시 노원구 상계동 617번지 가동 1층 15호,커피숍,37.6556813,127.0623264
서울특별시 노원구 월계동 13번지 삼호종합상가 나동 102호,커피숍,37.6244076,127.0655937
서울특별시 노원구 공릉동 609-55번지 아이디하우스 1층,커피숍,37.6182801,127.0730939
서울특별시 노원구 상계동 1049-5번지 청운빌딩 1층,커피숍,37.6747872,127.0541887
서울특별시 노원구 중계동 506-1번지 건영백화점 1층,커피숍,37.6388263,127.0647546
서울특별시 노원구 상계동 111-475번지 명륜빌딩 2층,커피숍,37.6708294,127.0799844
서울특별시 노원구 중계동 68-5번지 외 1필지 103호,커피숍,37.6482535,127.0836299
서울특별시 노원구 중계동 137-39 정진아트리움아파트상가 101동 109호,커피숍,37.6620331,127.075495
"서울특별시 노원구 중계동 584-1번지 삼창프라자 106, 107, 108호",커피숍,37.6590252,127.0727632
"서울특별시 노원구 상계동 1132-107번지 1,2층",패스트푸드,37.6771046,127.0556192
서울특별시 노원구 공릉동 617-7번지,커피숍,37.6188279,127.0756298
"서울특별시 노원구 월계동 410-1 105,106,107,202,302,402호",커피숍,37.6231526,127.0606552
서울특별시 노원구 상계동 173-1번지 상계종합벽산상가 108동 14호,커피숍,37.6612726,127.0726949
서울특별시 노원구 상계동 995번지 한신아파트 제상가동 101호,커피숍,37.6729841,127.0592029
서울특별시 노원구 상계동 1258번지 희성오피앙,편의점,37.6805541,127.0548996
서울특별시 노원구 공릉동 421-15번지 윤탁노블레스 106호,커피숍,37.6270994,127.079923
서울특별시 노원구 상계동 723번지 1층,패스트푸드,37.6544503,127.0636915
"서울특별시 노원구 공릉동 742번지 효성아파트 상가동 108, 109호",커피숍,37.6240574,127.0807634
서울특별시 노원구 월계동 469-28번지,패스트푸드,37.6184648,127.057204
서울특별시 노원구 상계동 723,커피숍,37.6544503,127.0636915
서울특별시 노원구 상계동 651 11단지종합상가,커피숍,37.665688,127.0557151
"서울특별시 노원구 하계동 78-1 서울과학기술대 제1학생회관 111,111-1호",편의점,37.6345237,127.0772813
서울특별시 노원구 중계동 584-1번지 삼창타워프라자 116호,커피숍,37.659053,127.0726521
"서울특별시 노원구 중계동 509-1번지 지상3층, 씨앤미306호",커피숍,37.6407489,127.0682363
"서울특별시 노원구 상계동 672번지 지상 1, 2층",커피숍,37.6612312,127.0605602
서울특별시 노원구 상계동 652-2번지 4층,커피숍,37.666982,127.0542975
서울특별시 노원구 중계동 517번지 지상2층,커피숍,37.6472951,127.0702749
서울특별시 노원구 월계동 435-11번지,커피숍,37.6167007,127.0626387
서울특별시 노원구 월계동 58-2번지 2층,커피숍,37.6156139,127.0641084
서울특별시 노원구 상계동 1122-6번지 지상1층,커피숍,37.674914,127.0595938
서울특별시 노원구 공릉동 386-6번지 지상1층,커피숍,37.6262167,127.0733066
"서울특별시 노원구 상계동 763-3 대한빌딩, 1층, 2층",커피숍,37.6481585,127.0621573
서울특별시 노원구 공릉동 633-17 성종빌딩,커피숍,37.6196188,127.0778497
서울특별시 노원구 월계동 333-1,커피숍,37.6273402,127.0618582
서울특별시 노원구 상계동 1119-88번지 1-2층,커피숍,37.6754705,127.0555978
서울특별시 노원구 상계동 107-1793번지,커피숍,37.6664554,127.0801444
서울특별시 노원구 공릉동 208-5번지,패스트푸드,37.6274642,127.0785765
서울특별시 노원구 하계동 284번지 세이브존 노원점 지하1층,패스트푸드,37.6378658,127.068707
서울특별시 노원구 중계동 359-11번지 성모빌딩 501호,커피숍,37.6511746,127.0764616
서울특별시 노원구 상계동 456-99번지,패스트푸드,37.6629886,127.0667512
서울특별시 노원구 중계동 503번지 중계그린아파트 B상가동 116호,커피숍,37.6415758,127.0635039
서울특별시 노원구 상계동 712 1층,커피숍,37.6547654,127.060017
서울특별시 노원구 공릉동 398-21번지 남경빌딩,커피숍,37.6246808,127.0729394
서울특별시 노원구 공릉동 617-7번지 101호,커피숍,37.6188279,127.0756298
서울특별시 노원구 상계동 580-9 도봉면허시험장 1층,커피숍,37.6579685,127.0588244
서울특별시 노원구 공릉동 441-19번지 세림빌딩,패스트푸드,37.6278624,127.0776525
서울특별시 노원구 중계동 583번지 중계동금호타운상가동 101호,편의점,37.6470263,127.0812771
서울특별시 노원구 월계동 912-3번지,커피숍,37.6324577,127.0429521
서울특별시 노원구 중계동 509번지 이천일아울렛,커피숍,37.6413039,127.0679877
서울특별시 노원구 공릉동 615-22번지 영흥빌딩,커피숍,37.6196134,127.0745975
서울특별시 노원구 상계동 156-6번지 3층,커피숍,37.6624978,127.0727803
서울특별시 노원구 상계동 1116-74번지 102호,커피숍,37.6761423,127.0571793
"서울특별시 노원구 공릉동 240-250번지 지상1층, 지하1층",패스트푸드,37.6208425,127.0830671
서울특별시 노원구 공릉동 27-11번지 지상1층,커피숍,37.6264783,127.0943375
서울특별시 노원구 하계동 78-1 제1학생회관 1층,커피숍,37.6345237,127.0772813
서울특별시 노원구 상계동 456-133번지,패스트푸드,37.6647798,127.0664431
서울특별시 노원구 공릉동 89-1번지,패스트푸드,37.6208105,127.0836023
서울특별시 노원구 월계동 85번지,패스트푸드,37.6234098,127.0622569
서울특별시 노원구 상계동 1255번지 은빛아파트 상가동 104호,패스트푸드,37.6815167,127.0538446
"서울특별시 노원구 상계동 341-5 큐비스트빌딩 B101, 101, 201",커피숍,37.6563246,127.0643071
서울특별시 노원구 상계동 111-491번지,커피숍,37.6708411,127.0803776
서울특별시 노원구 공릉동 350-16번지 1층 101호,패스트푸드,37.6247095,127.0778703
서울특별시 노원구 상계동 177-99번지,커피숍,37.6566213,127.0690787
서울특별시 노원구 상계동 1054-6번지 1층,커피숍,37.6732721,127.0517363
서울특별시 노원구 중계동 361-1번지 롯데우성아파트상가 201호,커피숍,37.6468287,127.0728289
서울특별시 노원구 상계동 169-292번지,커피숍,37.6587417,127.0703028
서울특별시 노원구 상계동 620-1번지,커피숍,37.6694488,127.0504336
서울특별시 노원구 공릉동 557-22번지 102호,편의점,37.6244488,127.0767369
서울특별시 노원구 하계동 251번지 하계1차청구아파트 205동 106호,패스트푸드,37.6390554,127.0721805
서울특별시 노원구 상계동 751-4번지 아라빌딩 2층,커피숍,37.6521365,127.0654852
서울특별시 노원구 상계동 1102-1번지,편의점,37.6752493,127.0541707
서울특별시 노원구 공릉동 90-4번지 우토파크프라자 1층 GS슈퍼 내,커피숍,37.6218823,127.0865752
서울특별시 노원구 중계동 364-22번지,커피숍,37.6504079,127.0770904
서울특별시 노원구 중계동 366번지,커피숍,37.6519314,127.0795434
"서울특별시 노원구 중계동 505번지 롯데상가 4층 6,7호",커피숍,37.639083,127.0637924
서울특별시 노원구 상계동 111-84번지 2구역 22블럭31롯트,커피숍,37.6707124,127.0780354
서울특별시 노원구 상계동 603-2번지 A동 103호,커피숍,37.6570026,127.0618733
서울특별시 노원구 상계동 95-199번지 1층,패스트푸드,37.6636282,127.0764046
서울특별시 노원구 상계동 763-6번지,커피숍,37.6486893,127.0618793
서울특별시 노원구 중계동 84-19,커피숍,37.6498756,127.0825982
서울특별시 노원구 하계동 213-1번지 1층,커피숍,37.6406902,127.0702533
서울특별시 노원구 하계동 273,커피숍,37.6337017,127.0678655
서울특별시 노원구 상계동 389-50번지,편의점,37.6590229,127.0671534
서울특별시 노원구 중계동 606번지,커피숍,37.6591605,127.0744704
서울특별시 노원구 공릉동 593-1번지 1층,편의점,37.6211893,127.075667
서울특별시 노원구 상계동 1267번지 토마토파르코 104호,커피숍,37.6801858,127.0558304
서울특별시 노원구 상계동 292-1번지 와우쇼핑몰3층,커피숍,37.6553676,127.0639688
서울특별시 노원구 상계동 729 지하1층 1720호,패스트푸드,37.6535077,127.0608068
서울특별시 노원구 월계동 905-10번지 외 1필지(1층),커피숍,37.6321723,127.0443699
서울특별시 노원구 상계동 764-1번지,커피숍,37.6467419,127.0626243
서울특별시 노원구 월계동 25-2번지 석계역 6호선 지하2층,커피숍,37.6150815,127.0657675
"서울특별시 노원구 상계동 1022 1층, 2층",패스트푸드,37.6723792,127.0561814
서울특별시 노원구 중계동 359-7번지 주공5단지2상가 101호,커피숍,37.6515734,127.0749806
서울특별시 노원구 공릉동 437-2번지,편의점,37.629584,127.0763951
서울특별시 노원구 하계동 251 하계1차청구아파트 제206동제 1층 101호,커피숍,37.6390554,127.0721805
"서울특별시 노원구 중계동 506번지 브라운스톤중계상가 171,172호",커피숍,37.6399359,127.0642574
서울특별시 노원구 상계동 767-6번지 상계주공1단지 유치원 1층,커피숍,37.6472467,127.0595377
서울특별시 노원구 하계동 208-27번지,커피숍,37.6390993,127.0698735
"서울특별시 노원구 공릉동 435-2번지 1,2,3층",패스트푸드,37.6297189,127.0761329
서울특별시 노원구 상계동 169-542번지 하나은행,커피숍,37.6742103,127.0842054
서울특별시 노원구 중계동 360-9번지 두타빌 A동 109호,커피숍,37.649542,127.0763583
서울특별시 노원구 상계동 1264번지 은빛3단지아파트상가,편의점,37.6828275,127.0565974
"서울특별시 노원구 상계동 332-1 1층, 지하1층",커피숍,37.6558914,127.0639904
서울특별시 노원구 상계동 374-1번지 2층,커피숍,37.6576117,127.0673792
서울특별시 노원구 공릉동 26-17 국제스케이트장,커피숍,37.637175,127.1058764
서울특별시 노원구 공릉동 379-21번지 2층,커피숍,37.6265491,127.0721551
서울특별시 노원구 공릉동 87-5번지 공릉청소년문화센터1층,커피숍,37.6215868,127.0830663
서울특별시 노원구 하계동 64-9번지,편의점,37.6367405,127.0762311
서울특별시 노원구 월계동 333-1 월계점1버블티,커피숍,37.6273402,127.0618582
서울특별시 노원구 상계동 1119-51번지 1층,커피숍,37.6754978,127.0561027
"서울특별시 노원구 월계동 18번지 한진한화그랑빌아파트주상가동 116호,117호",패스트푸드,37.6178025,127.0685682
서울특별시 노원구 중계동 360-6 1층 104호,커피숍,37.6504871,127.0759853
"서울특별시 노원구 공릉동 238-48 1층. 7,8호",커피숍,37.623032,127.0795563
서울특별시 노원구 월계동 409-16 세영전자학원,패스트푸드,37.6219243,127.0597199
서울특별시 노원구 공릉동 248-8번지 서광빌딩 1층,편의점,37.6229669,127.0810212
서울특별시 노원구 상계동 1141-12번지 1층,커피숍,37.6784574,127.053067
서울특별시 노원구 상계동 727번지 덕영빌딩 102호,커피숍,37.6542263,127.0617322
서울특별시 노원구 상계동 602-2번지 2호,커피숍,37.6569092,127.0621575
서울특별시 노원구 중계동 142-49번지 1층,커피숍,37.6602447,127.0737217
서울특별시 노원구 공릉동 715,편의점,37.6272664,127.0686136
서울특별시 노원구 월계동 469-28,편의점,37.6184648,127.057204
서울특별시 노원구 상계동 749-8 삼양빌딩 101호,커피숍,37.6492471,127.0624077
서울특별시 노원구 상계동 713번지 롯데백화점노원점 지하1층,패스트푸드,37.6551438,127.0610785
서울특별시 노원구 중계동 434-2번지 현대종합상가 1층 127호,커피숍,37.6562734,127.0734915
서울특별시 노원구 상계동 603-14번지 대유빌딩 1층 107호,커피숍,37.6563587,127.0617644
서울특별시 노원구 상계동 111-646번지,커피숍,37.670607,127.0793321
서울특별시 노원구 상계동 733번지,커피숍,37.6533517,127.0593947
서울특별시 노원구 상계동 51-4번지 재개발사업지구내 1층,커피숍,37.6878606,127.0566594
서울특별시 노원구 중계동 360-7번지 1층 107호,패스트푸드,37.6504239,127.0763502
서울특별시 노원구 공릉동 653-6번지 1층,편의점,37.6193588,127.079037
서울특별시 노원구 중계동 107-38번지 불암위드빌 101호,커피숍,37.6512071,127.0825531
서울특별시 노원구 상계동 649 주공12단지상가 113호,패스트푸드,37.6659969,127.0579017
서울특별시 노원구 상계동 409-15번지 강원빌딩 1층 우측코너,패스트푸드,37.6591084,127.0643196
서울특별시 노원구 하계동 158-5번지 1층,커피숍,37.635126,127.0720116
서울특별시 노원구 상계동 323-9번지 4층,커피숍,37.6558386,127.0653415
서울특별시 노원구 상계동 1048-6번지 1층,편의점,37.6736727,127.0528512
"서울특별시 노원구 상계동 626-1번지 주공14단지상가 101호, 102호, 103호",편의점,37.6697212,127.0594254
서울특별시 노원구 상계동 135-20번지 1층,편의점,37.6660506,127.0694165
서울특별시 노원구 공릉동 684-62번지 1층,편의점,37.6177879,127.0737207
서울특별시 노원구 월계동 922번지 서광상가 105호,패스트푸드,37.6231407,127.064912
서울특별시 노원구 중계동 366-6 중계그랜드프라자 209호,패스트푸드,37.6508596,127.0770963
서울특별시 노원구 중계동 506번지 141-2호,커피숍,37.6399359,127.0642574
서울특별시 노원구 중계동 503번지 1층,편의점,37.642026,127.0641086
서울특별시 노원구 상계동 169-31번지 1층,커피숍,37.6605933,127.0714652
서울특별시 노원구 상계동 177-86,커피숍,37.6569143,127.0687317
서울특별시 노원구 상계동 648번지 남측호,커피숍,37.6650508,127.0593489
서울특별시 노원구 상계동 1267번지 파르코상가 1층 20호,편의점,37.6801858,127.0558304
서울특별시 노원구 월계동 655-14번지,커피숍,37.6317117,127.0574016
서울특별시 노원구 중계동 157-5번지 데미안빌딩,커피숍,37.6582084,127.0742836
서울특별시 노원구 중계동 506번지,편의점,37.6399359,127.0642574
서울특별시 노원구 상계동 348-6,커피숍,37.656837,127.0648412
서울특별시 노원구 중계동 506,커피숍,37.6399359,127.0642574
서울특별시 노원구 상계동 733-2번지 102호,편의점,37.6534592,127.059882
서울특별시 노원구 월계동 272-38번지 1층,편의점,37.6331323,127.0585812
서울특별시 노원구 하계동 279-7번지,편의점,37.6350486,127.0702037
서울특별시 노원구 상계동 169-130번지,커피숍,37.6618353,127.0721514
서울특별시 노원구 상계동 728-3번지 109호,편의점,37.6525437,127.0615355
서울특별시 노원구 월계동 66-4,편의점,37.6169227,127.0644131
서울특별시 노원구 중계동 359-1번지 중계5단지주공아파트 110호,편의점,37.645112,127.06411
서울특별시 노원구 중계동 359-1번지 지층,커피숍,37.652831,127.0759265
서울특별시 노원구 공릉동 621-16번지 1층,커피숍,37.6189598,127.0762357
서울특별시 노원구 상계동 456-55번지 코럴빌딩,커피숍,37.6639295,127.0662693
서울특별시 노원구 상계동 155-5번지,커피숍,37.6636385,127.0729556
서울특별시 노원구 중계동 157-48번지 1층,편의점,37.6584511,127.0766999
서울특별시 노원구 상계동 134-38번지 지하1층,커피숍,37.6669311,127.0695858
서울특별시 노원구 공릉동 312-23번지,편의점,37.6272567,127.0706407
서울특별시 노원구 상계동 726-1번지 일신상가 1층,편의점,37.6538312,127.0617367
서울특별시 노원구 중계동 362-1 중계8단지주공아파트,편의점,37.6460531,127.0753182
서울특별시 노원구 중계동 366-4번지 201호,커피숍,37.6508676,127.077805
서울특별시 노원구 중계동 154-14번지,편의점,37.6603591,127.0741356
"서울특별시 노원구 중계동 366-15번지 101,102,103호",편의점,37.6511373,127.077782
서울특별시 노원구 상계동 389-491,편의점,37.6583736,127.0691579
서울특별시 노원구 공릉동 585-20번지 102호,편의점,37.621632,127.0763692
서울특별시 노원구 하계동 251-4번지 인정빌딩 104호,커피숍,37.6401942,127.0727915
서울특별시 노원구 상계동 373-86번지 1층,커피숍,37.6571039,127.0675577
서울특별시 노원구 중계동 509-1번지 105호,편의점,37.6407489,127.0682363
서울특별시 노원구 상계동 711-13번지,편의점,37.6550933,127.0599595
서울특별시 노원구 공릉동 499-3번지 1층,패스트푸드,37.6250968,127.0736047
서울특별시 노원구 상계동 723번지,편의점,37.6544503,127.0636915
서울특별시 노원구 상계동 746-4번지 101호,커피숍,37.6504175,127.0612655
서울특별시 노원구 상계동 327-4번지,편의점,37.6559636,127.0643458
서울특별시 노원구 중계동 591번지 대호프라자 128호,커피숍,37.6597473,127.0731798
서울특별시 노원구 중계동 506번지,편의점,37.6399359,127.0642574
서울특별시 노원구 상계동 389-557,패스트푸드,37.6589468,127.0676197
서울특별시 노원구 공릉동 569-21,커피숍,37.6220549,127.0728039
서울특별시 노원구 상계동 111-120번지,편의점,37.6701545,127.0784207
"서울특별시 노원구 상계동 603-2번지 105,209,210,211,212호",커피숍,37.6570026,127.0618733
서울특별시 노원구 공릉동 172번지 서울과학기술대학교 성림학사 지하1층,커피숍,37.6352665,127.0759053
서울특별시 노원구 공릉동 383-1번지,편의점,37.6257525,127.0714731
서울특별시 노원구 공릉동 415-65번지,편의점,37.6245973,127.0783615
서울특별시 노원구 중계동 360-6번지 105호,커피숍,37.6504871,127.0759853
서울특별시 노원구 상계동 77-116번지 101호,편의점,37.6686257,127.0816515
서울특별시 노원구 상계동 1105-70,편의점,37.6764155,127.0536488
서울특별시 노원구 상계동 1280번지 희락상가아파트 106호,커피숍,37.6711782,127.0572305
서울특별시 노원구 상계동 617번지 1층 가동 15호,커피숍,37.6556813,127.0623264
"서울특별시 노원구 하계동 62번지 지하1층,지상1층",커피숍,37.6360814,127.0746799
서울특별시 노원구 상계동 1113-51번지,편의점,37.6766079,127.0543904
서울특별시 노원구 상계동 716-3번지 203호,패스트푸드,37.6550273,127.0626307
서울특별시 노원구 공릉동 622 구검찰청 신관C동 1층,커피숍,37.6196117,127.0767787
서울특별시 노원구 상계동 730-5번지 일신프라자 104호,커피숍,37.6529411,127.0605151
서울특별시 노원구 상계동 1008-34번지,편의점,37.6741059,127.0569101
서울특별시 노원구 상계동 705-2번지,편의점,37.6541009,127.0582177
서울특별시 노원구 중계동 508번지 서울시립 북서울미술관,커피숍,37.6401154,127.067112
서울특별시 노원구 중계동 423-40번지 104호,커피숍,37.6521826,127.0724569
서울특별시 노원구 상계동 1049-25번지,커피숍,37.6745985,127.0537007
서울특별시 노원구 중계동 366 라이프청구신동아아파트,커피숍,37.6519337,127.0795233
서울특별시 노원구 상계동 389-570번지,커피숍,37.6588083,127.0688912
서울특별시 노원구 공릉동 126 서울여자대학교 지하1층 대강당동,커피숍,37.6281126,127.0904568
서울특별시 노원구 공릉동 506-1번지,편의점,37.6252953,127.07672
서울특별시 노원구 상계동 155-13번지,편의점,37.6632238,127.0735239
서울특별시 노원구 공릉동 747번지 101호~105호,편의점,37.6209348,127.0798784
서울특별시 노원구 공릉동 596-34번지 103호,커피숍,37.621059,127.075197
"서울특별시 노원구 상계동 1262번지 하이베라스 217호, 218호",커피숍,37.679119,127.0548865
서울특별시 노원구 상계동 693-4번지 2층 1호,커피숍,37.6561859,127.0614912
서울특별시 노원구 공릉동 408-4번지 건설빌딩 2충,커피숍,37.617697,127.0791804
서울특별시 노원구 중계동 89-3번지,커피숍,37.6498057,127.0828047
서울특별시 노원구 상계동 321-22번지 1층,커피숍,37.6555619,127.0695101
서울특별시 노원구 중계동 364-20번지 103호,커피숍,37.6499887,127.0770075
서울특별시 노원구 월계동 466번지 동해예술회관,패스트푸드,37.6201425,127.0573459
서울특별시 노원구 공릉동 386-3번지,편의점,37.626225,127.0738247
"서울특별시 노원구 월계동 780번지 청백상가 104,5호",패스트푸드,37.6317699,127.0501857
"서울특별시 노원구 상계동 720-7번지 110,111,112호",편의점,37.654261,127.066997
서울특별시 노원구 월계동 655-11번지 2층,패스트푸드,37.6321451,127.0571658
서울특별시 노원구 월계동 290-1번지 ID시티,커피숍,37.6298151,127.0588466
서울특별시 노원구 상계동 1120-88번지,편의점,37.6752479,127.05764
서울특별시 노원구 공릉동 172번지 서울과학기술대학교 지하1층 누리학사동,커피숍,37.6329741,127.0798802
서울특별시 노원구 중계동 362-3번지 중계8단지@상가 102호,커피숍,37.6460531,127.0753182
서울특별시 노원구 상계동 637-1번지 상계주공아파트13단지복합상가 121호,커피숍,37.6503103,127.0666406
서울특별시 노원구 공릉동 215-4번지 원자력병원 1층,커피숍,37.6283978,127.0822704
서울특별시 노원구 월계동 17번지 미성상가 112호,편의점,37.6212796,127.0676557
서울특별시 노원구 상계동 456-99번지,편의점,37.6629886,127.0667512
서울특별시 노원구 공릉동 408-89번지,편의점,37.625943,127.0784218
서울특별시 노원구 월계동 375-2번지 1층,편의점,37.6243727,127.0598791
서울특별시 노원구 공릉동 215-4번지 2층,커피숍,37.6283978,127.0822704
서울특별시 노원구 월계동 379-36번지 1층 일분,패스트푸드,37.6231319,127.0604221
서울특별시 노원구 상계동 1258번지 희성오피앙 119호,패스트푸드,37.6802697,127.0548888
서울특별시 노원구 공릉동 609-37번지 101호,커피숍,37.6194108,127.0732204
서울특별시 노원구 상계동 1414번지,커피숍,37.6729909,127.0703498
서울특별시 노원구 월계동 534-170번지,편의점,37.6230285,127.0524627
서울특별시 노원구 상계동 135-14번지,편의점,37.6665942,127.0696978
서울특별시 노원구 월계동 557 월계2단지 일반상가동 1층 3호,편의점,37.6243346,127.0499053
서울특별시 노원구 공릉동 661-9번지,패스트푸드,37.6187612,127.0781096
서울특별시 노원구 상계동 372-5 1층일부,커피숍,37.6568648,127.0671073
서울특별시 노원구 공릉동 644-24번지 101호,커피숍,37.6206428,127.0785209
서울특별시 노원구 하계동 143-7,커피숍,37.6336077,127.0724488
서울특별시 노원구 월계동 472-45번지 1층,커피숍,37.618081,127.0574256
"서울특별시 노원구 상계동 617-2번지 1층 2,3호",커피숍,37.6553109,127.0625343
서울특별시 노원구 상계동 449-8번지 1층,패스트푸드,37.6640024,127.0669318
서울특별시 노원구 월계동 898-4번지,편의점,37.6315437,127.0434173
서울특별시 노원구 월계동 1-1,커피숍,37.622,127.0693923
서울특별시 노원구 중계동 606번지 한화꿈에그린 더퍼스트상가 101호,패스트푸드,37.6597665,127.0748172
서울특별시 노원구 상계동 994번지,편의점,37.6716699,127.0580313
서울특별시 노원구 상계동 169-417번지 1층,패스트푸드,37.6620659,127.0696985
"서울특별시 노원구 상계동 1312 3단지상가 105,6호",편의점,37.6874481,127.0532558
서울특별시 노원구 중계동 363-2 중계주공7단지 상가동 103호,편의점,37.6478337,127.0792266
서울특별시 노원구 공릉동 670-7 6.7디벨리움 101호,편의점,37.6182964,127.0765664
서울특별시 노원구 상계동 749번지 2층,커피숍,37.6513068,127.061782
서울특별시 노원구 상계동 735-2번지 대성빌딩 1층 1호,편의점,37.6530889,127.0582112
서울특별시 노원구 상계동 1267 토마토파르코 114호,커피숍,37.6801858,127.0558304
"서울특별시 노원구 공릉동 379-20 샘병원빌딩 지하1,1층",패스트푸드,37.626701,127.0720804
서울특별시 노원구 상계동 740-3번지 1층,편의점,37.6502137,127.0568875
서울특별시 노원구 하계동 274-1 웅천종합상가,커피숍,37.6331257,127.0711863
서울특별시 노원구 하계동 179-25 1층,커피숍,37.6358931,127.0711875
서울특별시 노원구 상계동 354-11번지,커피숍,37.6569632,127.0636089
서울특별시 노원구 상계동 593-1 101호,커피숍,37.6572049,127.0623355
서울특별시 노원구 상계동 386-4번지,커피숍,37.6578123,127.0676065
서울특별시 노원구 월계동 447-1번지 광운대 80주념기념관 지하1층,커피숍,37.6197029,127.0596708
"서울특별시 노원구 공릉동 379-27 1,2층",커피숍,37.6263916,127.0722976
서울특별시 노원구 상계동 335번지 105호,커피숍,37.6561166,127.0634642
서울특별시 노원구 상계동 173-1 벽산상가 108동 18호,커피숍,37.6614765,127.0728242
서울특별시 노원구 상계동 719-1,커피숍,37.6547314,127.0625381
서울특별시 노원구 상계동 694 1층,커피숍,37.6607248,127.0569722
서울특별시 노원구 월계동 390-35번지 1층 나동,패스트푸드,37.6220123,127.0590952
서울특별시 노원구 중계동 426-38번지 3층,커피숍,37.6530677,127.0735446
"서울특별시 노원구 월계동 648 인덕대학교 연지스퀘어, 지하1층",커피숍,37.6299571,127.0555019
서울특별시 노원구 공릉동 111번지 1층 101호,편의점,37.6236127,127.0885326
서울특별시 노원구 하계동 76-5번지 1층,커피숍,37.6356707,127.0744184
서울특별시 노원구 상계동 1117-2번지,커피숍,37.6773264,127.0562575
서울특별시 노원구 상계동 1098-1 스위트리아,커피숍,37.6767586,127.0519646
서울특별시 노원구 공릉동 684-11번지 금성빌딩,편의점,37.6173358,127.0729311
서울특별시 노원구 공릉동 240-223번지,편의점,37.6214089,127.0826538
서울특별시 노원구 월계동 749번지,커피숍,37.642487,127.0499178
서울특별시 노원구 월계동 922번지 서광아파트,편의점,37.6231537,127.064903
서울특별시 노원구 공릉동 649-4,패스트푸드,37.6194432,127.0801986
서울특별시 노원구 하계동 251-9 1층,커피숍,37.638647,127.0728926
서울특별시 노원구 공릉동 441-91 1층,커피숍,37.6269921,127.0786657
서울특별시 노원구 중계동 93-28번지 중계본동 지역아동센터 1층,커피숍,37.6506884,127.0826842
서울특별시 노원구 공릉동 172번지 서울과학기술대학교 1층 서울테크노파크동,편의점,37.6316684,127.0774813
서울특별시 노원구 월계동 648번지 인덕대학연지스퀘어,편의점,37.6299571,127.0555019
"서울특별시 노원구 상계동 387-213번지 101,102호",편의점,37.6580939,127.0709871
서울특별시 노원구 공릉동 89-1번지 대덕프라자,편의점,37.6208105,127.0836023
"서울특별시 노원구 하계동 276-12번지 삼성씨티빌 103,104호",편의점,37.6336949,127.0706808
서울특별시 노원구 공릉동 240-16 1층,커피숍,37.6216993,127.0822867
서울특별시 노원구 하계동 284번지 세이브존 지하1층,커피숍,37.6378658,127.068707
"서울특별시 노원구 상계동 1262번지 하이베라스 133,134",커피숍,37.6791891,127.0549866
서울특별시 노원구 공릉동 320-106번지 1층,커피숍,37.6214432,127.0784402
서울특별시 노원구 공릉동 589-16번지 1층,커피숍,37.6215196,127.0778963
서울특별시 노원구 공릉동 172 서울과학기술대학교,커피숍,37.6316684,127.0774813
서울특별시 노원구 공릉동 172 서울과학기술대학교,커피숍,37.6316684,127.0774813
서울특별시 노원구 공릉동 172 서울과학기술대학교,커피숍,37.6316684,127.0774813
서울특별시 노원구 월계동 333-1번지 월계이마트,커피숍,37.626501,127.061849
서울특별시 노원구 공릉동 236-1번지 지하1층,커피숍,37.6243682,127.0807361
"서울특별시 노원구 공릉동 389-12번지 지하1,1,2층",커피숍,37.6274266,127.0760487
서울특별시 노원구 하계동 168-2번지 101호,커피숍,37.6357361,127.0733258
서울특별시 노원구 상계동 459-6번지,커피숍,37.6657964,127.066749
서울특별시 노원구 상계동 966-15 상계청소년문화의집,커피숍,37.6711427,127.0566688
서울특별시 노원구 상계동 1068번지 상계5지역중앙하이츠아파트 상가동 104호,편의점,37.660566,127.073202
서울특별시 노원구 상계동 1102-29번지,커피숍,37.6752197,127.0530676
서울특별시 노원구 상계동 1139-2번지,편의점,37.6784276,127.0533817
서울특별시 노원구 공릉동 597-34,커피숍,37.6207346,127.0743243
서울특별시 노원구 상계동 709-2 메가빌딩 103호,커피숍,37.6542478,127.0590425
서울특별시 노원구 공릉동 499-25번지 공릉1동주민센터,커피숍,37.6247794,127.0737641
서울특별시 노원구 상계동 389-597,패스트푸드,37.6604984,127.069368
서울특별시 노원구 상계동 1023-1번지 유성상가 6호,패스트푸드,37.6730063,127.0559731
서울특별시 노원구 공릉동 208-24번지 102호,패스트푸드,37.6272906,127.0787945
서울특별시 노원구 상계동 1132-28번지 수락네스트죤 105호,편의점,37.6780496,127.0541981
서울특별시 노원구 중계동 360-9번지 두타빌 B동 124호,커피숍,37.649542,127.0763583
서울특별시 노원구 중계동 360-13번지 위성프라자 103호,편의점,37.6482011,127.0762923
서울특별시 노원구 월계동 936번지 월계문화복지센터,커피숍,37.624237,127.0507579
서울특별시 노원구 상계동 169-461번지,커피숍,37.6611267,127.070846
서울특별시 노원구 하계동 274-1번지 웅천종합상가 402호,커피숍,37.6331257,127.0711863
서울특별시 노원구 중계동 366-9번지 스카이타워 105호,커피숍,37.6515579,127.077432
서울특별시 노원구 중계동 360-6번지 중계중흥빌딩,커피숍,37.645112,127.06411
서울특별시 노원구 상계동 749-3번지 롯데프라자빌딩 202호,커피숍,37.6507205,127.0618756
서울특별시 노원구 공릉동 172 서울과학기술대학교,커피숍,37.6316684,127.0774813
서울특별시 노원구 중계동 509번지 2001아울렛,커피숍,37.6413039,127.0679877
서울특별시 노원구 중계동 591번지 대호프라자,커피숍,37.6597473,127.0731798
서울특별시 노원구 하계동 168-2,편의점,37.6357361,127.0733258
서울특별시 노원구 상계동 730-3번지 다모아빌딩 114호,편의점,37.6518002,127.0608789
서울특별시 노원구 상계동 326-8,커피숍,37.6560294,127.0647549
서울특별시 노원구 상계동 735-4 청화빌딩,커피숍,37.6531808,127.0586253
서울특별시 노원구 상계동 670-2 상계주공아파트 9단지상가,편의점,37.6503103,127.0666406
서울특별시 노원구 월계동 320-9번지 사슴아파트상가동 107호,커피숍,37.6325655,127.0609172
서울특별시 노원구 월계동 274-34번지 1층,커피숍,37.6317939,127.0579248
서울특별시 노원구 상계동 151-4 흥봉빌딩,편의점,37.6641356,127.06993
서울특별시 노원구 공릉동 653-1번지,커피숍,37.6191936,127.0784643
서울특별시 노원구 월계동 383-4번지,패스트푸드,37.6228276,127.0601704
서울특별시 노원구 중계동 364-20 그린코아상가,커피숍,37.6499887,127.0770075
서울특별시 노원구 공릉동 714 삼익아파트상가,편의점,37.6268904,127.0819299
서울특별시 노원구 중계동 369-7번지 주공2단지아파트 106호,편의점,37.6571045,127.0779954
서울특별시 노원구 상계동 135-72번지,편의점,37.6649585,127.069034
서울특별시 노원구 상계동 735-2번지 대성빌딩 1층 5호,커피숍,37.6530889,127.0582112
서울특별시 노원구 상계동 1115-6번지,편의점,37.6773489,127.0557818
서울특별시 노원구 월계동 845-5번지 성진빌딩 101호,커피숍,37.6269962,127.0503638
서울특별시 노원구 월계동 929번지 현대아파트 분산상가,편의점,37.6185577,127.0628764
서울특별시 노원구 상계동 169-179번지,편의점,37.6607142,127.0712082
서울특별시 노원구 월계동 469-3번지 금혁빌딩 101호,패스트푸드,37.6190666,127.0576031
서울특별시 노원구 공릉동 441-22,패스트푸드,37.6277394,127.0777745
서울특별시 노원구 공릉동 254번지 우성아파트 상가동 205호,커피숍,37.6245531,127.0848004
서울특별시 노원구 공릉동 120번지,커피숍,37.6246338,127.0892413
서울특별시 노원구 상계동 436-3번지 지하1층,커피숍,37.6611845,127.0673291
서울특별시 노원구 공릉동 506-29번지,커피숍,37.6253685,127.0771693
서울특별시 노원구 하계동 284번지 세이브존,커피숍,37.6378658,127.068707
서울특별시 노원구 공릉동 90-1번지 해중빌딩,커피숍,37.622143,127.0863716
서울특별시 노원구 상계동 358-6 2층,커피숍,37.6578726,127.062723
서울특별시 노원구 상계동 205-4번지 한국성서대학교,커피숍,37.6486885,127.0642073
서울특별시 노원구 월계동 429-9번지,편의점,37.6205067,127.0626681
서울특별시 노원구 중계동 154-22번지,커피숍,37.6601481,127.0744519
서울특별시 노원구 공릉동 509-37번지 동양빌딩,패스트푸드,37.6244461,127.0759861
서울특별시 노원구 월계동 290-1번지,편의점,37.6298151,127.0588466
서울특별시 노원구 중계동 161-2번지 중앙하이츠아파트,커피숍,37.6586712,127.0766064
서울특별시 노원구 상계동 337 다나플라자,커피숍,37.6610587,127.0667121
서울특별시 노원구 월계동 333-1 월계트레이더스,커피숍,37.6273402,127.0618582
서울특별시 노원구 상계동 77-116번지,커피숍,37.6686257,127.0816515
서울특별시 노원구 상계동 1049-94번지 1층,커피숍,37.6738195,127.0538074
서울특별시 노원구 상계동 603-2번지 하이웰빙상가,편의점,37.6570026,127.0618733
서울특별시 노원구 상계동 387-94번지 종합건설회사,편의점,37.6573862,127.070151
서울특별시 노원구 중계동 107-18 1층,편의점,37.6516199,127.081958
서울특별시 노원구 상계동 169-129 상계약국,편의점,37.6752457,127.0850671
서울특별시 노원구 상계동 1132-63번지 대성빌딩,커피숍,37.6475933,127.081126
서울특별시 노원구 상계동 1008-31 현피아노,커피숍,37.6741304,127.0579512
서울특별시 노원구 공릉동 350-24번지,커피숍,37.6248688,127.0778598
서울특별시 노원구 상계동 693-1번지 노원프라자빌딩,커피숍,37.6559143,127.0608756
서울특별시 노원구 상계동 372-16 1~2층,커피숍,37.6566669,127.066444
서울특별시 노원구 월계동 333-1번지 월계이마트,커피숍,37.626501,127.061849
서울특별시 노원구 상계동 749-7번지,커피숍,37.6494079,127.0623309
서울특별시 노원구 상계동 734-4 동방빌딩,패스트푸드,37.6535534,127.0587925
서울특별시 노원구 중계동 366번지 중계종합상가,커피숍,37.645112,127.06411
서울특별시 노원구 상계동 617번지 화랑상가 나동 104호,커피숍,37.6556813,127.0623264
서울특별시 노원구 월계동 947번지 롯데캐슬루나아파트,커피숍,37.6265468,127.0497923
서울특별시 노원구 상계동 651-7번지 합동빌딩,커피숍,37.6650797,127.0573201
서울특별시 노원구 상계동 1289번지 상계불암대림아파트,편의점,37.6631637,127.0771238
서울특별시 노원구 월계동 46-1 103호,커피숍,37.6152839,127.0651295
서울특별시 노원구 상계동 617번지 화랑빌딩,편의점,37.6557476,127.0622921
서울특별시 노원구 상계동 1279번지 중앙하이츠아파트,편의점,37.6537412,127.0689054
서울특별시 노원구 상계동 323-13번지 대국빌딩,커피숍,37.6553588,127.0645141
서울특별시 노원구 상계동 1120-40번지,커피숍,37.6760034,127.0563778
서울특별시 노원구 상계동 1305번지 동양메이저아파트,커피숍,37.6574697,127.0640141
서울특별시 노원구 공릉동 398-23번지 1층 우측,커피숍,37.6245191,127.0729237
서울특별시 노원구 상계동 651-7번지 합동빌딩,커피숍,37.6650797,127.0573201
서울특별시 노원구 중계동 140-1번지 2층,커피숍,37.6617484,127.075208
서울특별시 노원구 상계동 603-14번지 대유빌딩 109호,커피숍,37.6563587,127.0617644
서울특별시 노원구 중계동 84-61,커피숍,37.649898,127.081201
서울특별시 노원구 하계동 224-9번지 시립노원청소년직업체험센터,커피숍,37.6415605,127.0730979
서울특별시 노원구 공릉동 494-15번지 영진빌딩,커피숍,37.6240017,127.0731808
서울특별시 노원구 상계동 651-2번지 삼전빌딩,커피숍,37.6668295,127.0568201
서울특별시 노원구 상계동 364-30번지,편의점,37.6585241,127.0644657
서울특별시 노원구 상계동 637-1번지 상계주공아파트(13단지),편의점,37.6503103,127.0666406
서울특별시 노원구 상계동 183번지 성지빌딩,편의점,37.6550087,127.0709305
서울특별시 노원구 상계동 357-2번지 금호프라자,편의점,37.6570253,127.0627087
서울특별시 노원구 월계동 411-13,편의점,37.6212402,127.0610959
서울특별시 노원구 중계동 359-15번지 조충빌딩,편의점,37.6508775,127.0756868
서울특별시 노원구 월계동 406번지 준빌딩,커피숍,37.6213074,127.05946
서울특별시 노원구 상계동 1285번지 동아불암아파트,커피숍,37.6669564,127.0796885
서울특별시 노원구 월계동 402-18번지,커피숍,37.6206952,127.0586527
서울특별시 노원구 중계동 107-10번지,편의점,37.6511784,127.0814251
서울특별시 노원구 공릉동 236-8번지,편의점,37.6243539,127.081116
서울특별시 노원구 월계동 466번지 광운대학교,편의점,37.6201425,127.0573459
서울특별시 노원구 중계동 364-3번지 노원문화예술회관,커피숍,37.6501995,127.0802507
"서울특별시 노원구 월계동 18번지 그랑빌아파트 주상가동 1동 124,호",편의점,37.6187065,127.067056
서울특별시 노원구 중계동 509-2번지 홈플러스,커피숍,37.6399182,127.0686084
서울특별시 노원구 상계동 1118-53번지 윤일빌딩,커피숍,37.6756548,127.0550133
서울특별시 노원구 중계동 364-24번지 오성프라자,커피숍,37.6504487,127.0777705
서울특별시 노원구 공릉동 91번지 청솔8단지,편의점,37.6135312,127.0949846
서울특별시 노원구 하계동 354번지 학여울청구아파트,편의점,37.6363492,127.0613398
서울특별시 노원구 공릉동 593-3번지 드림데시앙,커피숍,37.6210994,127.0754781
서울특별시 노원구 상계동 1262 하이베라스,커피숍,37.6791891,127.0549866
서울특별시 노원구 상계동 630번지 청수빌딩,커피숍,37.6679221,127.05904
서울특별시 노원구 공릉동 584-10 연세빌딩 102-2호,커피숍,37.6221298,127.0757103
서울특별시 노원구 공릉동 598-17번지,편의점,37.6196552,127.0735211
서울특별시 노원구 중계동 361번지 롯데마트,커피숍,37.647217,127.070235
서울특별시 노원구 상계동 1260번지 수락산우체국,커피숍,37.6796658,127.0548241
서울특별시 노원구 공릉동 120-2번지,커피숍,37.6244192,127.0893595
서울특별시 노원구 하계동 72-18 우리아트홈 1층,커피숍,37.6360782,127.0750944
서울특별시 노원구 공릉동 670-20 노원 프레미어스 엠코,커피숍,37.6184228,127.0761631
서울특별시 노원구 공릉동 270-65번지,커피숍,37.6204506,127.0812312
서울특별시 노원구 월계동 12번지 월계삼호아파트,편의점,37.6265223,127.0641587
서울특별시 노원구 공릉동 441-26번지 오성빌딩,커피숍,37.6273118,127.0776317
서울특별시 노원구 상계동 389-371번지,커피숍,37.6601842,127.0680536
서울특별시 노원구 공릉동 740번지 대아아파트 제상가동 101호,커피숍,37.6239894,127.0790201
서울특별시 노원구 월계동 472-45 3층,커피숍,37.618081,127.0574256
서울특별시 노원구 공릉동 609-9 201호,커피숍,37.618195,127.0727448
서울특별시 노원구 공릉동 439-2 우림고시원,편의점,37.6288897,127.076364
서울특별시 노원구 상계동 456-136 소망한의원,커피숍,37.6645353,127.0665768
서울특별시 노원구 공릉동 120-5번지,편의점,37.6239954,127.089699
서울특별시 노원구 공릉동 172 서울과학기술대학교 1층 일부,커피숍,37.6316684,127.0774813
서울특별시 노원구 하계동 273 선덕유치원,커피숍,37.6330283,127.0670978
서울특별시 노원구 상계동 1117-68번지 은혜선교유아교실,편의점,37.6765771,127.056032
서울특별시 노원구 상계동 729번지 노원역 7호선,편의점,37.6535077,127.0608068
서울특별시 노원구 월계동 633-31번지 월계센트럴아이파크,커피숍,37.6294811,127.0572916
"서울특별시 노원구 월계동 633-31 1층 104,105,106호",커피숍,37.6380564,127.0503032
서울특별시 노원구 상계동 767-5번지 가 상가,편의점,37.6467584,127.0595441
서울특별시 노원구 월계동 410-7번지 동우빌딩 1층 일부,커피숍,37.622833,127.0606835
서울특별시 노원구 하계동 72-19 1층 좌측호(102호),커피숍,37.6361677,127.0752138
서울특별시 노원구 월계동 442-2번지 101호,편의점,37.6177869,127.0602166
서울특별시 노원구 월계동 322-1번지 성원아파트 104호,편의점,37.6294153,127.062514
서울특별시 노원구 중계동 507-3번지 중계근린공원내,커피숍,37.639833,127.0657644
서울특별시 노원구 공릉동 678-2번지 공릉가로공원내,커피숍,37.6173359,127.0760696
서울특별시 노원구 중계동 587번지 양지대림아파트,편의점,37.651038,127.0699099
서울특별시 노원구 공릉동 513-47 1층 일부 가운데,커피숍,37.6244331,127.0757301
서울특별시 노원구 공릉동 26-106번지 삼육대학교 바울관,커피숍,37.6426667,127.1070937
서울특별시 노원구 공릉동 746번지 화랑해링턴플레이스아파트 상가동 103호,커피숍,37.623863,127.0812356
서울특별시 노원구 상계동 155-11번지 예원피아노,편의점,37.6668466,127.056826
서울특별시 노원구 월계동 333-1번지 월계이마트,커피숍,37.626501,127.061849
서울특별시 노원구 중계동 599번지 극동의푸른별 2차아파트,편의점,37.6587475,127.0774017
서울특별시 노원구 공릉동 320-103번지,커피숍,37.6217177,127.0783091
서울특별시 노원구 공릉동 240-247,커피숍,37.6206706,127.0827007
서울특별시 노원구 상계동 1117-56번지 1층 101호,커피숍,37.6771025,127.0565332
"서울특별시 노원구 상계동 593-2번지 동원빌딩 7,8호",커피숍,37.6569543,127.0624784
서울특별시 노원구 상계동 331-8번지 LC빌딩,커피숍,37.6555959,127.0639878
서울특별시 노원구 공릉동 561-1번지,편의점,37.6231798,127.0763521
서울특별시 노원구 상계동 701-1번지 노원구청,커피숍,37.6541639,127.0566603
서울특별시 노원구 상계동 389-374번지,커피숍,37.6599814,127.0683071
서울특별시 노원구 상계동 624 상계주공15단지아파트 1층,커피숍,37.6686255,127.0533712
서울특별시 노원구 공릉동 422-2,커피숍,37.6273276,127.079437
서울특별시 노원구 월계동 473-19 형설고시원독서실,커피숍,37.6171695,127.0599649
서울특별시 노원구 상계동 1313-4 상계율림,커피숍,37.6865749,127.0525715
서울특별시 노원구 상계동 1118-38 한올빌딩,커피숍,37.6762233,127.054843
서울특별시 노원구 상계동 683,편의점,37.6642242,127.0649958
서울특별시 노원구 하계동 273-5 하계역,커피숍,37.6352525,127.0685278
서울특별시 노원구 상계동 451-11,커피숍,37.6654192,127.0674172
서울특별시 노원구 중계동 359-1 중계5단지주공아파트,커피숍,37.645112,127.06411
서울특별시 노원구 중계동 141,커피숍,37.6607795,127.0745238
서울특별시 노원구 공릉동 584-2,커피숍,37.6223626,127.0756533
서울특별시 노원구 중계동 360-9 두타빌,커피숍,37.649542,127.0763583
서울특별시 노원구 공릉동 240-249,커피숍,37.6207776,127.0829427
서울특별시 노원구 중계동 584-1 삼창타워프라자,커피숍,37.659053,127.0726521
서울특별시 노원구 상계동 363-2 천우빌딩,커피숍,37.6644118,127.0700727
서울특별시 노원구 상계동 749-5 상계주공4단지아파트,커피숍,37.6503103,127.0666406
서울특별시 노원구 상계동 434-47,편의점,37.6606365,127.066647
서울특별시 노원구 상계동 85-33 상계역센트럴푸르지오,편의점,37.6647951,127.0738954
서울특별시 노원구 상계동 111 당고개역,커피숍,37.6700795,127.0785679
서울특별시 노원구 공릉동 385-4 공릉역,편의점,37.625762,127.0727485
서울특별시 노원구 상계동 726-1 일신상가,커피숍,37.6538312,127.0617367
서울특별시 노원구 상계동 705-1 덕화빌딩,커피숍,37.6540456,127.0579993
서울특별시 노원구 공릉동 285-2 화랑대역 6호선,편의점,37.6201696,127.0843884
서울특별시 노원구 상계동 1101-32,편의점,37.6751933,127.0521017
서울특별시 노원구 월계동 947 롯데캐슬루나아파트,커피숍,37.6265468,127.0497923
서울특별시 노원구 상계동 749-5 상계주공4단지아파트,편의점,37.6503103,127.0666406
서울특별시 노원구 상계동 581-6 동진상가,커피숍,37.6593861,127.0615421
서울특별시 노원구 공릉동 415-58,커피숍,37.6246592,127.0789731
서울특별시 노원구 상계동 397-4 사용빌딩,편의점,37.6582057,127.0660962
서울특별시 노원구 상계동 169-42 임오아트빌,커피숍,37.6627296,127.071262
서울특별시 노원구 공릉동 633-13,커피숍,37.6199779,127.0777701
서울특별시 노원구 월계동 943 세양청마루아파트,커피숍,37.620722,127.0606638
서울특별시 노원구 상계동 680 포레나노원,편의점,37.6647038,127.0615193
서울특별시 노원구 하계동 153-27 꿈나무유치원,커피숍,37.6337227,127.0724306
서울특별시 노원구 상계동 101-149,편의점,37.6677238,127.0788663
서울특별시 노원구 중계동 산 101-45,커피숍,37.6550153,127.0818067
서울특별시 노원구 중계동 453 노원수학문화관,커피숍,37.6578378,127.0724399
서울특별시 노원구 상계동 680 포레나노원,패스트푸드,37.6647038,127.0615193
서울특별시 노원구 중계동 90-16,커피숍,37.6500515,127.0829091
서울특별시 노원구 공릉동 312-4 우성빌딩,커피숍,37.62839,127.070181
서울특별시 노원구 중계동 84-8 홍원빌딩,커피숍,37.650082,127.0812626
서울특별시 노원구 중계동 361 롯데마트,패스트푸드,37.647217,127.070235
서울특별시 노원구 중계동 360-15 와이키즈,편의점,37.6485878,127.0742954
서울특별시 노원구 상계동 389-356 경인빌딩,커피숍,37.659169,127.0707369
서울특별시 노원구 월계동 26-11,커피숍,37.6155896,127.0665233
서울특별시 노원구 상계동 443-9,편의점,37.6619787,127.0684225
서울특별시 노원구 하계동 256 중계주공9단지아파트,커피숍,37.6428883,127.0737358
서울특별시 노원구 상계동 606-12 노원스퀘어,커피숍,37.6551856,127.0623669
서울특별시 노원구 공릉동 561-37 명승화운트,커피숍,37.6229836,127.0769579
서울특별시 노원구 중계동 506 브라운스톤중계,커피숍,37.6399359,127.0642574
서울특별시 노원구 상계동 330-29 소담빌,편의점,37.6570179,127.0617489
서울특별시 노원구 공릉동 208-5,커피숍,37.6274642,127.0785765
서울특별시 노원구 중계동 506 브라운스톤중계,커피숍,37.6399359,127.0642574
서울특별시 노원구 월계동 12 월계삼호아파트,커피숍,37.6265223,127.0641587
서울특별시 노원구 상계동 666-3 상계주공아파트(10단지) 종합상가,커피숍,37.6629991,127.05545
서울특별시 노원구 공릉동 441-92 우은빌딩,커피숍,37.6268617,127.0775725
서울특별시 노원구 중계동 515-3 중계주공1단지아파트,편의점,37.6478283,127.0655587
서울특별시 노원구 중계동 236-3,편의점,37.6537129,127.0734238
서울특별시 노원구 상계동 728-5 상계동 국민은행,커피숍,37.6517461,127.0616573
서울특별시 노원구 상계동 624 상계주공15단지아파트,커피숍,37.6686255,127.0533712
서울특별시 노원구 상계동 349-53 지현빌딩,커피숍,37.657322,127.065016
서울특별시 노원구 상계동 717-1 노원빌딩,패스트푸드,37.6565199,127.0632658
서울특별시 노원구 월계동 379-50,편의점,37.6237262,127.060039
서울특별시 노원구 공릉동 567-1 서창빌딩,편의점,37.6229289,127.0741953
서울특별시 노원구 중계동 366-6 중계그랜드프라자,커피숍,37.6508596,127.0770963
서울특별시 노원구 상계동 713 롯데백화점,커피숍,37.6539831,127.0606197
서울특별시 노원구 공릉동 90-4 우토파크프라자,패스트푸드,37.6218823,127.0865752
서울특별시 노원구 상계동 1035-9 노원구청소년상담복지센터,커피숍,37.6713853,127.0549767
서울특별시 노원구 중계동 509-1 씨앤미복합빌딩,커피숍,37.6407349,127.068151
서울특별시 노원구 하계동 153-3,패스트푸드,37.6342653,127.0720447
서울특별시 노원구 상계동 320-1 양지유치원,커피숍,37.6552478,127.0696803
서울특별시 노원구 공릉동 577-13,커피숍,37.6214957,127.0750072
서울특별시 노원구 상계동 616-4 화랑상가,커피숍,37.6556636,127.0628767
서울특별시 노원구 중계동 90-41 불암대중사우나,커피숍,37.6498525,127.0830065
서울특별시 노원구 중계동 27-57 본향교회,커피숍,37.6432425,127.0835677
서울특별시 노원구 공릉동 653-8,커피숍,37.6192095,127.0792949
"서울특별시 노원구 중계동 364 동진,신안아파트",커피숍,37.649657,127.0782777
서울특별시 노원구 상계동 68-104,편의점,37.6710644,127.0831115
서울특별시 노원구 상계동 367-11,커피숍,37.6571482,127.0659675
서울특별시 노원구 중계동 359-9 마들플라자,패스트푸드,37.6517036,127.076762
서울특별시 노원구 상계동 651-4 동남빌딩,편의점,37.6586772,127.068986
서울특별시 노원구 월계동 26-13 석계문고,커피숍,37.615336,127.0666539
서울특별시 노원구 공릉동 661-5 그린힐,커피숍,37.6186101,127.077544
서울특별시 노원구 상계동 1318 노원 아이파크,커피숍,37.6599612,127.068985
서울특별시 노원구 상계동 1258 희성오피앙,커피숍,37.6805541,127.0548996
서울특별시 노원구 상계동 173-1 벽산아파트,커피숍,37.6609972,127.0724021
서울특별시 노원구 공릉동 424-2,패스트푸드,37.6274909,127.0780546
서울특별시 노원구 공릉동 575-10,커피숍,37.6211691,127.0730148
서울특별시 노원구 상계동 321-12,편의점,37.6556782,127.068348
서울특별시 노원구 상계동 430-4 동서약국,편의점,37.6616738,127.0659221
서울특별시 노원구 상계동 1258 희성오피앙,커피숍,37.6805541,127.0548996
서울특별시 노원구 상계동 197-3 덕산빌딩,커피숍,37.6522454,127.0699553
서울특별시 노원구 상계동 716 금정빌딩,커피숍,37.6548486,127.0619133
서울특별시 노원구 상계동 1282 상계2차중앙하이츠아파트,편의점,37.6549617,127.0683084
서울특별시 노원구 상계동 629 대원유치원,편의점,37.6677461,127.0587366
서울특별시 노원구 상계동 713 롯데백화점,커피숍,37.6539831,127.0606197
서울특별시 노원구 하계동 170-44,커피숍,37.6356564,127.0712019
서울특별시 노원구 월계동 405-20 월계아랑빌딩,커피숍,37.6218076,127.0603111
서울특별시 노원구 하계동 354 학여울청구아파트,편의점,37.6363492,127.0613398
서울특별시 노원구 상계동 65-36,커피숍,37.6695145,127.0790147
서울특별시 노원구 상계동 649-1 다래빌딩,커피숍,37.6669962,127.0574589
서울특별시 노원구 상계동 651-6 백산빌딩,커피숍,37.6654408,127.0571812
서울특별시 노원구 상계동 1132-15 수락월드,커피숍,37.6717375,127.0554832
서울특별시 노원구 공릉동 517-31,커피숍,37.6233621,127.0740721
서울특별시 노원구 상계동 1021-14 채선당,패스트푸드,37.6714689,127.056344
서울특별시 노원구 공릉동 379-31,커피숍,37.6265028,127.0712708
서울특별시 노원구 중계동 43-36,편의점,37.6458859,127.0824097
서울특별시 노원구 상계동 140-148 유창조명,커피숍,37.66447,127.0740104
서울특별시 노원구 공릉동 379-27 타이어 프로,편의점,37.6263916,127.0722976
서울특별시 노원구 월계동 534-194,커피숍,37.6238944,127.0541945
서울특별시 노원구 공릉동 29-4,커피숍,37.6244911,127.0931031
서울특별시 노원구 상계동 107-1482,커피숍,37.6663596,127.0798895
서울특별시 노원구 하계동 166-6,커피숍,37.6366395,127.0739551
서울특별시 노원구 월계동 390-10,커피숍,37.6224129,127.058858
서울특별시 노원구 상계동 1118,커피숍,37.6759879,127.0550024
서울특별시 노원구 월계동 25-2 석계역 6호선,편의점,37.6150815,127.0657675
서울특별시 노원구 상계동 173-1 벽산아파트,편의점,37.6609972,127.0724021
서울특별시 노원구 중계동 364-19 삼부프라자,커피숍,37.6492209,127.0769575
서울특별시 노원구 월계동 333-1 월계이마트,패스트푸드,37.626501,127.061849
서울특별시 노원구 공릉동 395-8 노원새마을금고,커피숍,37.6645246,127.0765682
서울특별시 노원구 중계동 84-36 중계약국,커피숍,37.6498043,127.0819848
서울특별시 노원구 하계동 256-8 삼화빌딩,패스트푸드,37.6391161,127.0751565
서울특별시 노원구 상계동 730-3 다모아빌딩,커피숍,37.6649964,127.0580145
서울특별시 노원구 상계동 169-457 민지유치원,커피숍,37.661402,127.0704809
서울특별시 노원구 상계동 135 한신1차아파트,커피숍,37.6660798,127.0686245
서울특별시 노원구 월계동 951 월계센트럴아이파크아파트,편의점,37.6303027,127.0573512
서울특별시 노원구 중계동 592 벽산아파트,편의점,37.6542909,127.0735576
"서울특별시 노원구 하계동 271-3 극동,건영,벽산아파트",편의점,37.6349161,127.064099
서울특별시 노원구 공릉동 621-1 수정아트,편의점,37.6199457,127.0758143
서울특별시 노원구 중계동 359-10 영광프라자,패스트푸드,37.6515201,127.076658
서울특별시 노원구 중계동 434-19,패스트푸드,37.6568416,127.0742638
서울특별시 노원구 중계동 509-1 씨앤미복합빌딩,커피숍,37.6407349,127.068151
서울특별시 노원구 월계동 392-44,편의점,37.6215451,127.0579417
서울특별시 노원구 공릉동 575-1,편의점,37.6217734,127.0728074
서울특별시 노원구 상계동 169-31 광세당약국,커피숍,37.6605933,127.0714652
서울특별시 노원구 월계동 68-65,커피숍,37.61664,127.0645638
서울특별시 노원구 월계동 276-18,편의점,37.6311732,127.0582071
서울특별시 노원구 공릉동 126 서울여자대학교,편의점,37.6281126,127.0904568
서울특별시 노원구 중계동 360-12 새롬스타빌,커피숍,37.6484948,127.0763004
서울특별시 노원구 공릉동 392-24,편의점,37.626849,127.0764873
서울특별시 노원구 상계동 407-40,커피숍,37.6603696,127.0663658
서울특별시 노원구 공릉동 708 라이프2단지상가,편의점,37.6306675,127.0679034
서울특별시 노원구 상계동 639-1 보람아파트2단지,커피숍,37.664735,127.064591
서울특별시 노원구 월계동 18 그랑빌아파트,커피숍,37.6159753,37.6159753
서울특별시 노원구 공릉동 622,커피숍,37.6196117,127.0767787
서울특별시 노원구 공릉동 345-3,커피숍,37.6240179,127.0794362
서울특별시 노원구 공릉동 108 우방아파트,편의점,37.6266495,127.0873143
서울특별시 노원구 상계동 761-1 상계백병원,커피숍,37.6485082,127.0631429
서울특별시 노원구 공릉동 420-2 공릉동평화타운,커피숍,37.6213588,127.0767343
서울특별시 노원구 상계동 389-329,커피숍,37.6601524,127.0685726
서울특별시 노원구 상계동 1310 비콘드림힐아파트,커피숍,37.6584698,127.0759574
서울특별시 노원구 상계동 651 11단지종합상가,커피숍,37.665688,127.0557151
서울특별시 노원구 상계동 720-7 마상가,커피숍,37.654261,127.066997
서울특별시 노원구 공릉동 617-3,커피숍,37.6194672,127.0755657
서울특별시 노원구 월계동 26-23,커피숍,37.6157514,127.0666232
서울특별시 노원구 중계동 434-18,커피숍,37.6568798,127.0743915
서울특별시 노원구 하계동 170-14,커피숍,37.6360353,127.0723858
서울특별시 노원구 공릉동 126 서울여자대학교,편의점,37.6281126,127.0904568
서울특별시 노원구 공릉동 230 태릉해링턴플레이스,편의점,37.6249769,127.0817616
서울특별시 노원구 공릉동 683-24,편의점,37.6183372,127.0744465
서울특별시 노원구 월계동 406 준빌딩,편의점,37.6213074,127.05946
서울특별시 노원구 상계동 389-237,커피숍,37.6588864,127.0674075
서울특별시 노원구 공릉동 670-20 노원 프레미어스 엠코,커피숍,37.6184228,127.0761631
서울특별시 노원구 상계동 701-1 노원구청,커피숍,37.6541639,127.0566603
서울특별시 노원구 공릉동 238-25,편의점,37.6233302,127.0804386
서울특별시 노원구 상계동 602-5 노원역 4호선,커피숍,37.654527,127.060551
서울특별시 노원구 중계동 366-11 노블씨티빌딩,커피숍,37.6518595,127.0777074
서울특별시 노원구 중계동 506 브라운스톤중계,커피숍,37.6399359,127.0642574
서울특별시 노원구 하계동 170-45,커피숍,37.6357922,127.0715446
서울특별시 노원구 공릉동 107-138,커피숍,37.6247123,127.0894582
서울특별시 노원구 공릉동 248-23,커피숍,37.6224705,127.0824813
서울특별시 노원구 공릉동 633-1 노원중앙교회,커피숍,37.620258,127.077346
서울특별시 노원구 공릉동 238-21 빈들에풍성한교회,커피숍,37.6237048,127.0793459
서울특별시 노원구 공릉동 172 서울과학기술대학교,커피숍,37.6316684,127.0774813
서울특별시 노원구 공릉동 568-1 CU편의점,편의점,37.6252206,127.0733887
서울특별시 노원구 상계동 647 상계주공12단지아파트,편의점,37.6652071,127.0591262
서울특별시 노원구 상계동 456-55 코럴빌딩,커피숍,37.6639295,127.0662693
서울특별시 노원구 공릉동 680-10,커피숍,37.6184173,127.075007
서울특별시 노원구 상계동 1264 은빛3단지아파트 108호,커피숍,37.6828275,127.0565974
서울특별시 노원구 하계동 273 선덕유치원,커피숍,37.6330283,127.0670978
서울특별시 노원구 중계동 107-51,커피숍,37.6511165,127.0818402
서울특별시 노원구 상계동 936-2 미네르바빌딩,커피숍,37.6710511,127.0529592
서울특별시 노원구 상계동 729 노원역 7호선,커피숍,37.6535077,127.0608068
서울특별시 노원구 중계동 606-2,커피숍,37.6585912,127.0735904
서울특별시 노원구 하계동 256-9,커피숍,37.6392594,127.0748028
서울특별시 노원구 상계동 1285 동아불암아파트,편의점,37.6669564,127.0796885
서울특별시 노원구 공릉동 513-39,커피숍,37.6250544,127.0754522
서울특별시 노원구 중계동 359-10 영광프라자,커피숍,37.6515201,127.076658
서울특별시 노원구 상계동 1285 동아불암아파트,커피숍,37.6669564,127.0796885
서울특별시 노원구 중계동 84-8 홍원빌딩,편의점,37.650082,127.0812626
서울특별시 노원구 상계동 454,편의점,37.6646067,127.0673801
서울특별시 노원구 상계동 713 롯데백화점,커피숍,37.6539831,127.0606197
서울특별시 노원구 상계동 456-129,커피숍,37.6651931,127.0665093
서울특별시 노원구 공릉동 81 분산상가,편의점,37.6302524,127.0694461
서울특별시 노원구 공릉동 670-20 노원 프레미어스 엠코,커피숍,37.6184228,127.0761631
서울특별시 노원구 중계동 137-14 보경속셈학원,커피숍,37.6622872,127.0755966
서울특별시 노원구 중계동 593 삼성아파트,커피숍,37.6488322,127.0830958
서울특별시 노원구 상계동 713 롯데백화점,커피숍,37.6539831,127.0606197
서울특별시 노원구 공릉동 575-3,커피숍,37.6215831,127.0728677
서울특별시 노원구 하계동 166-10 메카,커피숍,37.6362006,127.0744636
서울특별시 노원구 상계동 1019-10,커피숍,37.6725946,127.0570516
서울특별시 노원구 상계동 764-1 하라프라자센타,커피숍,37.646721,127.0625701
서울특별시 노원구 하계동 256-13 삼정 이오니아,커피숍,37.6398509,127.0739204
서울특별시 노원구 상계동 581-171,커피숍,37.6578823,127.0615967
서울특별시 노원구 상계동 709-2 메가빌딩,커피숍,37.6542478,127.0590425
서울특별시 노원구 하계동 256-12 욱현하이브,편의점,37.6396847,127.0741172
서울특별시 노원구 월계동 940 동원베네스트,편의점,37.6317428,127.0583476
서울특별시 노원구 상계동 173-1 벽산아파트,편의점,37.6609972,127.0724021
서울특별시 노원구 월계동 445 삼창아파트상가,편의점,37.6181778,127.0592496
서울특별시 노원구 공릉동 506-20,커피숍,37.6253609,127.0770324
서울특별시 노원구 공릉동 517-2 희래하이츠,커피숍,37.6240782,127.0753434
서울특별시 노원구 상계동 680 포레나노원,커피숍,37.6647038,127.0615193
서울특별시 노원구 중계동 142-47,커피숍,37.660306,127.0738795
서울특별시 노원구 공릉동 670-20 노원 프레미어스 엠코,커피숍,37.6184228,127.0761631
서울특별시 노원구 공릉동 437-4 공릉동비발디캐슬,커피숍,37.6294758,127.0760443
서울특별시 노원구 공릉동 170-2 한국전력공사 인재개발원,커피숍,37.6315007,127.0847007
서울특별시 노원구 중계동 509-1 씨앤미복합빌딩,커피숍,37.6407349,127.068151
서울특별시 노원구 중계동 360-9 두타빌,커피숍,37.649542,127.0763583
서울특별시 노원구 중계동 506 브라운스톤중계,커피숍,37.6399359,127.0642574
서울특별시 노원구 공릉동 120-4 공릉동 진성빌딩,커피숍,37.6220297,127.0723476
서울특별시 노원구 상계동 1132-102,커피숍,37.6775697,127.0555695
서울특별시 노원구 상계동 1132-144 수락프라자,패스트푸드,37.6774464,127.0550713
서울특별시 노원구 상계동 1107-129,커피숍,37.6763906,127.0520908
서울특별시 노원구 상계동 172 상계대림아파트,편의점,37.6594415,127.0572092
서울특별시 노원구 공릉동 670-20 노원 프레미어스 엠코,편의점,37.6184228,127.0761631
서울특별시 노원구 하계동 256-8 삼화빌딩,커피숍,37.6391161,127.0751565
서울특별시 노원구 공릉동 산 230-30,커피숍,37.6377963,127.1104991
서울특별시 노원구 중계동 143 우암에이스타워,커피숍,37.6601362,127.0751796
서울특별시 노원구 상계동 49-3,커피숍,37.6715163,127.0835062
서울특별시 노원구 중계동 361 롯데마트,커피숍,37.647217,127.070235
서울특별시 노원구 상계동 603-14 대유빌딩,커피숍,37.6563587,127.0617644
서울특별시 노원구 상계동 693-4 동익빌딩,편의점,37.6561859,127.0614912
서울특별시 노원구 공릉동 622,커피숍,37.6196117,127.0767787
서울특별시 노원구 공릉동 산 230-30,패스트푸드,37.6377963,127.1104991
서울특별시 노원구 상계동 389-356 경인빌딩,커피숍,37.659169,127.0707369
서울특별시 노원구 상계동 730-4,커피숍,37.651547,127.0609469
서울특별시 노원구 공릉동 421-19 현대프라자,커피숍,37.6268785,127.079495
서울특별시 노원구 하계동 279-5 을지병원,커피숍,37.6359915,127.0705126
서울특별시 노원구 공릉동 380-33,커피숍,37.6255874,127.0705784
서울특별시 노원구 월계동 447-1 광운대학교,커피숍,37.6197029,127.0596708
서울특별시 노원구 상계동 194-20,커피숍,37.653344,127.0708362
서울특별시 노원구 상계동 1132-2 1층,커피숍,37.677189,127.0556632
서울특별시 노원구 하계동 284 세이브존 지하1층,커피숍,37.6378658,127.068707
서울특별시 노원구 월계동 635-4 그랑디오피스텔,커피숍,37.6288897,127.0575433
서울특별시 노원구 공릉동 586-5,커피숍,37.6223318,127.0766175
서울특별시 노원구 중계동 578 현대그룹중계동주택조합2차(아),커피숍,37.6478437,127.0846471
서울특별시 노원구 상계동 140-185,커피숍,37.6642023,127.073048
서울특별시 노원구 하계동 256 중계주공9단지아파트,편의점,37.6428883,127.0737358
서울특별시 노원구 하계동 251 하계1차청구아파트,커피숍,37.6390554,127.0721805
서울특별시 노원구 공릉동 622,커피숍,37.6196117,127.0767787
서울특별시 노원구 공릉동 383-12 건양오피스텔,커피숍,37.6252572,127.0716336
서울특별시 노원구 월계동 383-19,커피숍,37.6227495,127.0596279
서울특별시 노원구 상계동 666-3 상계주공아파트(10단지),커피숍,37.6629991,127.05545
서울특별시 노원구 중계동 364-3 노원문화예술회관,커피숍,37.6501995,127.0802507
서울특별시 노원구 공릉동 126 서울여자대학교,커피숍,37.6281126,127.0904568
서울특별시 노원구 상계동 72-34 병창빌딩,커피숍,37.670274,127.0820675
서울특별시 노원구 상계동 75-20,패스트푸드,37.6696972,127.0808979
서울특별시 노원구 상계동 437 1층 좌측,커피숍,37.661067,127.0684242
서울특별시 노원구 중계동 58-34 이연아마빌레,커피숍,37.6465866,127.0826437
서울특별시 노원구 상계동 67-7,편의점,37.6705662,127.0816224
서울특별시 노원구 상계동 735 노원평생교육원,커피숍,37.6529979,127.057987
"서울특별시 노원구 중계동 364 동진,신안아파트",커피숍,37.649657,127.0782777
서울특별시 노원구 하계동 251-9 노원 에너지제로 주택,편의점,37.6382757,127.073093
서울특별시 노원구 상계동 966-1 송현빌딩,커피숍,37.6706901,127.05657
서울특별시 노원구 상계동 1313-2,커피숍,37.6869316,127.0528593
서울특별시 노원구 중계동 501-9,커피숍,37.6430009,127.0616774
서울특별시 노원구 공릉동 345-3,커피숍,37.6240179,127.0794362
서울특별시 노원구 공릉동 340-15 베에스다피아노학원,커피숍,37.6233684,127.0797719
서울특별시 노원구 중계동 359-9 마들플라자,커피숍,37.6517036,37.6517036
서울특별시 노원구 공릉동 750 녹주아파트,편의점,37.6205021,127.0727921
서울특별시 노원구 중계동 506 브라운스톤중계,커피숍,37.6399359,127.0642574
서울특별시 노원구 상계동 767-4,편의점,37.647755,127.0577479
서울특별시 노원구 상계동 1276 청암2단지아파트 상가동 104호,커피숍,37.6630526,127.0786792
서울특별시 노원구 상계동 456-82 성은주택,커피숍,37.6639845,127.0667429
서울특별시 노원구 상계동 603-14 대유빌딩,커피숍,37.6563587,127.0617644
서울특별시 노원구 상계동 140-191,커피숍,37.6642196,127.0743396
서울특별시 노원구 공릉동 440-16 도곡빌딩,커피숍,37.62914,127.0767637
서울특별시 노원구 상계동 406-5 102호,커피숍,37.6601106,127.0665611
서울특별시 노원구 상계동 751-1 상계주공4단지아파트,편의점,37.6503103,127.0666406
서울특별시 노원구 중계동 360-11 하나프라자빌딩,커피숍,37.6487757,127.076317
"서울특별시 노원구 월계동 648 인덕대학교,인덕과학기술고등학교",커피숍,37.6313747,127.0555547
서울특별시 노원구 중계동 364-19 삼부프라자 119호,편의점,37.6492209,127.0769575
