지번주소,경도,위도,업태구분명
서울특별시 노원구 상계동 649-6 1층,37.6653113,127.0579985,패스트푸드
서울특별시 노원구 상계동 389-125,37.6612609,127.0706481,편의점
서울특별시 노원구 상계동 456-51번지,37.6641175,127.066333,편의점
서울특별시 노원구 상계동 669 1층,37.6615829,127.0570969,패스트푸드
서울특별시 노원구 월계동 50-29번지 1층,37.6149069,127.0640514,패스트푸드
서울특별시 노원구 상계동 617번지 1층,37.6556813,127.0623264,패스트푸드
서울특별시 노원구 상계동 763-2 장우빌딩 1층,37.6483254,127.0620718,패스트푸드
서울특별시 노원구 중계동 364-14 청암상가빌딩,37.6481989,127.0784708,패스트푸드
서울특별시 노원구 하계동 284 세이브존,37.6378658,127.068707,패스트푸드
"서울특별시 노원구 중계동 359-14 원광빌딩 1,2층",37.6508704,127.0760059,패스트푸드
서울특별시 노원구 월계동 285-13번지 현주프라자 1층,37.6296546,127.0586337,패스트푸드
서울특별시 노원구 중계동 509-0번지 (주)이천일아울렛지하1층,37.6413039,127.0679877,패스트푸드
서울특별시 노원구 공릉동 653-5번지,37.619162,127.0788975,패스트푸드
서울특별시 노원구 상계동 684-0,37.6641181,127.0655654,패스트푸드
서울특별시 노원구 상계동 599-0번지,37.6559978,127.0628614,커피숍
서울특별시 노원구 공릉동 126 서울여자대학교 1층 가은 학생누리관동,37.6281126,127.0904568,패스트푸드
서울특별시 노원구 중계동 517번지,37.6472951,127.0702749,패스트푸드
서울특별시 노원구 중계동 359-8번지,37.6521755,127.0771914,편의점
서울특별시 노원구 공릉동 633-15번지,37.6193465,127.0778318,편의점
서울특별시 노원구 상계동 735-6번지,37.6532766,127.0590564,편의점
서울특별시 노원구 상계동 651-4번지,37.666557,127.0569221,편의점
서울특별시 노원구 중계동 366-6번지 그랜드프라자 117호,37.6508596,127.0770963,패스트푸드
서울특별시 노원구 상계동 724번지,37.6543208,127.0621574,편의점
서울특별시 노원구 중계동 509-1번지 지하1층,37.6407489,127.0682363,패스트푸드
서울특별시 노원구 중계동 509-1번지 씨엔미 106호,37.6407489,127.0682363,패스트푸드
서울특별시 노원구 중계동 360-11번지 하나프라자 105호,37.6487645,127.0763385,커피숍
서울특별시 노원구 월계동 469-3번지 금혁빌딩 106호,37.6190666,127.0576031,커피숍
서울특별시 노원구 상계동 728-3번지 103호,37.6525437,127.0615355,패스트푸드
서울특별시 노원구 월계동 333-1번지,37.6273402,127.0618582,패스트푸드
서울특별시 노원구 월계동 55-7번지,37.6159655,127.0635077,패스트푸드
서울특별시 노원구 중계동 509번지 2001아울렛8층,37.6413039,127.0679877,패스트푸드
서울특별시 노원구 공릉동 441-152번지 1층,37.6277024,127.0775641,패스트푸드
서울특별시 노원구 공릉동 517-28,37.6235888,127.0743985,패스트푸드
서울특별시 노원구 중계동 364-24번지 오성프라자102호,37.6504487,127.0777705,커피숍
"서울특별시 노원구 중계동 360-6 중계중흥빌딩 1층 103호, 2층 203호",37.6504871,127.0759853,커피숍
서울특별시 노원구 하계동 284번지 5층,37.6378658,127.068707,커피숍
서울특별시 노원구 상계동 292-1번지 와우쇼핑몰 1층,37.6553676,127.0639688,커피숍
서울특별시 노원구 상계동 730-5 108호,37.6529411,127.0605151,커피숍
"서울특별시 노원구 상계동 717번지 삼용빌딩 1,2층",37.6551168,127.0631328,커피숍
서울특별시 노원구 공릉동 434-2번지 청교프라자,37.62964,127.0756804,커피숍
"서울특별시 노원구 공릉동 89-1번지 대덕프라자, 1~2층 117,208호",37.6208105,127.0836023,커피숍
서울특별시 노원구 중계동 509-2번지 홈플러스 1층,37.6399182,127.0686084,커피숍
서울특별시 노원구 공릉동 424-2번지,37.6274909,127.0780546,커피숍
서울특별시 노원구 중계동 143번지 우암에이스 102호,37.660263,127.0753269,패스트푸드
서울특별시 노원구 공릉동 172 제2학생회관1층 105호,37.6329741,127.0798802,편의점
서울특별시 노원구 상계동 322-14번지,37.6559321,127.0674249,커피숍
서울특별시 노원구 상계동 713 외 1필지,37.6551438,127.0610785,커피숍
서울특별시 노원구 중계동 359-11 성모빌딩 1층,37.6511746,127.0764616,커피숍
서울특별시 노원구 공릉동 661-1번지,37.6189341,127.0772489,커피숍
서울특별시 노원구 공릉동 680-9번지 태릉성심종합병원,37.6182424,127.074916,커피숍
서울특별시 노원구 공릉동 111 화랑타운아파트,37.623938,127.086694,커피숍
서울특별시 노원구 상계동 730-5번지 일신프라자 106호,37.6529411,127.0605151,커피숍
서울특별시 노원구 상계동 1118-53번지 1층,37.6756548,127.0550133,패스트푸드
서울특별시 노원구 중계동 154-8,37.6600844,127.0748469,편의점
서울특별시 노원구 중계동 506번지 브라운스톤 165호,37.6399359,127.0642574,패스트푸드
서울특별시 노원구 상계동 651번지 상계주공11단지 종합상가105호,37.6658552,127.0570269,패스트푸드
서울특별시 노원구 공릉동 388-3번지 1층,37.6263979,127.0743527,패스트푸드
서울특별시 노원구 하계동 354번지 학여울청구아파트상가 1층동 27호,37.6363492,127.0613398,패스트푸드
서울특별시 노원구 월계동 287-11번지,37.6282394,127.0567599,커피숍
"서울특별시 노원구 상계동 724-1 길빌딩 201호, 202호, 203호, 204호, 205호",37.6543867,127.062431,커피숍
서울특별시 노원구 월계동 321-2번지 희성프라자 B동 125호,37.6309352,127.061014,커피숍
서울특별시 노원구 공릉동 107-135 보나펠리체,37.6243997,127.0896688,커피숍
서울특별시 노원구 월계동 62-7,37.6158796,127.064947,커피숍
서울특별시 노원구 상계동 725-1번지 301호,37.654039,127.0624667,커피숍
서울특별시 노원구 월계동 50-29번지 1층,37.6149069,127.0640514,커피숍
서울특별시 노원구 상계동 724 근호빌딩 1층,37.6543034,127.062181,커피숍
서울특별시 노원구 공릉동 383-7번지 101호,37.6260408,127.0724058,편의점
서울특별시 노원구 상계동 734-1 혜룡빌딩 103호,37.6532867,127.0579391,커피숍
서울특별시 노원구 월계동 633-61번지 지상1층,37.6380564,127.0503032,커피숍
서울특별시 노원구 월계동 18번지 그랑빌아파트 주상가129호,37.6178025,127.0685682,커피숍
서울특별시 노원구 공릉동 380-51,37.6259292,127.0711022,커피숍
서울특별시 노원구 중계동 82-10번지 지상1층,37.6494818,127.081895,패스트푸드
"서울특별시 노원구 중계동 364-19 삼부프라자 지하1,1층",37.6492209,127.0769575,커피숍
서울특별시 노원구 중계동 360-15 104호,37.6485878,127.0742954,편의점
"서울특별시 노원구 상계동 1262 하이베라스 117,118호",37.6791891,127.0549866,편의점
서울특별시 노원구 월계동 496-3번지 성진빌딩 1층,37.6194153,127.057315,커피숍
서울특별시 노원구 공릉동 90-4번지,37.6219864,127.0866205,커피숍
서울특별시 노원구 공릉동 238-47번지 (공릉로38길 6),37.6231539,127.079744,커피숍
서울특별시 노원구 중계동 152-5,37.6598377,127.0756577,커피숍
서울특별시 노원구 상계동 617번지 가동 1층 15호,37.6556813,127.0623264,커피숍
서울특별시 노원구 월계동 13번지 삼호종합상가 나동 102호,37.6244076,127.0655937,커피숍
서울특별시 노원구 공릉동 609-55번지 아이디하우스 1층,37.6182801,127.0730939,커피숍
서울특별시 노원구 상계동 1049-5번지 청운빌딩 1층,37.6747872,127.0541887,커피숍
서울특별시 노원구 중계동 506-1번지 건영백화점 1층,37.6388263,127.0647546,커피숍
서울특별시 노원구 상계동 111-475번지 명륜빌딩 2층,37.6708294,127.0799844,커피숍
서울특별시 노원구 중계동 68-5번지 외 1필지 103호,37.6482535,127.0836299,커피숍
서울특별시 노원구 중계동 137-39 정진아트리움아파트상가 101동 109호,37.6620331,127.075495,커피숍
"서울특별시 노원구 중계동 584-1번지 삼창프라자 106, 107, 108호",37.6590252,127.0727632,커피숍
"서울특별시 노원구 상계동 1132-107번지 1,2층",37.6771046,127.0556192,패스트푸드
서울특별시 노원구 공릉동 617-7번지,37.6188279,127.0756298,커피숍
"서울특별시 노원구 월계동 410-1 105,106,107,202,302,402호",37.6231526,127.0606552,커피숍
서울특별시 노원구 상계동 173-1번지 상계종합벽산상가 108동 14호,37.6612726,127.0726949,커피숍
서울특별시 노원구 상계동 995번지 한신아파트 제상가동 101호,37.6729841,127.0592029,커피숍
서울특별시 노원구 상계동 1258번지 희성오피앙,37.6805541,127.0548996,편의점
서울특별시 노원구 공릉동 421-15번지 윤탁노블레스 106호,37.6270994,127.079923,커피숍
서울특별시 노원구 상계동 723번지 1층,37.6544503,127.0636915,패스트푸드
"서울특별시 노원구 공릉동 742번지 효성아파트 상가동 108, 109호",37.6240574,127.0807634,커피숍
서울특별시 노원구 월계동 469-28번지,37.6184648,127.057204,패스트푸드
서울특별시 노원구 상계동 723,37.6544503,127.0636915,커피숍
서울특별시 노원구 상계동 651 11단지종합상가,37.665688,127.0557151,커피숍
"서울특별시 노원구 하계동 78-1 서울과학기술대 제1학생회관 111,111-1호",37.6345237,127.0772813,편의점
서울특별시 노원구 중계동 584-1번지 삼창타워프라자 116호,37.659053,127.0726521,커피숍
"서울특별시 노원구 중계동 509-1번지 지상3층, 씨앤미306호",37.6407489,127.0682363,커피숍
"서울특별시 노원구 상계동 672번지 지상 1, 2층",37.6612312,127.0605602,커피숍
서울특별시 노원구 상계동 652-2번지 4층,37.666982,127.0542975,커피숍
서울특별시 노원구 중계동 517번지 지상2층,37.6472951,127.0702749,커피숍
서울특별시 노원구 월계동 435-11번지,37.6167007,127.0626387,커피숍
서울특별시 노원구 월계동 58-2번지 2층,37.6156139,127.0641084,커피숍
서울특별시 노원구 상계동 1122-6번지 지상1층,37.674914,127.0595938,커피숍
서울특별시 노원구 공릉동 386-6번지 지상1층,37.6262167,127.0733066,커피숍
"서울특별시 노원구 상계동 763-3 대한빌딩, 1층, 2층",37.6481585,127.0621573,커피숍
서울특별시 노원구 공릉동 633-17 성종빌딩,37.6196188,127.0778497,커피숍
서울특별시 노원구 월계동 333-1,37.6273402,127.0618582,커피숍
서울특별시 노원구 상계동 1119-88번지 1-2층,37.6754705,127.0555978,커피숍
서울특별시 노원구 상계동 107-1793번지,37.6664554,127.0801444,커피숍
서울특별시 노원구 공릉동 208-5번지,37.6274642,127.0785765,패스트푸드
서울특별시 노원구 하계동 284번지 세이브존 노원점 지하1층,37.6378658,127.068707,패스트푸드
서울특별시 노원구 중계동 359-11번지 성모빌딩 501호,37.6511746,127.0764616,커피숍
서울특별시 노원구 상계동 456-99번지,37.6629886,127.0667512,패스트푸드
서울특별시 노원구 중계동 503번지 중계그린아파트 B상가동 116호,37.6415758,127.0635039,커피숍
서울특별시 노원구 상계동 712 1층,37.6547654,127.060017,커피숍
서울특별시 노원구 공릉동 398-21번지 남경빌딩,37.6246808,127.0729394,커피숍
서울특별시 노원구 공릉동 617-7번지 101호,37.6188279,127.0756298,커피숍
서울특별시 노원구 상계동 580-9 도봉면허시험장 1층,37.6579685,127.0588244,커피숍
서울특별시 노원구 공릉동 441-19번지 세림빌딩,37.6278624,127.0776525,패스트푸드
서울특별시 노원구 중계동 583번지 중계동금호타운상가동 101호,37.6470263,127.0812771,편의점
서울특별시 노원구 월계동 912-3번지,37.6324577,127.0429521,커피숍
서울특별시 노원구 중계동 509번지 이천일아울렛,37.6413039,127.0679877,커피숍
서울특별시 노원구 공릉동 615-22번지 영흥빌딩,37.6196134,127.0745975,커피숍
서울특별시 노원구 상계동 156-6번지 3층,37.6624978,127.0727803,커피숍
서울특별시 노원구 상계동 1116-74번지 102호,37.6761423,127.0571793,커피숍
"서울특별시 노원구 공릉동 240-250번지 지상1층, 지하1층",37.6208425,127.0830671,패스트푸드
서울특별시 노원구 공릉동 27-11번지 지상1층,37.6264783,127.0943375,커피숍
서울특별시 노원구 하계동 78-1 제1학생회관 1층,37.6345237,127.0772813,커피숍
서울특별시 노원구 상계동 456-133번지,37.6647798,127.0664431,패스트푸드
서울특별시 노원구 공릉동 89-1번지,37.6208105,127.0836023,패스트푸드
서울특별시 노원구 월계동 85번지,37.6234098,127.0622569,패스트푸드
서울특별시 노원구 상계동 1255번지 은빛아파트 상가동 104호,37.6815167,127.0538446,패스트푸드
"서울특별시 노원구 상계동 341-5 큐비스트빌딩 B101, 101, 201",37.6563246,127.0643071,커피숍
서울특별시 노원구 상계동 111-491번지,37.6708411,127.0803776,커피숍
서울특별시 노원구 공릉동 350-16번지 1층 101호,37.6247095,127.0778703,패스트푸드
서울특별시 노원구 상계동 177-99번지,37.6566213,127.0690787,커피숍
서울특별시 노원구 상계동 1054-6번지 1층,37.6732721,127.0517363,커피숍
서울특별시 노원구 중계동 361-1번지 롯데우성아파트상가 201호,37.6468287,127.0728289,커피숍
서울특별시 노원구 상계동 169-292번지,37.6587417,127.0703028,커피숍
서울특별시 노원구 상계동 620-1번지,37.6694488,127.0504336,커피숍
서울특별시 노원구 공릉동 557-22번지 102호,37.6244488,127.0767369,편의점
서울특별시 노원구 하계동 251번지 하계1차청구아파트 205동 106호,37.6390554,127.0721805,패스트푸드
서울특별시 노원구 상계동 751-4번지 아라빌딩 2층,37.6521365,127.0654852,커피숍
서울특별시 노원구 상계동 1102-1번지,37.6752493,127.0541707,편의점
서울특별시 노원구 공릉동 90-4번지 우토파크프라자 1층 GS슈퍼 내,37.6218823,127.0865752,커피숍
서울특별시 노원구 중계동 364-22번지,37.6504079,127.0770904,커피숍
서울특별시 노원구 중계동 366번지,37.6519314,127.0795434,커피숍
"서울특별시 노원구 중계동 505번지 롯데상가 4층 6,7호",37.639083,127.0637924,커피숍
서울특별시 노원구 상계동 111-84번지 2구역 22블럭31롯트,37.6707124,127.0780354,커피숍
서울특별시 노원구 상계동 603-2번지 A동 103호,37.6570026,127.0618733,커피숍
서울특별시 노원구 상계동 95-199번지 1층,37.6636282,127.0764046,패스트푸드
서울특별시 노원구 상계동 763-6번지,37.6486893,127.0618793,커피숍
서울특별시 노원구 중계동 84-19,37.6498756,127.0825982,커피숍
서울특별시 노원구 하계동 213-1번지 1층,37.6406902,127.0702533,커피숍
서울특별시 노원구 하계동 273,37.6337017,127.0678655,커피숍
서울특별시 노원구 상계동 389-50번지,37.6590229,127.0671534,편의점
서울특별시 노원구 중계동 606번지,37.6591605,127.0744704,커피숍
서울특별시 노원구 공릉동 593-1번지 1층,37.6211893,127.075667,편의점
서울특별시 노원구 상계동 1267번지 토마토파르코 104호,37.6801858,127.0558304,커피숍
서울특별시 노원구 상계동 292-1번지 와우쇼핑몰3층,37.6553676,127.0639688,커피숍
서울특별시 노원구 상계동 729 지하1층 1720호,37.6535077,127.0608068,패스트푸드
서울특별시 노원구 월계동 905-10번지 외 1필지(1층),37.6321723,127.0443699,커피숍
서울특별시 노원구 상계동 764-1번지,37.6467419,127.0626243,커피숍
서울특별시 노원구 월계동 25-2번지 석계역 6호선 지하2층,37.6150815,127.0657675,커피숍
"서울특별시 노원구 상계동 1022 1층, 2층",37.6723792,127.0561814,패스트푸드
서울특별시 노원구 중계동 359-7번지 주공5단지2상가 101호,37.6515734,127.0749806,커피숍
서울특별시 노원구 공릉동 437-2번지,37.629584,127.0763951,편의점
서울특별시 노원구 하계동 251 하계1차청구아파트 제206동제 1층 101호,37.6390554,127.0721805,커피숍
"서울특별시 노원구 중계동 506번지 브라운스톤중계상가 171,172호",37.6399359,127.0642574,커피숍
서울특별시 노원구 상계동 767-6번지 상계주공1단지 유치원 1층,37.6472467,127.0595377,커피숍
서울특별시 노원구 하계동 208-27번지,37.6390993,127.0698735,커피숍
"서울특별시 노원구 공릉동 435-2번지 1,2,3층",37.6297189,127.0761329,패스트푸드
서울특별시 노원구 상계동 169-542번지 하나은행,37.6742103,127.0842054,커피숍
서울특별시 노원구 중계동 360-9번지 두타빌 A동 109호,37.649542,127.0763583,커피숍
서울특별시 노원구 상계동 1264번지 은빛3단지아파트상가,37.6828275,127.0565974,편의점
"서울특별시 노원구 상계동 332-1 1층, 지하1층",37.6558914,127.0639904,커피숍
서울특별시 노원구 상계동 374-1번지 2층,37.6576117,127.0673792,커피숍
서울특별시 노원구 공릉동 26-17 국제스케이트장,37.637175,127.1058764,커피숍
서울특별시 노원구 공릉동 379-21번지 2층,37.6265491,127.0721551,커피숍
서울특별시 노원구 공릉동 87-5번지 공릉청소년문화센터1층,37.6215868,127.0830663,커피숍
서울특별시 노원구 하계동 64-9번지,37.6367405,127.0762311,편의점
서울특별시 노원구 월계동 333-1 월계점1버블티,37.6273402,127.0618582,커피숍
서울특별시 노원구 상계동 1119-51번지 1층,37.6754978,127.0561027,커피숍
"서울특별시 노원구 월계동 18번지 한진한화그랑빌아파트주상가동 116호,117호",37.6178025,127.0685682,패스트푸드
서울특별시 노원구 중계동 360-6 1층 104호,37.6504871,127.0759853,커피숍
"서울특별시 노원구 공릉동 238-48 1층. 7,8호",37.623032,127.0795563,커피숍
서울특별시 노원구 월계동 409-16 세영전자학원,37.6219243,127.0597199,패스트푸드
서울특별시 노원구 공릉동 248-8번지 서광빌딩 1층,37.6229669,127.0810212,편의점
서울특별시 노원구 상계동 1141-12번지 1층,37.6784574,127.053067,커피숍
서울특별시 노원구 상계동 727번지 덕영빌딩 102호,37.6542263,127.0617322,커피숍
서울특별시 노원구 상계동 602-2번지 2호,37.6569092,127.0621575,커피숍
서울특별시 노원구 중계동 142-49번지 1층,37.6602447,127.0737217,커피숍
서울특별시 노원구 공릉동 715,37.6272664,127.0686136,편의점
서울특별시 노원구 월계동 469-28,37.6184648,127.057204,편의점
서울특별시 노원구 상계동 749-8 삼양빌딩 101호,37.6492471,127.0624077,커피숍
서울특별시 노원구 상계동 713번지 롯데백화점노원점 지하1층,37.6551438,127.0610785,패스트푸드
서울특별시 노원구 중계동 434-2번지 현대종합상가 1층 127호,37.6562734,127.0734915,커피숍
서울특별시 노원구 상계동 603-14번지 대유빌딩 1층 107호,37.6563587,127.0617644,커피숍
서울특별시 노원구 상계동 111-646번지,37.670607,127.0793321,커피숍
서울특별시 노원구 상계동 733번지,37.6533517,127.0593947,커피숍
서울특별시 노원구 상계동 51-4번지 재개발사업지구내 1층,37.6878606,127.0566594,커피숍
서울특별시 노원구 중계동 360-7번지 1층 107호,37.6504239,127.0763502,패스트푸드
서울특별시 노원구 공릉동 653-6번지 1층,37.6193588,127.079037,편의점
서울특별시 노원구 중계동 107-38번지 불암위드빌 101호,37.6512071,127.0825531,커피숍
서울특별시 노원구 상계동 649 주공12단지상가 113호,37.6659969,127.0579017,패스트푸드
서울특별시 노원구 상계동 409-15번지 강원빌딩 1층 우측코너,37.6591084,127.0643196,패스트푸드
서울특별시 노원구 하계동 158-5번지 1층,37.635126,127.0720116,커피숍
서울특별시 노원구 상계동 323-9번지 4층,37.6558386,127.0653415,커피숍
서울특별시 노원구 상계동 1048-6번지 1층,37.6736727,127.0528512,편의점
"서울특별시 노원구 상계동 626-1번지 주공14단지상가 101호, 102호, 103호",37.6697212,127.0594254,편의점
서울특별시 노원구 상계동 135-20번지 1층,37.6660506,127.0694165,편의점
서울특별시 노원구 공릉동 684-62번지 1층,37.6177879,127.0737207,편의점
서울특별시 노원구 월계동 922번지 서광상가 105호,37.6231407,127.064912,패스트푸드
서울특별시 노원구 중계동 366-6 중계그랜드프라자 209호,37.6508596,127.0770963,패스트푸드
서울특별시 노원구 중계동 506번지 141-2호,37.6399359,127.0642574,커피숍
서울특별시 노원구 중계동 503번지 1층,37.642026,127.0641086,편의점
서울특별시 노원구 상계동 169-31번지 1층,37.6605933,127.0714652,커피숍
서울특별시 노원구 상계동 177-86,37.6569143,127.0687317,커피숍
서울특별시 노원구 상계동 648번지 남측호,37.6650508,127.0593489,커피숍
서울특별시 노원구 상계동 1267번지 파르코상가 1층 20호,37.6801858,127.0558304,편의점
서울특별시 노원구 월계동 655-14번지,37.6317117,127.0574016,커피숍
서울특별시 노원구 중계동 157-5번지 데미안빌딩,37.6582084,127.0742836,커피숍
서울특별시 노원구 중계동 506번지,37.6399359,127.0642574,편의점
서울특별시 노원구 상계동 348-6,37.656837,127.0648412,커피숍
서울특별시 노원구 중계동 506,37.6399359,127.0642574,커피숍
서울특별시 노원구 상계동 733-2번지 102호,37.6534592,127.059882,편의점
서울특별시 노원구 월계동 272-38번지 1층,37.6331323,127.0585812,편의점
서울특별시 노원구 하계동 279-7번지,37.6350486,127.0702037,편의점
서울특별시 노원구 상계동 169-130번지,37.6618353,127.0721514,커피숍
서울특별시 노원구 상계동 728-3번지 109호,37.6525437,127.0615355,편의점
서울특별시 노원구 월계동 66-4,37.6169227,127.0644131,편의점
서울특별시 노원구 중계동 359-1번지 중계5단지주공아파트 110호,37.645112,127.06411,편의점
서울특별시 노원구 중계동 359-1번지 지층,37.652831,127.0759265,커피숍
서울특별시 노원구 공릉동 621-16번지 1층,37.6189598,127.0762357,커피숍
서울특별시 노원구 상계동 456-55번지 코럴빌딩,37.6639295,127.0662693,커피숍
서울특별시 노원구 상계동 155-5번지,37.6636385,127.0729556,커피숍
서울특별시 노원구 중계동 157-48번지 1층,37.6584511,127.0766999,편의점
서울특별시 노원구 상계동 134-38번지 지하1층,37.6669311,127.0695858,커피숍
서울특별시 노원구 공릉동 312-23번지,37.6272567,127.0706407,편의점
서울특별시 노원구 상계동 726-1번지 일신상가 1층,37.6538312,127.0617367,편의점
서울특별시 노원구 중계동 362-1 중계8단지주공아파트,37.6460531,127.0753182,편의점
서울특별시 노원구 중계동 366-4번지 201호,37.6508676,127.077805,커피숍
서울특별시 노원구 중계동 154-14번지,37.6603591,127.0741356,편의점
"서울특별시 노원구 중계동 366-15번지 101,102,103호",37.6511373,127.077782,편의점
서울특별시 노원구 상계동 389-491,37.6583736,127.0691579,편의점
서울특별시 노원구 공릉동 585-20번지 102호,37.621632,127.0763692,편의점
서울특별시 노원구 하계동 251-4번지 인정빌딩 104호,37.6401942,127.0727915,커피숍
서울특별시 노원구 상계동 373-86번지 1층,37.6571039,127.0675577,커피숍
서울특별시 노원구 중계동 509-1번지 105호,37.6407489,127.0682363,편의점
서울특별시 노원구 상계동 711-13번지,37.6550933,127.0599595,편의점
서울특별시 노원구 공릉동 499-3번지 1층,37.6250968,127.0736047,패스트푸드
서울특별시 노원구 상계동 723번지,37.6544503,127.0636915,편의점
서울특별시 노원구 상계동 746-4번지 101호,37.6504175,127.0612655,커피숍
서울특별시 노원구 상계동 327-4번지,37.6559636,127.0643458,편의점
서울특별시 노원구 중계동 591번지 대호프라자 128호,37.6597473,127.0731798,커피숍
서울특별시 노원구 중계동 506번지,37.6399359,127.0642574,편의점
서울특별시 노원구 상계동 389-557,37.6589468,127.0676197,패스트푸드
서울특별시 노원구 공릉동 569-21,37.6220549,127.0728039,커피숍
서울특별시 노원구 상계동 111-120번지,37.6701545,127.0784207,편의점
"서울특별시 노원구 상계동 603-2번지 105,209,210,211,212호",37.6570026,127.0618733,커피숍
서울특별시 노원구 공릉동 172번지 서울과학기술대학교 성림학사 지하1층,37.6352665,127.0759053,커피숍
서울특별시 노원구 공릉동 383-1번지,37.6257525,127.0714731,편의점
서울특별시 노원구 공릉동 415-65번지,37.6245973,127.0783615,편의점
서울특별시 노원구 중계동 360-6번지 105호,37.6504871,127.0759853,커피숍
서울특별시 노원구 상계동 77-116번지 101호,37.6686257,127.0816515,편의점
서울특별시 노원구 상계동 1105-70,37.6764155,127.0536488,편의점
서울특별시 노원구 상계동 1280번지 희락상가아파트 106호,37.6711782,127.0572305,커피숍
서울특별시 노원구 상계동 617번지 1층 가동 15호,37.6556813,127.0623264,커피숍
"서울특별시 노원구 하계동 62번지 지하1층,지상1층",37.6360814,127.0746799,커피숍
서울특별시 노원구 상계동 1113-51번지,37.6766079,127.0543904,편의점
서울특별시 노원구 상계동 716-3번지 203호,37.6550273,127.0626307,패스트푸드
서울특별시 노원구 공릉동 622 구검찰청 신관C동 1층,37.6196117,127.0767787,커피숍
서울특별시 노원구 상계동 730-5번지 일신프라자 104호,37.6529411,127.0605151,커피숍
서울특별시 노원구 상계동 1008-34번지,37.6741059,127.0569101,편의점
서울특별시 노원구 상계동 705-2번지,37.6541009,127.0582177,편의점
서울특별시 노원구 중계동 508번지 서울시립 북서울미술관,37.6401154,127.067112,커피숍
서울특별시 노원구 중계동 423-40번지 104호,37.6521826,127.0724569,커피숍
서울특별시 노원구 상계동 1049-25번지,37.6745985,127.0537007,커피숍
서울특별시 노원구 중계동 366 라이프청구신동아아파트,37.6519337,127.0795233,커피숍
서울특별시 노원구 상계동 389-570번지,37.6588083,127.0688912,커피숍
서울특별시 노원구 공릉동 126 서울여자대학교 지하1층 대강당동,37.6281126,127.0904568,커피숍
서울특별시 노원구 공릉동 506-1번지,37.6252953,127.07672,편의점
서울특별시 노원구 상계동 155-13번지,37.6632238,127.0735239,편의점
서울특별시 노원구 공릉동 747번지 101호~105호,37.6209348,127.0798784,편의점
서울특별시 노원구 공릉동 596-34번지 103호,37.621059,127.075197,커피숍
"서울특별시 노원구 상계동 1262번지 하이베라스 217호, 218호",37.679119,127.0548865,커피숍
서울특별시 노원구 상계동 693-4번지 2층 1호,37.6561859,127.0614912,커피숍
서울특별시 노원구 공릉동 408-4번지 건설빌딩 2충,37.617697,127.0791804,커피숍
서울특별시 노원구 중계동 89-3번지,37.6498057,127.0828047,커피숍
서울특별시 노원구 상계동 321-22번지 1층,37.6555619,127.0695101,커피숍
서울특별시 노원구 중계동 364-20번지 103호,37.6499887,127.0770075,커피숍
서울특별시 노원구 월계동 466번지 동해예술회관,37.6201425,127.0573459,패스트푸드
서울특별시 노원구 공릉동 386-3번지,37.626225,127.0738247,편의점
"서울특별시 노원구 월계동 780번지 청백상가 104,5호",37.6317699,127.0501857,패스트푸드
"서울특별시 노원구 상계동 720-7번지 110,111,112호",37.654261,127.066997,편의점
서울특별시 노원구 월계동 655-11번지 2층,37.6321451,127.0571658,패스트푸드
서울특별시 노원구 월계동 290-1번지 ID시티,37.6298151,127.0588466,커피숍
서울특별시 노원구 상계동 1120-88번지,37.6752479,127.05764,편의점
서울특별시 노원구 공릉동 172번지 서울과학기술대학교 지하1층 누리학사동,37.6329741,127.0798802,커피숍
서울특별시 노원구 중계동 362-3번지 중계8단지@상가 102호,37.6460531,127.0753182,커피숍
서울특별시 노원구 상계동 637-1번지 상계주공아파트13단지복합상가 121호,37.6503103,127.0666406,커피숍
서울특별시 노원구 공릉동 215-4번지 원자력병원 1층,37.6283978,127.0822704,커피숍
서울특별시 노원구 월계동 17번지 미성상가 112호,37.6212796,127.0676557,편의점
서울특별시 노원구 상계동 456-99번지,37.6629886,127.0667512,편의점
서울특별시 노원구 공릉동 408-89번지,37.625943,127.0784218,편의점
서울특별시 노원구 월계동 375-2번지 1층,37.6243727,127.0598791,편의점
서울특별시 노원구 공릉동 215-4번지 2층,37.6283978,127.0822704,커피숍
서울특별시 노원구 월계동 379-36번지 1층 일분,37.6231319,127.0604221,패스트푸드
서울특별시 노원구 상계동 1258번지 희성오피앙 119호,37.6802697,127.0548888,패스트푸드
서울특별시 노원구 공릉동 609-37번지 101호,37.6194108,127.0732204,커피숍
서울특별시 노원구 상계동 1414번지,37.6729909,127.0703498,커피숍
서울특별시 노원구 월계동 534-170번지,37.6230285,127.0524627,편의점
서울특별시 노원구 상계동 135-14번지,37.6665942,127.0696978,편의점
서울특별시 노원구 월계동 557 월계2단지 일반상가동 1층 3호,37.6243346,127.0499053,편의점
서울특별시 노원구 공릉동 661-9번지,37.6187612,127.0781096,패스트푸드
서울특별시 노원구 상계동 372-5 1층일부,37.6568648,127.0671073,커피숍
서울특별시 노원구 공릉동 644-24번지 101호,37.6206428,127.0785209,커피숍
서울특별시 노원구 하계동 143-7,37.6336077,127.0724488,커피숍
서울특별시 노원구 월계동 472-45번지 1층,37.618081,127.0574256,커피숍
"서울특별시 노원구 상계동 617-2번지 1층 2,3호",37.6553109,127.0625343,커피숍
서울특별시 노원구 상계동 449-8번지 1층,37.6640024,127.0669318,패스트푸드
서울특별시 노원구 월계동 898-4번지,37.6315437,127.0434173,편의점
서울특별시 노원구 월계동 1-1,37.622,127.0693923,커피숍
서울특별시 노원구 중계동 606번지 한화꿈에그린 더퍼스트상가 101호,37.6597665,127.0748172,패스트푸드
서울특별시 노원구 상계동 994번지,37.6716699,127.0580313,편의점
서울특별시 노원구 상계동 169-417번지 1층,37.6620659,127.0696985,패스트푸드
"서울특별시 노원구 상계동 1312 3단지상가 105,6호",37.6874481,127.0532558,편의점
서울특별시 노원구 중계동 363-2 중계주공7단지 상가동 103호,37.6478337,127.0792266,편의점
서울특별시 노원구 공릉동 670-7 6.7디벨리움 101호,37.6182964,127.0765664,편의점
서울특별시 노원구 상계동 749번지 2층,37.6513068,127.061782,커피숍
서울특별시 노원구 상계동 735-2번지 대성빌딩 1층 1호,37.6530889,127.0582112,편의점
서울특별시 노원구 상계동 1267 토마토파르코 114호,37.6801858,127.0558304,커피숍
"서울특별시 노원구 공릉동 379-20 샘병원빌딩 지하1,1층",37.626701,127.0720804,패스트푸드
서울특별시 노원구 상계동 740-3번지 1층,37.6502137,127.0568875,편의점
서울특별시 노원구 하계동 274-1 웅천종합상가,37.6331257,127.0711863,커피숍
서울특별시 노원구 하계동 179-25 1층,37.6358931,127.0711875,커피숍
서울특별시 노원구 상계동 354-11번지,37.6569632,127.0636089,커피숍
서울특별시 노원구 상계동 593-1 101호,37.6572049,127.0623355,커피숍
서울특별시 노원구 상계동 386-4번지,37.6578123,127.0676065,커피숍
서울특별시 노원구 월계동 447-1번지 광운대 80주념기념관 지하1층,37.6197029,127.0596708,커피숍
"서울특별시 노원구 공릉동 379-27 1,2층",37.6263916,127.0722976,커피숍
서울특별시 노원구 상계동 335번지 105호,37.6561166,127.0634642,커피숍
서울특별시 노원구 상계동 173-1 벽산상가 108동 18호,37.6614765,127.0728242,커피숍
서울특별시 노원구 상계동 719-1,37.6547314,127.0625381,커피숍
서울특별시 노원구 상계동 694 1층,37.6607248,127.0569722,커피숍
서울특별시 노원구 월계동 390-35번지 1층 나동,37.6220123,127.0590952,패스트푸드
서울특별시 노원구 중계동 426-38번지 3층,37.6530677,127.0735446,커피숍
"서울특별시 노원구 월계동 648 인덕대학교 연지스퀘어, 지하1층",37.6299571,127.0555019,커피숍
서울특별시 노원구 공릉동 111번지 1층 101호,37.6236127,127.0885326,편의점
서울특별시 노원구 하계동 76-5번지 1층,37.6356707,127.0744184,커피숍
서울특별시 노원구 상계동 1117-2번지,37.6773264,127.0562575,커피숍
서울특별시 노원구 상계동 1098-1 스위트리아,37.6767586,127.0519646,커피숍
서울특별시 노원구 공릉동 684-11번지 금성빌딩,37.6173358,127.0729311,편의점
서울특별시 노원구 공릉동 240-223번지,37.6214089,127.0826538,편의점
서울특별시 노원구 월계동 749번지,37.642487,127.0499178,커피숍
서울특별시 노원구 월계동 922번지 서광아파트,37.6231537,127.064903,편의점
서울특별시 노원구 공릉동 649-4,37.6194432,127.0801986,패스트푸드
서울특별시 노원구 하계동 251-9 1층,37.638647,127.0728926,커피숍
서울특별시 노원구 공릉동 441-91 1층,37.6269921,127.0786657,커피숍
서울특별시 노원구 중계동 93-28번지 중계본동 지역아동센터 1층,37.6506884,127.0826842,커피숍
서울특별시 노원구 공릉동 172번지 서울과학기술대학교 1층 서울테크노파크동,37.6316684,127.0774813,편의점
서울특별시 노원구 월계동 648번지 인덕대학연지스퀘어,37.6299571,127.0555019,편의점
"서울특별시 노원구 상계동 387-213번지 101,102호",37.6580939,127.0709871,편의점
서울특별시 노원구 공릉동 89-1번지 대덕프라자,37.6208105,127.0836023,편의점
"서울특별시 노원구 하계동 276-12번지 삼성씨티빌 103,104호",37.6336949,127.0706808,편의점
서울특별시 노원구 공릉동 240-16 1층,37.6216993,127.0822867,커피숍
서울특별시 노원구 하계동 284번지 세이브존 지하1층,37.6378658,127.068707,커피숍
"서울특별시 노원구 상계동 1262번지 하이베라스 133,134",37.6791891,127.0549866,커피숍
서울특별시 노원구 공릉동 320-106번지 1층,37.6214432,127.0784402,커피숍
서울특별시 노원구 공릉동 589-16번지 1층,37.6215196,127.0778963,커피숍
서울특별시 노원구 공릉동 172 서울과학기술대학교,37.6316684,127.0774813,커피숍
서울특별시 노원구 공릉동 172 서울과학기술대학교,37.6316684,127.0774813,커피숍
서울특별시 노원구 공릉동 172 서울과학기술대학교,37.6316684,127.0774813,커피숍
서울특별시 노원구 월계동 333-1번지 월계이마트,37.626501,127.061849,커피숍
서울특별시 노원구 공릉동 236-1번지 지하1층,37.6243682,127.0807361,커피숍
"서울특별시 노원구 공릉동 389-12번지 지하1,1,2층",37.6274266,127.0760487,커피숍
서울특별시 노원구 하계동 168-2번지 101호,37.6357361,127.0733258,커피숍
서울특별시 노원구 상계동 459-6번지,37.6657964,127.066749,커피숍
서울특별시 노원구 상계동 966-15 상계청소년문화의집,37.6711427,127.0566688,커피숍
서울특별시 노원구 상계동 1068번지 상계5지역중앙하이츠아파트 상가동 104호,37.660566,127.073202,편의점
서울특별시 노원구 상계동 1102-29번지,37.6752197,127.0530676,커피숍
서울특별시 노원구 상계동 1139-2번지,37.6784276,127.0533817,편의점
서울특별시 노원구 공릉동 597-34,37.6207346,127.0743243,커피숍
서울특별시 노원구 상계동 709-2 메가빌딩 103호,37.6542478,127.0590425,커피숍
서울특별시 노원구 공릉동 499-25번지 공릉1동주민센터,37.6247794,127.0737641,커피숍
서울특별시 노원구 상계동 389-597,37.6604984,127.069368,패스트푸드
서울특별시 노원구 상계동 1023-1번지 유성상가 6호,37.6730063,127.0559731,패스트푸드
서울특별시 노원구 공릉동 208-24번지 102호,37.6272906,127.0787945,패스트푸드
서울특별시 노원구 상계동 1132-28번지 수락네스트죤 105호,37.6780496,127.0541981,편의점
서울특별시 노원구 중계동 360-9번지 두타빌 B동 124호,37.649542,127.0763583,커피숍
서울특별시 노원구 중계동 360-13번지 위성프라자 103호,37.6482011,127.0762923,편의점
서울특별시 노원구 월계동 936번지 월계문화복지센터,37.624237,127.0507579,커피숍
서울특별시 노원구 상계동 169-461번지,37.6611267,127.070846,커피숍
서울특별시 노원구 하계동 274-1번지 웅천종합상가 402호,37.6331257,127.0711863,커피숍
서울특별시 노원구 중계동 366-9번지 스카이타워 105호,37.6515579,127.077432,커피숍
서울특별시 노원구 중계동 360-6번지 중계중흥빌딩,37.645112,127.06411,커피숍
서울특별시 노원구 상계동 749-3번지 롯데프라자빌딩 202호,37.6507205,127.0618756,커피숍
서울특별시 노원구 공릉동 172 서울과학기술대학교,37.6316684,127.0774813,커피숍
서울특별시 노원구 중계동 509번지 2001아울렛,37.6413039,127.0679877,커피숍
서울특별시 노원구 중계동 591번지 대호프라자,37.6597473,127.0731798,커피숍
서울특별시 노원구 하계동 168-2,37.6357361,127.0733258,편의점
서울특별시 노원구 상계동 730-3번지 다모아빌딩 114호,37.6518002,127.0608789,편의점
서울특별시 노원구 상계동 326-8,37.6560294,127.0647549,커피숍
서울특별시 노원구 상계동 735-4 청화빌딩,37.6531808,127.0586253,커피숍
서울특별시 노원구 상계동 670-2 상계주공아파트 9단지상가,37.6503103,127.0666406,편의점
서울특별시 노원구 월계동 320-9번지 사슴아파트상가동 107호,37.6325655,127.0609172,커피숍
서울특별시 노원구 월계동 274-34번지 1층,37.6317939,127.0579248,커피숍
서울특별시 노원구 상계동 151-4 흥봉빌딩,37.6641356,127.06993,편의점
서울특별시 노원구 공릉동 653-1번지,37.6191936,127.0784643,커피숍
서울특별시 노원구 월계동 383-4번지,37.6228276,127.0601704,패스트푸드
서울특별시 노원구 중계동 364-20 그린코아상가,37.6499887,127.0770075,커피숍
서울특별시 노원구 공릉동 714 삼익아파트상가,37.6268904,127.0819299,편의점
서울특별시 노원구 중계동 369-7번지 주공2단지아파트 106호,37.6571045,127.0779954,편의점
서울특별시 노원구 상계동 135-72번지,37.6649585,127.069034,편의점
서울특별시 노원구 상계동 735-2번지 대성빌딩 1층 5호,37.6530889,127.0582112,커피숍
서울특별시 노원구 상계동 1115-6번지,37.6773489,127.0557818,편의점
서울특별시 노원구 월계동 845-5번지 성진빌딩 101호,37.6269962,127.0503638,커피숍
서울특별시 노원구 월계동 929번지 현대아파트 분산상가,37.6185577,127.0628764,편의점
서울특별시 노원구 상계동 169-179번지,37.6607142,127.0712082,편의점
서울특별시 노원구 월계동 469-3번지 금혁빌딩 101호,37.6190666,127.0576031,패스트푸드
서울특별시 노원구 공릉동 441-22,37.6277394,127.0777745,패스트푸드
서울특별시 노원구 공릉동 254번지 우성아파트 상가동 205호,37.6245531,127.0848004,커피숍
서울특별시 노원구 공릉동 120번지,37.6246338,127.0892413,커피숍
서울특별시 노원구 상계동 436-3번지 지하1층,37.6611845,127.0673291,커피숍
서울특별시 노원구 공릉동 506-29번지,37.6253685,127.0771693,커피숍
서울특별시 노원구 하계동 284번지 세이브존,37.6378658,127.068707,커피숍
서울특별시 노원구 공릉동 90-1번지 해중빌딩,37.622143,127.0863716,커피숍
서울특별시 노원구 상계동 358-6 2층,37.6578726,127.062723,커피숍
서울특별시 노원구 상계동 205-4번지 한국성서대학교,37.6486885,127.0642073,커피숍
서울특별시 노원구 월계동 429-9번지,37.6205067,127.0626681,편의점
서울특별시 노원구 중계동 154-22번지,37.6601481,127.0744519,커피숍
서울특별시 노원구 공릉동 509-37번지 동양빌딩,37.6244461,127.0759861,패스트푸드
서울특별시 노원구 월계동 290-1번지,37.6298151,127.0588466,편의점
서울특별시 노원구 중계동 161-2번지 중앙하이츠아파트,37.6586712,127.0766064,커피숍
서울특별시 노원구 상계동 337 다나플라자,37.6610587,127.0667121,커피숍
서울특별시 노원구 월계동 333-1 월계트레이더스,37.6273402,127.0618582,커피숍
서울특별시 노원구 상계동 77-116번지,37.6686257,127.0816515,커피숍
서울특별시 노원구 상계동 1049-94번지 1층,37.6738195,127.0538074,커피숍
서울특별시 노원구 상계동 603-2번지 하이웰빙상가,37.6570026,127.0618733,편의점
서울특별시 노원구 상계동 387-94번지 종합건설회사,37.6573862,127.070151,편의점
서울특별시 노원구 중계동 107-18 1층,37.6516199,127.081958,편의점
서울특별시 노원구 상계동 169-129 상계약국,37.6752457,127.0850671,편의점
서울특별시 노원구 상계동 1132-63번지 대성빌딩,37.6475933,127.081126,커피숍
서울특별시 노원구 상계동 1008-31 현피아노,37.6741304,127.0579512,커피숍
서울특별시 노원구 공릉동 350-24번지,37.6248688,127.0778598,커피숍
서울특별시 노원구 상계동 693-1번지 노원프라자빌딩,37.6559143,127.0608756,커피숍
서울특별시 노원구 상계동 372-16 1~2층,37.6566669,127.066444,커피숍
서울특별시 노원구 월계동 333-1번지 월계이마트,37.626501,127.061849,커피숍
서울특별시 노원구 상계동 749-7번지,37.6494079,127.0623309,커피숍
서울특별시 노원구 상계동 734-4 동방빌딩,37.6535534,127.0587925,패스트푸드
서울특별시 노원구 중계동 366번지 중계종합상가,37.645112,127.06411,커피숍
서울특별시 노원구 상계동 617번지 화랑상가 나동 104호,37.6556813,127.0623264,커피숍
서울특별시 노원구 월계동 947번지 롯데캐슬루나아파트,37.6265468,127.0497923,커피숍
서울특별시 노원구 상계동 651-7번지 합동빌딩,37.6650797,127.0573201,커피숍
서울특별시 노원구 상계동 1289번지 상계불암대림아파트,37.6631637,127.0771238,편의점
서울특별시 노원구 월계동 46-1 103호,37.6152839,127.0651295,커피숍
서울특별시 노원구 상계동 617번지 화랑빌딩,37.6557476,127.0622921,편의점
서울특별시 노원구 상계동 1279번지 중앙하이츠아파트,37.6537412,127.0689054,편의점
서울특별시 노원구 상계동 323-13번지 대국빌딩,37.6553588,127.0645141,커피숍
서울특별시 노원구 상계동 1120-40번지,37.6760034,127.0563778,커피숍
서울특별시 노원구 상계동 1305번지 동양메이저아파트,37.6574697,127.0640141,커피숍
서울특별시 노원구 공릉동 398-23번지 1층 우측,37.6245191,127.0729237,커피숍
서울특별시 노원구 상계동 651-7번지 합동빌딩,37.6650797,127.0573201,커피숍
서울특별시 노원구 중계동 140-1번지 2층,37.6617484,127.075208,커피숍
서울특별시 노원구 상계동 603-14번지 대유빌딩 109호,37.6563587,127.0617644,커피숍
서울특별시 노원구 중계동 84-61,37.649898,127.081201,커피숍
서울특별시 노원구 하계동 224-9번지 시립노원청소년직업체험센터,37.6415605,127.0730979,커피숍
서울특별시 노원구 공릉동 494-15번지 영진빌딩,37.6240017,127.0731808,커피숍
서울특별시 노원구 상계동 651-2번지 삼전빌딩,37.6668295,127.0568201,커피숍
서울특별시 노원구 상계동 364-30번지,37.6585241,127.0644657,편의점
서울특별시 노원구 상계동 637-1번지 상계주공아파트(13단지),37.6503103,127.0666406,편의점
서울특별시 노원구 상계동 183번지 성지빌딩,37.6550087,127.0709305,편의점
서울특별시 노원구 상계동 357-2번지 금호프라자,37.6570253,127.0627087,편의점
서울특별시 노원구 월계동 411-13,37.6212402,127.0610959,편의점
서울특별시 노원구 중계동 359-15번지 조충빌딩,37.6508775,127.0756868,편의점
서울특별시 노원구 월계동 406번지 준빌딩,37.6213074,127.05946,커피숍
서울특별시 노원구 상계동 1285번지 동아불암아파트,37.6669564,127.0796885,커피숍
서울특별시 노원구 월계동 402-18번지,37.6206952,127.0586527,커피숍
서울특별시 노원구 중계동 107-10번지,37.6511784,127.0814251,편의점
서울특별시 노원구 공릉동 236-8번지,37.6243539,127.081116,편의점
서울특별시 노원구 월계동 466번지 광운대학교,37.6201425,127.0573459,편의점
서울특별시 노원구 중계동 364-3번지 노원문화예술회관,37.6501995,127.0802507,커피숍
"서울특별시 노원구 월계동 18번지 그랑빌아파트 주상가동 1동 124,호",37.6187065,127.067056,편의점
서울특별시 노원구 중계동 509-2번지 홈플러스,37.6399182,127.0686084,커피숍
서울특별시 노원구 상계동 1118-53번지 윤일빌딩,37.6756548,127.0550133,커피숍
서울특별시 노원구 중계동 364-24번지 오성프라자,37.6504487,127.0777705,커피숍
서울특별시 노원구 공릉동 91번지 청솔8단지,37.6135312,127.0949846,편의점
서울특별시 노원구 하계동 354번지 학여울청구아파트,37.6363492,127.0613398,편의점
서울특별시 노원구 공릉동 593-3번지 드림데시앙,37.6210994,127.0754781,커피숍
서울특별시 노원구 상계동 1262 하이베라스,37.6791891,127.0549866,커피숍
서울특별시 노원구 상계동 630번지 청수빌딩,37.6679221,127.05904,커피숍
서울특별시 노원구 공릉동 584-10 연세빌딩 102-2호,37.6221298,127.0757103,커피숍
서울특별시 노원구 공릉동 598-17번지,37.6196552,127.0735211,편의점
서울특별시 노원구 중계동 361번지 롯데마트,37.647217,127.070235,커피숍
서울특별시 노원구 상계동 1260번지 수락산우체국,37.6796658,127.0548241,커피숍
서울특별시 노원구 공릉동 120-2번지,37.6244192,127.0893595,커피숍
서울특별시 노원구 하계동 72-18 우리아트홈 1층,37.6360782,127.0750944,커피숍
서울특별시 노원구 공릉동 670-20 노원 프레미어스 엠코,37.6184228,127.0761631,커피숍
서울특별시 노원구 공릉동 270-65번지,37.6204506,127.0812312,커피숍
서울특별시 노원구 월계동 12번지 월계삼호아파트,37.6265223,127.0641587,편의점
서울특별시 노원구 공릉동 441-26번지 오성빌딩,37.6273118,127.0776317,커피숍
서울특별시 노원구 상계동 389-371번지,37.6601842,127.0680536,커피숍
서울특별시 노원구 공릉동 740번지 대아아파트 제상가동 101호,37.6239894,127.0790201,커피숍
서울특별시 노원구 월계동 472-45 3층,37.618081,127.0574256,커피숍
서울특별시 노원구 공릉동 609-9 201호,37.618195,127.0727448,커피숍
서울특별시 노원구 공릉동 439-2 우림고시원,37.6288897,127.076364,편의점
서울특별시 노원구 상계동 456-136 소망한의원,37.6645353,127.0665768,커피숍
서울특별시 노원구 공릉동 120-5번지,37.6239954,127.089699,편의점
서울특별시 노원구 공릉동 172 서울과학기술대학교 1층 일부,37.6316684,127.0774813,커피숍
서울특별시 노원구 하계동 273 선덕유치원,37.6330283,127.0670978,커피숍
서울특별시 노원구 상계동 1117-68번지 은혜선교유아교실,37.6765771,127.056032,편의점
서울특별시 노원구 상계동 729번지 노원역 7호선,37.6535077,127.0608068,편의점
서울특별시 노원구 월계동 633-31번지 월계센트럴아이파크,37.6294811,127.0572916,커피숍
"서울특별시 노원구 월계동 633-31 1층 104,105,106호",37.6380564,127.0503032,커피숍
서울특별시 노원구 상계동 767-5번지 가 상가,37.6467584,127.0595441,편의점
서울특별시 노원구 월계동 410-7번지 동우빌딩 1층 일부,37.622833,127.0606835,커피숍
서울특별시 노원구 하계동 72-19 1층 좌측호(102호),37.6361677,127.0752138,커피숍
서울특별시 노원구 월계동 442-2번지 101호,37.6177869,127.0602166,편의점
서울특별시 노원구 월계동 322-1번지 성원아파트 104호,37.6294153,127.062514,편의점
서울특별시 노원구 중계동 507-3번지 중계근린공원내,37.639833,127.0657644,커피숍
서울특별시 노원구 공릉동 678-2번지 공릉가로공원내,37.6173359,127.0760696,커피숍
서울특별시 노원구 중계동 587번지 양지대림아파트,37.651038,127.0699099,편의점
서울특별시 노원구 공릉동 513-47 1층 일부 가운데,37.6244331,127.0757301,커피숍
서울특별시 노원구 공릉동 26-106번지 삼육대학교 바울관,37.6426667,127.1070937,커피숍
서울특별시 노원구 공릉동 746번지 화랑해링턴플레이스아파트 상가동 103호,37.623863,127.0812356,커피숍
서울특별시 노원구 상계동 155-11번지 예원피아노,37.6668466,127.056826,편의점
서울특별시 노원구 월계동 333-1번지 월계이마트,37.626501,127.061849,커피숍
서울특별시 노원구 중계동 599번지 극동의푸른별 2차아파트,37.6587475,127.0774017,편의점
서울특별시 노원구 공릉동 320-103번지,37.6217177,127.0783091,커피숍
서울특별시 노원구 공릉동 240-247,37.6206706,127.0827007,커피숍
서울특별시 노원구 상계동 1117-56번지 1층 101호,37.6771025,127.0565332,커피숍
"서울특별시 노원구 상계동 593-2번지 동원빌딩 7,8호",37.6569543,127.0624784,커피숍
서울특별시 노원구 상계동 331-8번지 LC빌딩,37.6555959,127.0639878,커피숍
서울특별시 노원구 공릉동 561-1번지,37.6231798,127.0763521,편의점
서울특별시 노원구 상계동 701-1번지 노원구청,37.6541639,127.0566603,커피숍
서울특별시 노원구 상계동 389-374번지,37.6599814,127.0683071,커피숍
서울특별시 노원구 상계동 624 상계주공15단지아파트 1층,37.6686255,127.0533712,커피숍
서울특별시 노원구 공릉동 422-2,37.6273276,127.079437,커피숍
서울특별시 노원구 월계동 473-19 형설고시원독서실,37.6171695,127.0599649,커피숍
서울특별시 노원구 상계동 1313-4 상계율림,37.6865749,127.0525715,커피숍
서울특별시 노원구 상계동 1118-38 한올빌딩,37.6762233,127.054843,커피숍
서울특별시 노원구 상계동 683,37.6642242,127.0649958,편의점
서울특별시 노원구 하계동 273-5 하계역,37.6352525,127.0685278,커피숍
서울특별시 노원구 상계동 451-11,37.6654192,127.0674172,커피숍
서울특별시 노원구 중계동 359-1 중계5단지주공아파트,37.645112,127.06411,커피숍
서울특별시 노원구 중계동 141,37.6607795,127.0745238,커피숍
서울특별시 노원구 공릉동 584-2,37.6223626,127.0756533,커피숍
서울특별시 노원구 중계동 360-9 두타빌,37.649542,127.0763583,커피숍
서울특별시 노원구 공릉동 240-249,37.6207776,127.0829427,커피숍
서울특별시 노원구 중계동 584-1 삼창타워프라자,37.659053,127.0726521,커피숍
서울특별시 노원구 상계동 363-2 천우빌딩,37.6644118,127.0700727,커피숍
서울특별시 노원구 상계동 749-5 상계주공4단지아파트,37.6503103,127.0666406,커피숍
서울특별시 노원구 상계동 434-47,37.6606365,127.066647,편의점
서울특별시 노원구 상계동 85-33 상계역센트럴푸르지오,37.6647951,127.0738954,편의점
서울특별시 노원구 상계동 111 당고개역,37.6700795,127.0785679,커피숍
서울특별시 노원구 공릉동 385-4 공릉역,37.625762,127.0727485,편의점
서울특별시 노원구 상계동 726-1 일신상가,37.6538312,127.0617367,커피숍
서울특별시 노원구 상계동 705-1 덕화빌딩,37.6540456,127.0579993,커피숍
서울특별시 노원구 공릉동 285-2 화랑대역 6호선,37.6201696,127.0843884,편의점
서울특별시 노원구 상계동 1101-32,37.6751933,127.0521017,편의점
서울특별시 노원구 월계동 947 롯데캐슬루나아파트,37.6265468,127.0497923,커피숍
서울특별시 노원구 상계동 749-5 상계주공4단지아파트,37.6503103,127.0666406,편의점
서울특별시 노원구 상계동 581-6 동진상가,37.6593861,127.0615421,커피숍
서울특별시 노원구 공릉동 415-58,37.6246592,127.0789731,커피숍
서울특별시 노원구 상계동 397-4 사용빌딩,37.6582057,127.0660962,편의점
서울특별시 노원구 상계동 169-42 임오아트빌,37.6627296,127.071262,커피숍
서울특별시 노원구 공릉동 633-13,37.6199779,127.0777701,커피숍
서울특별시 노원구 월계동 943 세양청마루아파트,37.620722,127.0606638,커피숍
서울특별시 노원구 상계동 680 포레나노원,37.6647038,127.0615193,편의점
서울특별시 노원구 하계동 153-27 꿈나무유치원,37.6337227,127.0724306,커피숍
서울특별시 노원구 상계동 101-149,37.6677238,127.0788663,편의점
서울특별시 노원구 중계동 산 101-45,37.6550153,127.0818067,커피숍
서울특별시 노원구 중계동 453 노원수학문화관,37.6578378,127.0724399,커피숍
서울특별시 노원구 상계동 680 포레나노원,37.6647038,127.0615193,패스트푸드
서울특별시 노원구 중계동 90-16,37.6500515,127.0829091,커피숍
서울특별시 노원구 공릉동 312-4 우성빌딩,37.62839,127.070181,커피숍
서울특별시 노원구 중계동 84-8 홍원빌딩,37.650082,127.0812626,커피숍
서울특별시 노원구 중계동 361 롯데마트,37.647217,127.070235,패스트푸드
서울특별시 노원구 중계동 360-15 와이키즈,37.6485878,127.0742954,편의점
서울특별시 노원구 상계동 389-356 경인빌딩,37.659169,127.0707369,커피숍
서울특별시 노원구 월계동 26-11,37.6155896,127.0665233,커피숍
서울특별시 노원구 상계동 443-9,37.6619787,127.0684225,편의점
서울특별시 노원구 하계동 256 중계주공9단지아파트,37.6428883,127.0737358,커피숍
서울특별시 노원구 상계동 606-12 노원스퀘어,37.6551856,127.0623669,커피숍
서울특별시 노원구 공릉동 561-37 명승화운트,37.6229836,127.0769579,커피숍
서울특별시 노원구 중계동 506 브라운스톤중계,37.6399359,127.0642574,커피숍
서울특별시 노원구 상계동 330-29 소담빌,37.6570179,127.0617489,편의점
서울특별시 노원구 공릉동 208-5,37.6274642,127.0785765,커피숍
서울특별시 노원구 중계동 506 브라운스톤중계,37.6399359,127.0642574,커피숍
서울특별시 노원구 월계동 12 월계삼호아파트,37.6265223,127.0641587,커피숍
서울특별시 노원구 상계동 666-3 상계주공아파트(10단지) 종합상가,37.6629991,127.05545,커피숍
서울특별시 노원구 공릉동 441-92 우은빌딩,37.6268617,127.0775725,커피숍
서울특별시 노원구 중계동 515-3 중계주공1단지아파트,37.6478283,127.0655587,편의점
서울특별시 노원구 중계동 236-3,37.6537129,127.0734238,편의점
서울특별시 노원구 상계동 728-5 상계동 국민은행,37.6517461,127.0616573,커피숍
서울특별시 노원구 상계동 624 상계주공15단지아파트,37.6686255,127.0533712,커피숍
서울특별시 노원구 상계동 349-53 지현빌딩,37.657322,127.065016,커피숍
서울특별시 노원구 상계동 717-1 노원빌딩,37.6565199,127.0632658,패스트푸드
서울특별시 노원구 월계동 379-50,37.6237262,127.060039,편의점
서울특별시 노원구 공릉동 567-1 서창빌딩,37.6229289,127.0741953,편의점
서울특별시 노원구 중계동 366-6 중계그랜드프라자,37.6508596,127.0770963,커피숍
서울특별시 노원구 상계동 713 롯데백화점,37.6539831,127.0606197,커피숍
서울특별시 노원구 공릉동 90-4 우토파크프라자,37.6218823,127.0865752,패스트푸드
서울특별시 노원구 상계동 1035-9 노원구청소년상담복지센터,37.6713853,127.0549767,커피숍
서울특별시 노원구 중계동 509-1 씨앤미복합빌딩,37.6407349,127.068151,커피숍
서울특별시 노원구 하계동 153-3,37.6342653,127.0720447,패스트푸드
서울특별시 노원구 상계동 320-1 양지유치원,37.6552478,127.0696803,커피숍
서울특별시 노원구 공릉동 577-13,37.6214957,127.0750072,커피숍
서울특별시 노원구 상계동 616-4 화랑상가,37.6556636,127.0628767,커피숍
서울특별시 노원구 중계동 90-41 불암대중사우나,37.6498525,127.0830065,커피숍
서울특별시 노원구 중계동 27-57 본향교회,37.6432425,127.0835677,커피숍
서울특별시 노원구 공릉동 653-8,37.6192095,127.0792949,커피숍
"서울특별시 노원구 중계동 364 동진,신안아파트",37.649657,127.0782777,커피숍
서울특별시 노원구 상계동 68-104,37.6710644,127.0831115,편의점
서울특별시 노원구 상계동 367-11,37.6571482,127.0659675,커피숍
서울특별시 노원구 중계동 359-9 마들플라자,37.6517036,127.076762,패스트푸드
서울특별시 노원구 상계동 651-4 동남빌딩,37.6586772,127.068986,편의점
서울특별시 노원구 월계동 26-13 석계문고,37.615336,127.0666539,커피숍
서울특별시 노원구 공릉동 661-5 그린힐,37.6186101,127.077544,커피숍
서울특별시 노원구 상계동 1318 노원 아이파크,37.6599612,127.068985,커피숍
서울특별시 노원구 상계동 1258 희성오피앙,37.6805541,127.0548996,커피숍
서울특별시 노원구 상계동 173-1 벽산아파트,37.6609972,127.0724021,커피숍
서울특별시 노원구 공릉동 424-2,37.6274909,127.0780546,패스트푸드
서울특별시 노원구 공릉동 575-10,37.6211691,127.0730148,커피숍
서울특별시 노원구 상계동 321-12,37.6556782,127.068348,편의점
서울특별시 노원구 상계동 430-4 동서약국,37.6616738,127.0659221,편의점
서울특별시 노원구 상계동 1258 희성오피앙,37.6805541,127.0548996,커피숍
서울특별시 노원구 상계동 197-3 덕산빌딩,37.6522454,127.0699553,커피숍
서울특별시 노원구 상계동 716 금정빌딩,37.6548486,127.0619133,커피숍
서울특별시 노원구 상계동 1282 상계2차중앙하이츠아파트,37.6549617,127.0683084,편의점
서울특별시 노원구 상계동 629 대원유치원,37.6677461,127.0587366,편의점
서울특별시 노원구 상계동 713 롯데백화점,37.6539831,127.0606197,커피숍
서울특별시 노원구 하계동 170-44,37.6356564,127.0712019,커피숍
서울특별시 노원구 월계동 405-20 월계아랑빌딩,37.6218076,127.0603111,커피숍
서울특별시 노원구 하계동 354 학여울청구아파트,37.6363492,127.0613398,편의점
서울특별시 노원구 상계동 65-36,37.6695145,127.0790147,커피숍
서울특별시 노원구 상계동 649-1 다래빌딩,37.6669962,127.0574589,커피숍
서울특별시 노원구 상계동 651-6 백산빌딩,37.6654408,127.0571812,커피숍
서울특별시 노원구 상계동 1132-15 수락월드,37.6717375,127.0554832,커피숍
서울특별시 노원구 공릉동 517-31,37.6233621,127.0740721,커피숍
서울특별시 노원구 상계동 1021-14 채선당,37.6714689,127.056344,패스트푸드
서울특별시 노원구 공릉동 379-31,37.6265028,127.0712708,커피숍
서울특별시 노원구 중계동 43-36,37.6458859,127.0824097,편의점
서울특별시 노원구 상계동 140-148 유창조명,37.66447,127.0740104,커피숍
서울특별시 노원구 공릉동 379-27 타이어 프로,37.6263916,127.0722976,편의점
서울특별시 노원구 월계동 534-194,37.6238944,127.0541945,커피숍
서울특별시 노원구 공릉동 29-4,37.6244911,127.0931031,커피숍
서울특별시 노원구 상계동 107-1482,37.6663596,127.0798895,커피숍
서울특별시 노원구 하계동 166-6,37.6366395,127.0739551,커피숍
서울특별시 노원구 월계동 390-10,37.6224129,127.058858,커피숍
서울특별시 노원구 상계동 1118,37.6759879,127.0550024,커피숍
서울특별시 노원구 월계동 25-2 석계역 6호선,37.6150815,127.0657675,편의점
서울특별시 노원구 상계동 173-1 벽산아파트,37.6609972,127.0724021,편의점
서울특별시 노원구 중계동 364-19 삼부프라자,37.6492209,127.0769575,커피숍
서울특별시 노원구 월계동 333-1 월계이마트,37.626501,127.061849,패스트푸드
서울특별시 노원구 공릉동 395-8 노원새마을금고,37.6645246,127.0765682,커피숍
서울특별시 노원구 중계동 84-36 중계약국,37.6498043,127.0819848,커피숍
서울특별시 노원구 하계동 256-8 삼화빌딩,37.6391161,127.0751565,패스트푸드
서울특별시 노원구 상계동 730-3 다모아빌딩,37.6649964,127.0580145,커피숍
서울특별시 노원구 상계동 169-457 민지유치원,37.661402,127.0704809,커피숍
서울특별시 노원구 상계동 135 한신1차아파트,37.6660798,127.0686245,커피숍
서울특별시 노원구 월계동 951 월계센트럴아이파크아파트,37.6303027,127.0573512,편의점
서울특별시 노원구 중계동 592 벽산아파트,37.6542909,127.0735576,편의점
"서울특별시 노원구 하계동 271-3 극동,건영,벽산아파트",37.6349161,127.064099,편의점
서울특별시 노원구 공릉동 621-1 수정아트,37.6199457,127.0758143,편의점
서울특별시 노원구 중계동 359-10 영광프라자,37.6515201,127.076658,패스트푸드
서울특별시 노원구 중계동 434-19,37.6568416,127.0742638,패스트푸드
서울특별시 노원구 중계동 509-1 씨앤미복합빌딩,37.6407349,127.068151,커피숍
서울특별시 노원구 월계동 392-44,37.6215451,127.0579417,편의점
서울특별시 노원구 공릉동 575-1,37.6217734,127.0728074,편의점
서울특별시 노원구 상계동 169-31 광세당약국,37.6605933,127.0714652,커피숍
서울특별시 노원구 월계동 68-65,37.61664,127.0645638,커피숍
서울특별시 노원구 월계동 276-18,37.6311732,127.0582071,편의점
서울특별시 노원구 공릉동 126 서울여자대학교,37.6281126,127.0904568,편의점
서울특별시 노원구 중계동 360-12 새롬스타빌,37.6484948,127.0763004,커피숍
서울특별시 노원구 공릉동 392-24,37.626849,127.0764873,편의점
서울특별시 노원구 상계동 407-40,37.6603696,127.0663658,커피숍
서울특별시 노원구 공릉동 708 라이프2단지상가,37.6306675,127.0679034,편의점
서울특별시 노원구 상계동 639-1 보람아파트2단지,37.664735,127.064591,커피숍
서울특별시 노원구 월계동 18 그랑빌아파트,37.6159753,37.6159753,커피숍
서울특별시 노원구 공릉동 622,37.6196117,127.0767787,커피숍
서울특별시 노원구 공릉동 345-3,37.6240179,127.0794362,커피숍
서울특별시 노원구 공릉동 108 우방아파트,37.6266495,127.0873143,편의점
서울특별시 노원구 상계동 761-1 상계백병원,37.6485082,127.0631429,커피숍
서울특별시 노원구 공릉동 420-2 공릉동평화타운,37.6213588,127.0767343,커피숍
서울특별시 노원구 상계동 389-329,37.6601524,127.0685726,커피숍
서울특별시 노원구 상계동 1310 비콘드림힐아파트,37.6584698,127.0759574,커피숍
서울특별시 노원구 상계동 651 11단지종합상가,37.665688,127.0557151,커피숍
서울특별시 노원구 상계동 720-7 마상가,37.654261,127.066997,커피숍
서울특별시 노원구 공릉동 617-3,37.6194672,127.0755657,커피숍
서울특별시 노원구 월계동 26-23,37.6157514,127.0666232,커피숍
서울특별시 노원구 중계동 434-18,37.6568798,127.0743915,커피숍
서울특별시 노원구 하계동 170-14,37.6360353,127.0723858,커피숍
서울특별시 노원구 공릉동 126 서울여자대학교,37.6281126,127.0904568,편의점
서울특별시 노원구 공릉동 230 태릉해링턴플레이스,37.6249769,127.0817616,편의점
서울특별시 노원구 공릉동 683-24,37.6183372,127.0744465,편의점
서울특별시 노원구 월계동 406 준빌딩,37.6213074,127.05946,편의점
서울특별시 노원구 상계동 389-237,37.6588864,127.0674075,커피숍
서울특별시 노원구 공릉동 670-20 노원 프레미어스 엠코,37.6184228,127.0761631,커피숍
서울특별시 노원구 상계동 701-1 노원구청,37.6541639,127.0566603,커피숍
서울특별시 노원구 공릉동 238-25,37.6233302,127.0804386,편의점
서울특별시 노원구 상계동 602-5 노원역 4호선,37.654527,127.060551,커피숍
서울특별시 노원구 중계동 366-11 노블씨티빌딩,37.6518595,127.0777074,커피숍
서울특별시 노원구 중계동 506 브라운스톤중계,37.6399359,127.0642574,커피숍
서울특별시 노원구 하계동 170-45,37.6357922,127.0715446,커피숍
서울특별시 노원구 공릉동 107-138,37.6247123,127.0894582,커피숍
서울특별시 노원구 공릉동 248-23,37.6224705,127.0824813,커피숍
서울특별시 노원구 공릉동 633-1 노원중앙교회,37.620258,127.077346,커피숍
서울특별시 노원구 공릉동 238-21 빈들에풍성한교회,37.6237048,127.0793459,커피숍
서울특별시 노원구 공릉동 172 서울과학기술대학교,37.6316684,127.0774813,커피숍
서울특별시 노원구 공릉동 568-1 CU편의점,37.6252206,127.0733887,편의점
서울특별시 노원구 상계동 647 상계주공12단지아파트,37.6652071,127.0591262,편의점
서울특별시 노원구 상계동 456-55 코럴빌딩,37.6639295,127.0662693,커피숍
서울특별시 노원구 공릉동 680-10,37.6184173,127.075007,커피숍
서울특별시 노원구 상계동 1264 은빛3단지아파트 108호,37.6828275,127.0565974,커피숍
서울특별시 노원구 하계동 273 선덕유치원,37.6330283,127.0670978,커피숍
서울특별시 노원구 중계동 107-51,37.6511165,127.0818402,커피숍
서울특별시 노원구 상계동 936-2 미네르바빌딩,37.6710511,127.0529592,커피숍
서울특별시 노원구 상계동 729 노원역 7호선,37.6535077,127.0608068,커피숍
서울특별시 노원구 중계동 606-2,37.6585912,127.0735904,커피숍
서울특별시 노원구 하계동 256-9,37.6392594,127.0748028,커피숍
서울특별시 노원구 상계동 1285 동아불암아파트,37.6669564,127.0796885,편의점
서울특별시 노원구 공릉동 513-39,37.6250544,127.0754522,커피숍
서울특별시 노원구 중계동 359-10 영광프라자,37.6515201,127.076658,커피숍
서울특별시 노원구 상계동 1285 동아불암아파트,37.6669564,127.0796885,커피숍
서울특별시 노원구 중계동 84-8 홍원빌딩,37.650082,127.0812626,편의점
서울특별시 노원구 상계동 454,37.6646067,127.0673801,편의점
서울특별시 노원구 상계동 713 롯데백화점,37.6539831,127.0606197,커피숍
서울특별시 노원구 상계동 456-129,37.6651931,127.0665093,커피숍
서울특별시 노원구 공릉동 81 분산상가,37.6302524,127.0694461,편의점
서울특별시 노원구 공릉동 670-20 노원 프레미어스 엠코,37.6184228,127.0761631,커피숍
서울특별시 노원구 중계동 137-14 보경속셈학원,37.6622872,127.0755966,커피숍
서울특별시 노원구 중계동 593 삼성아파트,37.6488322,127.0830958,커피숍
서울특별시 노원구 상계동 713 롯데백화점,37.6539831,127.0606197,커피숍
서울특별시 노원구 공릉동 575-3,37.6215831,127.0728677,커피숍
서울특별시 노원구 하계동 166-10 메카,37.6362006,127.0744636,커피숍
서울특별시 노원구 상계동 1019-10,37.6725946,127.0570516,커피숍
서울특별시 노원구 상계동 764-1 하라프라자센타,37.646721,127.0625701,커피숍
서울특별시 노원구 하계동 256-13 삼정 이오니아,37.6398509,127.0739204,커피숍
서울특별시 노원구 상계동 581-171,37.6578823,127.0615967,커피숍
서울특별시 노원구 상계동 709-2 메가빌딩,37.6542478,127.0590425,커피숍
서울특별시 노원구 하계동 256-12 욱현하이브,37.6396847,127.0741172,편의점
서울특별시 노원구 월계동 940 동원베네스트,37.6317428,127.0583476,편의점
서울특별시 노원구 상계동 173-1 벽산아파트,37.6609972,127.0724021,편의점
서울특별시 노원구 월계동 445 삼창아파트상가,37.6181778,127.0592496,편의점
서울특별시 노원구 공릉동 506-20,37.6253609,127.0770324,커피숍
서울특별시 노원구 공릉동 517-2 희래하이츠,37.6240782,127.0753434,커피숍
서울특별시 노원구 상계동 680 포레나노원,37.6647038,127.0615193,커피숍
서울특별시 노원구 중계동 142-47,37.660306,127.0738795,커피숍
서울특별시 노원구 공릉동 670-20 노원 프레미어스 엠코,37.6184228,127.0761631,커피숍
서울특별시 노원구 공릉동 437-4 공릉동비발디캐슬,37.6294758,127.0760443,커피숍
서울특별시 노원구 공릉동 170-2 한국전력공사 인재개발원,37.6315007,127.0847007,커피숍
서울특별시 노원구 중계동 509-1 씨앤미복합빌딩,37.6407349,127.068151,커피숍
서울특별시 노원구 중계동 360-9 두타빌,37.649542,127.0763583,커피숍
서울특별시 노원구 중계동 506 브라운스톤중계,37.6399359,127.0642574,커피숍
서울특별시 노원구 공릉동 120-4 공릉동 진성빌딩,37.6220297,127.0723476,커피숍
서울특별시 노원구 상계동 1132-102,37.6775697,127.0555695,커피숍
서울특별시 노원구 상계동 1132-144 수락프라자,37.6774464,127.0550713,패스트푸드
서울특별시 노원구 상계동 1107-129,37.6763906,127.0520908,커피숍
서울특별시 노원구 상계동 172 상계대림아파트,37.6594415,127.0572092,편의점
서울특별시 노원구 공릉동 670-20 노원 프레미어스 엠코,37.6184228,127.0761631,편의점
서울특별시 노원구 하계동 256-8 삼화빌딩,37.6391161,127.0751565,커피숍
서울특별시 노원구 공릉동 산 230-30,37.6377963,127.1104991,커피숍
서울특별시 노원구 중계동 143 우암에이스타워,37.6601362,127.0751796,커피숍
서울특별시 노원구 상계동 49-3,37.6715163,127.0835062,커피숍
서울특별시 노원구 중계동 361 롯데마트,37.647217,127.070235,커피숍
서울특별시 노원구 상계동 603-14 대유빌딩,37.6563587,127.0617644,커피숍
서울특별시 노원구 상계동 693-4 동익빌딩,37.6561859,127.0614912,편의점
서울특별시 노원구 공릉동 622,37.6196117,127.0767787,커피숍
서울특별시 노원구 공릉동 산 230-30,37.6377963,127.1104991,패스트푸드
서울특별시 노원구 상계동 389-356 경인빌딩,37.659169,127.0707369,커피숍
서울특별시 노원구 상계동 730-4,37.651547,127.0609469,커피숍
서울특별시 노원구 공릉동 421-19 현대프라자,37.6268785,127.079495,커피숍
서울특별시 노원구 하계동 279-5 을지병원,37.6359915,127.0705126,커피숍
서울특별시 노원구 공릉동 380-33,37.6255874,127.0705784,커피숍
서울특별시 노원구 월계동 447-1 광운대학교,37.6197029,127.0596708,커피숍
서울특별시 노원구 상계동 194-20,37.653344,127.0708362,커피숍
서울특별시 노원구 상계동 1132-2 1층,37.677189,127.0556632,커피숍
서울특별시 노원구 하계동 284 세이브존 지하1층,37.6378658,127.068707,커피숍
서울특별시 노원구 월계동 635-4 그랑디오피스텔,37.6288897,127.0575433,커피숍
서울특별시 노원구 공릉동 586-5,37.6223318,127.0766175,커피숍
서울특별시 노원구 중계동 578 현대그룹중계동주택조합2차(아),37.6478437,127.0846471,커피숍
서울특별시 노원구 상계동 140-185,37.6642023,127.073048,커피숍
서울특별시 노원구 하계동 256 중계주공9단지아파트,37.6428883,127.0737358,편의점
서울특별시 노원구 하계동 251 하계1차청구아파트,37.6390554,127.0721805,커피숍
서울특별시 노원구 공릉동 622,37.6196117,127.0767787,커피숍
서울특별시 노원구 공릉동 383-12 건양오피스텔,37.6252572,127.0716336,커피숍
서울특별시 노원구 월계동 383-19,37.6227495,127.0596279,커피숍
서울특별시 노원구 상계동 666-3 상계주공아파트(10단지),37.6629991,127.05545,커피숍
서울특별시 노원구 중계동 364-3 노원문화예술회관,37.6501995,127.0802507,커피숍
서울특별시 노원구 공릉동 126 서울여자대학교,37.6281126,127.0904568,커피숍
서울특별시 노원구 상계동 72-34 병창빌딩,37.670274,127.0820675,커피숍
서울특별시 노원구 상계동 75-20,37.6696972,127.0808979,패스트푸드
서울특별시 노원구 상계동 437 1층 좌측,37.661067,127.0684242,커피숍
서울특별시 노원구 중계동 58-34 이연아마빌레,37.6465866,127.0826437,커피숍
서울특별시 노원구 상계동 67-7,37.6705662,127.0816224,편의점
서울특별시 노원구 상계동 735 노원평생교육원,37.6529979,127.057987,커피숍
"서울특별시 노원구 중계동 364 동진,신안아파트",37.649657,127.0782777,커피숍
서울특별시 노원구 하계동 251-9 노원 에너지제로 주택,37.6382757,127.073093,편의점
서울특별시 노원구 상계동 966-1 송현빌딩,37.6706901,127.05657,커피숍
서울특별시 노원구 상계동 1313-2,37.6869316,127.0528593,커피숍
서울특별시 노원구 중계동 501-9,37.6430009,127.0616774,커피숍
서울특별시 노원구 공릉동 345-3,37.6240179,127.0794362,커피숍
서울특별시 노원구 공릉동 340-15 베에스다피아노학원,37.6233684,127.0797719,커피숍
서울특별시 노원구 중계동 359-9 마들플라자,37.6517036,37.6517036,커피숍
서울특별시 노원구 공릉동 750 녹주아파트,37.6205021,127.0727921,편의점
서울특별시 노원구 중계동 506 브라운스톤중계,37.6399359,127.0642574,커피숍
서울특별시 노원구 상계동 767-4,37.647755,127.0577479,편의점
서울특별시 노원구 상계동 1276 청암2단지아파트 상가동 104호,37.6630526,127.0786792,커피숍
서울특별시 노원구 상계동 456-82 성은주택,37.6639845,127.0667429,커피숍
서울특별시 노원구 상계동 603-14 대유빌딩,37.6563587,127.0617644,커피숍
서울특별시 노원구 상계동 140-191,37.6642196,127.0743396,커피숍
서울특별시 노원구 공릉동 440-16 도곡빌딩,37.62914,127.0767637,커피숍
서울특별시 노원구 상계동 406-5 102호,37.6601106,127.0665611,커피숍
서울특별시 노원구 상계동 751-1 상계주공4단지아파트,37.6503103,127.0666406,편의점
서울특별시 노원구 중계동 360-11 하나프라자빌딩,37.6487757,127.076317,커피숍
"서울특별시 노원구 월계동 648 인덕대학교,인덕과학기술고등학교",37.6313747,127.0555547,커피숍
서울특별시 노원구 중계동 364-19 삼부프라자 119호,37.6492209,127.0769575,편의점